nomfichier;E_NUM_INTERNE;E_NUM_TICKET;E_DATE_TICKET;E_HEURE_TICKET;E_HT1;E_HT2;E_HT3;E_HT4;E_TVA1;E_TVA2;E_TVA3;E_TVA4;E_HT_NON_TAXABLE;E_TTC;E_MDP_CB;E_MDP_ESPECES;E_MDP_CHEQUES
EJ310123.TXT;004517;003562;20230102;11:25;249.17;;;;49.83;;;;;299.00;299.00;;
EJ310123.TXT;004518;003563;20230102;12:34;208.33;;;;41.67;;;;;250.00;;250.00;
EJ310123.TXT;004519;003564;20230102;16:36;483.33;;;;96.67;;;;;580.00;;580.00;
EJ310123.TXT;004520;003565;20230103;15:02;720.83;;;;144.17;;;;;865.00;;865.00;
EJ310123.TXT;004521;003566;20230103;15:03;144.17;;;;28.83;;;;;173.00;;173.00;
EJ310123.TXT;004522;003567;20230103;15:19;823.33;;;;164.67;;;;;988.00;;988.00;
EJ310123.TXT;004523;003568;20230103;15:19;823.33;;;;164.67;;;;;988.00;;988.00;
EJ310123.TXT;004524;003569;20230103;15:45;1450.00;;;;290.00;;;;;1740.00;1740.00;;
EJ310123.TXT;004525;003570;20230103;16:16;498.33;;;;99.67;;;;;598.00;598.00;;
EJ310123.TXT;004526;003571;20230104;10:54;725.00;;;;145.00;;;;;870.00;;870.00;
EJ310123.TXT;004527;003572;20230106;11:36;37.50;;;;7.50;;;;;45.00;;45.00;
EJ310123.TXT;004528;003573;20230106;13:56;498.33;;;;99.67;;;;;598.00;;598.00;
EJ310123.TXT;004529;003574;20230106;17:29;5035.00;;;;1007.00;;;;;6042.00;;;6042.00
EJ310123.TXT;004530;003575;20230107;15:33;581.67;;;;116.33;;;;;698.00;698.00;;
EJ310123.TXT;004531;003576;20230107;16:22;540.00;;;;108.00;;;;;648.00;648.00;;
EJ310123.TXT;004532;003577;20230109;15:13;648.33;;;;129.67;;;;;778.00;;778.00;
EJ310123.TXT;004533;003578;20230109;15:42;288.33;;;;57.67;;;;;346.00;;346.00;
EJ310123.TXT;004534;003579;20230110;15:49;483.33;;;;96.67;;;;;580.00;;580.00;
EJ310123.TXT;004535;003580;20230110;15:49;483.33;;;;96.67;;;;;580.00;;580.00;
EJ310123.TXT;004536;003581;20230112;15:51;522.50;;;;104.50;;;;;627.00;;627.00;
EJ310123.TXT;004537;003582;20230112;18:15;747.50;;;;149.50;;;;;897.00;;897.00;
EJ310123.TXT;004538;003583;20230112;18:15;249.17;;;;49.83;;;;;299.00;;299.00;
EJ310123.TXT;004539;003584;20230112;18:52;725.00;;;;145.00;;;;;870.00;;870.00;
EJ310123.TXT;004540;003585;20230113;10:29;582.50;;;;116.50;;;;;699.00;;699.00;
EJ310123.TXT;004541;003586;20230113;10:29;582.50;;;;116.50;;;;;699.00;;699.00;
EJ310123.TXT;004542;003587;20230113;14:36;747.50;;;;149.50;;;;;897.00;;897.00;
EJ310123.TXT;004543;003588;20230113;15:42;181.67;;;;36.33;;;;;218.00;;218.00;
EJ310123.TXT;004544;003589;20230113;15:43;144.17;;;;28.83;;;;;173.00;;173.00;
EJ310123.TXT;004545;003590;20230113;16:03;249.17;;;;49.83;;;;;299.00;;299.00;
EJ310123.TXT;004546;003591;20230113;16:04;208.33;;;;41.67;;;;;250.00;;250.00;
EJ310123.TXT;004547;003592;20230114;15:12;747.50;;;;149.50;;;;;897.00;;897.00;
EJ310123.TXT;004548;003593;20230116;11:27;747.50;;;;149.50;;;;;897.00;;897.00;
EJ310123.TXT;004549;003594;20230116;11:27;747.50;;;;149.50;;;;;897.00;;897.00;
EJ310123.TXT;004550;003595;20230116;11:28;747.50;;;;149.50;;;;;897.00;;897.00;
EJ310123.TXT;004551;003596;20230116;11:28;747.50;;;;149.50;;;;;897.00;;897.00;
EJ310123.TXT;004552;003597;20230116;11:42;581.67;;;;116.33;;;;;698.00;;698.00;
EJ310123.TXT;004553;003598;20230116;11:44;581.67;;;;116.33;;;;;698.00;;698.00;
EJ310123.TXT;004554;003599;20230116;11:45;581.67;;;;116.33;;;;;698.00;;698.00;
EJ310123.TXT;004555;003600;20230116;12:07;350.00;;;;70.00;;;;;420.00;420.00;;
EJ310123.TXT;004556;003601;20230116;16:10;288.33;;;;57.67;;;;;346.00;;346.00;
EJ310123.TXT;004557;003602;20230116;18:23;299.17;;;;59.83;;;;;359.00;;359.00;
EJ310123.TXT;004558;003603;20230116;18:25;299.17;;;;59.83;;;;;359.00;359.00;;
EJ310123.TXT;004559;003604;20230117;12:25;581.67;;;;116.33;;;;;698.00;;698.00;
EJ310123.TXT;004560;003605;20230117;12:25;581.67;;;;116.33;;;;;698.00;;698.00;
EJ310123.TXT;004561;003606;20230117;12:25;581.67;;;;116.33;;;;;698.00;;698.00;
EJ310123.TXT;004562;003607;20230117;15:31;37.50;;;;7.50;;;;;45.00;;45.00;
EJ310123.TXT;004563;003608;20230118;11:13;166.67;;;;33.33;;;;;200.00;;200.00;
EJ310123.TXT;004564;003609;20230118;12:09;581.67;;;;116.33;;;;;698.00;;698.00;
EJ310123.TXT;004565;003610;20230118;12:10;299.17;;;;59.83;;;;;359.00;;359.00;
EJ310123.TXT;004566;003611;20230118;15:26;598.33;;;;119.67;;;;;718.00;;718.00;
EJ310123.TXT;004567;003612;20230118;15:26;598.33;;;;119.67;;;;;718.00;;718.00;
EJ310123.TXT;004568;003613;20230118;15:27;290.83;;;;58.17;;;;;349.00;;349.00;
EJ310123.TXT;004569;003614;20230118;17:26;115.83;;;;23.17;;;;;139.00;139.00;;
EJ310123.TXT;004570;003615;20230118;18:12;598.33;;;;119.67;;;;;718.00;;718.00;
EJ310123.TXT;004571;003616;20230118;18:16;598.33;;;;119.67;;;;;718.00;718.00;;
EJ310123.TXT;004572;003617;20230118;18:18;175.00;;;;35.00;;;;;210.00;;210.00;
EJ310123.TXT;004573;003618;20230118;18:22;75.00;;;;15.00;;;;;90.00;;90.00;
EJ310123.TXT;004574;003619;20230119;15:50;299.17;;;;59.83;;;;;359.00;;359.00;
EJ310123.TXT;004575;003620;20230119;16:56;299.17;;;;59.83;;;;;359.00;359.00;;
EJ310123.TXT;004576;003621;20230119;18:15;582.50;;;;116.50;;;;;699.00;;699.00;
EJ310123.TXT;004577;003622;20230119;18:15;582.50;;;;116.50;;;;;699.00;;699.00;
EJ310123.TXT;004578;003623;20230120;11:51;249.17;;;;49.83;;;;;299.00;;299.00;
EJ310123.TXT;004579;003624;20230120;12:17;37.50;;;;7.50;;;;;45.00;45.00;;
EJ310123.TXT;004580;003625;20230120;12:32;725.00;;;;145.00;;;;;870.00;;870.00;
EJ310123.TXT;004581;003626;20230120;13:04;249.17;;;;49.83;;;;;299.00;299.00;;
EJ310123.TXT;004582;003627;20230120;14:32;166.67;;;;33.33;;;;;200.00;;200.00;
EJ310123.TXT;004583;003628;20230120;14:50;319.17;;;;63.83;;;;;383.00;383.00;;
EJ310123.TXT;004584;003629;20230120;15:10;175.00;;;;35.00;;;;;210.00;210.00;;
EJ310123.TXT;004585;003630;20230120;15:46;249.17;;;;49.83;;;;;299.00;299.00;;
EJ310123.TXT;004586;003631;20230120;18:22;483.33;;;;96.67;;;;;580.00;;580.00;
EJ310123.TXT;004587;003632;20230121;15:25;2100.00;;;;420.00;;;;;2520.00;2520.00;;
EJ310123.TXT;004588;003633;20230121;15:37;494.17;;;;98.83;;;;;593.00;;593.00;
EJ310123.TXT;004589;003634;20230121;15:40;747.50;;;;149.50;;;;;897.00;;897.00;
EJ310123.TXT;004590;003635;20230121;15:44;747.50;;;;149.50;;;;;897.00;;897.00;
EJ310123.TXT;004591;003636;20230121;15:46;498.33;;;;99.67;;;;;598.00;;598.00;
EJ310123.TXT;004592;003637;20230121;15:47;725.00;;;;145.00;;;;;870.00;;870.00;
EJ310123.TXT;004593;003638;20230121;15:48;702.50;;;;140.50;;;;;843.00;;843.00;
EJ310123.TXT;004594;003639;20230121;15:49;226.67;;;;45.33;;;;;272.00;;272.00;
EJ310123.TXT;004595;003640;20230121;16:04;582.50;;;;116.50;;;;;699.00;;699.00;
EJ310123.TXT;004596;003641;20230121;16:52;175.00;;;;35.00;;;;;210.00;210.00;;
EJ310123.TXT;004597;003642;20230121;18:18;249.17;;;;49.83;;;;;299.00;;299.00;
EJ310123.TXT;004598;003643;20230121;18:40;1245.83;;;;249.17;;;;;1495.00;1495.00;;
EJ310123.TXT;004599;003644;20230123;14:44;747.50;;;;149.50;;;;;897.00;;897.00;
EJ310123.TXT;004600;003645;20230123;14:45;747.50;;;;149.50;;;;;897.00;;897.00;
EJ310123.TXT;004601;003646;20230123;15:36;156.67;;;;31.33;;;;;188.00;;188.00;
EJ310123.TXT;004602;003647;20230123;15:36;725.00;;;;145.00;;;;;870.00;;870.00;
EJ310123.TXT;004603;003648;20230123;15:36;241.67;;;;48.33;;;;;290.00;;290.00;
EJ310123.TXT;004604;003649;20230123;15:36;483.33;;;;96.67;;;;;580.00;;580.00;
EJ310123.TXT;004605;003650;20230123;17:28;115.83;;;;23.17;;;;;139.00;;139.00;
EJ310123.TXT;004606;003651;20230123;17:50;249.17;;;;49.83;;;;;299.00;;299.00;
EJ310123.TXT;004607;003652;20230124;12:25;747.50;;;;149.50;;;;;897.00;;897.00;
EJ310123.TXT;004608;003653;20230124;12:27;747.50;;;;149.50;;;;;897.00;;897.00;
EJ310123.TXT;004609;003654;20230124;12:27;747.50;;;;149.50;;;;;897.00;;897.00;
EJ310123.TXT;004610;003655;20230124;12:27;747.50;;;;149.50;;;;;897.00;;897.00;
EJ310123.TXT;004611;003656;20230124;15:08;747.50;;;;149.50;;;;;897.00;;897.00;
EJ310123.TXT;004612;003657;20230124;15:08;747.50;;;;149.50;;;;;897.00;;897.00;
EJ310123.TXT;004613;003658;20230124;15:17;75.00;;;;15.00;;;;;90.00;;90.00;
EJ310123.TXT;004614;003659;20230124;15:52;498.33;;;;99.67;;;;;598.00;;598.00;
EJ310123.TXT;004615;003660;20230124;15:57;498.33;;;;99.67;;;;;598.00;598.00;;
EJ310123.TXT;004616;003661;20230124;18:33;208.33;;;;41.67;;;;;250.00;;250.00;
EJ310123.TXT;004617;003662;20230126;12:16;725.00;;;;145.00;;;;;870.00;;870.00;
EJ310123.TXT;004618;003663;20230126;12:16;241.67;;;;48.33;;;;;290.00;;290.00;
EJ310123.TXT;004619;003664;20230126;12:16;483.33;;;;96.67;;;;;580.00;;580.00;
EJ310123.TXT;004620;003665;20230126;12:23;498.33;;;;99.67;;;;;598.00;;598.00;
EJ310123.TXT;004621;003666;20230126;12:28;498.33;;;;99.67;;;;;598.00;;598.00;
EJ310123.TXT;004622;003667;20230126;14:55;963.33;;;;192.67;;;;;1156.00;1156.00;;
EJ310123.TXT;004623;003668;20230127;11:14;747.50;;;;149.50;;;;;897.00;;897.00;
EJ310123.TXT;004624;003669;20230127;16:22;249.17;;;;49.83;;;;;299.00;;299.00;
EJ310123.TXT;004625;003670;20230127;16:58;498.33;;;;99.67;;;;;598.00;598.00;;
EJ310123.TXT;004626;003671;20230127;17:40;331.67;;;;66.33;;;;;398.00;398.00;;
EJ310123.TXT;004627;003672;20230127;18:11;350.00;;;;70.00;;;;;420.00;;420.00;
EJ310123.TXT;004628;003673;20230127;18:36;144.17;;;;28.83;;;;;173.00;;173.00;
EJ310123.TXT;004629;003674;20230128;15:44;24.83;;;;4.97;;;;;29.80;;29.80;
EJ310123.TXT;004630;003675;20230128;16:02;73.33;;;;14.67;;;;;88.00;;88.00;
EJ310123.TXT;004631;003676;20230128;16:13;996.67;;;;199.33;;;;;1196.00;1196.00;;
EJ310123.TXT;004632;003677;20230128;16:51;249.17;;;;49.83;;;;;299.00;;299.00;
EJ310123.TXT;004633;003678;20230128;18:41;625.00;;;;125.00;;;;;750.00;;750.00;
EJ310123.TXT;004634;003679;20230128;18:42;625.00;;;;125.00;;;;;750.00;;750.00;
EJ310123.TXT;004635;003680;20230128;18:53;75.00;;;;15.00;;;;;90.00;;90.00;
EJ310123.TXT;004636;003681;20230130;18:18;354.17;;;;70.83;;;;;425.00;;425.00;
EJ310123.TXT;004637;003682;20230131;15:46;483.33;;;;96.67;;;;;580.00;;580.00;
EJ030323.TXT;004645;003683;20230201;13:11;144.17;;;;28.83;;;;;173.00;;173.00;
EJ030323.TXT;004646;003684;20230201;16:34;124.17;;;;24.83;;;;;149.00;149.00;;
EJ030323.TXT;004647;003685;20230201;16:39;725.00;;;;145.00;;;;;870.00;;870.00;
EJ030323.TXT;004648;003686;20230201;16:40;725.00;;;;145.00;;;;;870.00;;870.00;
EJ030323.TXT;004649;003687;20230201;16:41;166.67;;;;33.33;;;;;200.00;;200.00;
EJ030323.TXT;004650;003688;20230202;17:13;166.67;;;;33.33;;;;;200.00;;200.00;
EJ030323.TXT;004651;003689;20230202;17:30;166.67;;;;33.33;;;;;200.00;;200.00;
EJ030323.TXT;004652;003690;20230203;10:40;822.50;;;;164.50;;;;;987.00;;987.00;
EJ030323.TXT;004653;003691;20230203;11:55;166.67;;;;33.33;;;;;200.00;;200.00;
EJ030323.TXT;004654;003692;20230203;11:57;208.33;;;;41.67;;;;;250.00;;250.00;
EJ030323.TXT;004655;003693;20230203;14:51;799.17;;;;159.83;;;;;959.00;;959.00;
EJ030323.TXT;004656;003694;20230203;14:51;799.17;;;;159.83;;;;;959.00;;959.00;
EJ030323.TXT;004657;003695;20230203;14:51;733.33;;;;146.67;;;;;880.00;;880.00;
EJ030323.TXT;004658;003696;20230203;14:51;733.33;;;;146.67;;;;;880.00;;880.00;
EJ030323.TXT;004659;003697;20230203;14:51;650.00;;;;130.00;;;;;780.00;;780.00;
EJ030323.TXT;004660;003698;20230203;14:52;650.00;;;;130.00;;;;;780.00;;780.00;
EJ030323.TXT;004661;003699;20230203;16:40;190.83;;;;38.17;;;;;229.00;;229.00;
EJ030323.TXT;004662;003700;20230206;15:19;822.50;;;;164.50;;;;;987.00;987.00;;
EJ030323.TXT;004663;003701;20230206;15:46;381.67;;;;76.33;;;;;458.00;;458.00;
EJ030323.TXT;004664;003702;20230207;16:13;582.50;;;;116.50;;;;;699.00;;699.00;
EJ030323.TXT;004665;003703;20230207;16:13;582.50;;;;116.50;;;;;699.00;;699.00;
EJ030323.TXT;004666;003704;20230207;16:20;531.67;;;;106.33;;;;;638.00;;638.00;
EJ030323.TXT;004667;003705;20230207;16:29;282.50;;;;56.50;;;;;339.00;;339.00;
EJ030323.TXT;004668;003706;20230208;12:42;1063.33;;;;212.67;;;;;1276.00;1276.00;;
EJ030323.TXT;004669;003707;20230208;13:04;37.50;;;;7.50;;;;;45.00;;45.00;
EJ030323.TXT;004670;003708;20230208;16:37;1096.67;;;;219.33;;;;;1316.00;1316.00;;
EJ030323.TXT;004671;003709;20230209;11:15;548.33;;;;109.67;;;;;658.00;;658.00;
EJ030323.TXT;004672;003710;20230209;11:16;307.50;;;;61.50;;;;;369.00;;369.00;
EJ030323.TXT;004673;003711;20230209;16:22;531.67;;;;106.33;;;;;638.00;;638.00;
EJ030323.TXT;004674;003712;20230209;18:21;6380.00;;;;1276.00;;;;;7656.00;7656.00;;
EJ030323.TXT;004675;003713;20230211;16:19;75.00;;;;15.00;;;;;90.00;;90.00;
EJ030323.TXT;004676;003714;20230211;16:20;315.00;;;;63.00;;;;;378.00;;378.00;
EJ030323.TXT;004677;003715;20230213;14:39;295.00;;;;59.00;;;;;354.00;;354.00;
EJ030323.TXT;004678;003716;20230213;14:42;65.83;;;;13.17;;;;;79.00;;79.00;
EJ030323.TXT;004679;003717;20230214;12:11;274.17;;;;54.83;;;;;329.00;;329.00;
EJ030323.TXT;004680;003718;20230214;18:26;124.17;;;;24.83;;;;;149.00;149.00;;
EJ030323.TXT;004681;003719;20230217;16:29;548.33;;;;109.67;;;;;658.00;;658.00;
EJ030323.TXT;004682;003720;20230218;17:03;548.33;;;;109.67;;;;;658.00;;658.00;
EJ030323.TXT;004683;003721;20230220;10:49;457.50;;;;91.50;;;;;549.00;;549.00;
EJ030323.TXT;004684;003722;20230220;15:47;806.67;;;;161.33;;;;;968.00;;968.00;
EJ030323.TXT;004685;003723;20230220;15:51;381.67;;;;76.33;;;;;458.00;;458.00;
EJ030323.TXT;004686;003724;20230223;17:50;572.50;;;;114.50;;;;;687.00;;687.00;
EJ030323.TXT;004687;003725;20230223;18:32;381.67;;;;76.33;;;;;458.00;;458.00;
EJ030323.TXT;004688;003726;20230224;13:26;208.33;;;;41.67;;;;;250.00;;250.00;
EJ030323.TXT;004689;003727;20230224;15:56;2330.00;;;;466.00;;;;;2796.00;2796.00;;
EJ030323.TXT;004690;003728;20230224;16:46;822.50;;;;164.50;;;;;987.00;;987.00;
EJ030323.TXT;004691;003729;20230224;16:47;822.50;;;;164.50;;;;;987.00;;987.00;
EJ030323.TXT;004692;003730;20230224;16:47;797.50;;;;159.50;;;;;957.00;;957.00;
EJ030323.TXT;004693;003731;20230225;14:55;208.33;;;;41.67;;;;;250.00;;250.00;
EJ030323.TXT;004694;003732;20230225;17:06;797.50;;;;159.50;;;;;957.00;;957.00;
EJ030323.TXT;004695;003733;20230225;17:06;265.83;;;;53.17;;;;;319.00;;319.00;
EJ030323.TXT;004696;003734;20230225;17:06;531.67;;;;106.33;;;;;638.00;;638.00;
EJ030323.TXT;004697;003735;20230225;17:07;797.50;;;;159.50;;;;;957.00;;957.00;
EJ030323.TXT;004698;003736;20230225;17:07;531.67;;;;106.33;;;;;638.00;;638.00;
EJ030323.TXT;004699;003737;20230225;17:08;265.83;;;;53.17;;;;;319.00;;319.00;
EJ030323.TXT;004700;003738;20230227;11:07;73.33;;;;14.67;;;;;88.00;88.00;;
EJ030323.TXT;004701;003739;20230227;15:37;548.33;;;;109.67;;;;;658.00;658.00;;
EJ030323.TXT;004702;003740;20230228;14:53;307.50;;;;61.50;;;;;369.00;;369.00;
EJ030323.TXT;004703;003741;20230228;14:56;307.50;;;;61.50;;;;;369.00;;369.00;
EJ030323.TXT;004704;003742;20230301;11:35;65.83;;;;13.17;;;;;79.00;79.00;;
EJ030323.TXT;004705;003743;20230302;11:43;1490.00;;;;298.00;;;;;1788.00;1788.00;;
EJ030323.TXT;004706;003744;20230302;11:45;395.00;;;;79.00;;;;;474.00;;474.00;
EJ030323.TXT;004707;003745;20230302;11:47;274.17;;;;54.83;;;;;329.00;;329.00;
EJ030323.TXT;004708;003746;20230302;12:22;73.33;;;;14.67;;;;;88.00;88.00;;
EJ030323.TXT;004709;003747;20230302;13:02;1117.50;;;;223.50;;;;;1341.00;1341.00;;
EJ030323.TXT;004710;003748;20230302;13:08;1070.83;;;;214.17;;;;;1285.00;1285.00;;
EJ030323.TXT;004711;003749;20230302;13:12;1096.67;;;;219.33;;;;;1316.00;1316.00;;
EJ030323.TXT;004712;003750;20230302;13:13;1370.83;;;;274.17;;;;;1645.00;1645.00;;
EJ030323.TXT;004713;003751;20230302;15:23;196.67;;;;39.33;;;;;236.00;;236.00;
EJ030323.TXT;004714;003752;20230302;18:43;73.33;;;;14.67;;;;;88.00;88.00;;
EJ030323.TXT;004715;003753;20230303;12:41;582.50;;;;116.50;;;;;699.00;;699.00;
EJ030323.TXT;004716;003754;20230303;12:41;582.50;;;;116.50;;;;;699.00;;699.00;
EJ010423.TXT;004723;003755;20230306;11:08;98.33;;;;19.67;;;;;118.00;;118.00;
EJ010423.TXT;004724;003756;20230306;18:30;822.50;;;;164.50;;;;;987.00;;;987.00
EJ010423.TXT;004725;003757;20230307;12:32;548.33;;;;109.67;;;;;658.00;;658.00;
EJ010423.TXT;004726;003758;20230307;14:59;822.50;;;;164.50;;;;;987.00;;987.00;
EJ010423.TXT;004727;003759;20230307;14:59;822.50;;;;164.50;;;;;987.00;;987.00;
EJ010423.TXT;004728;003760;20230308;11:12;208.33;;;;41.67;;;;;250.00;;250.00;
EJ010423.TXT;004729;003761;20230308;12:20;763.33;;;;152.67;;;;;916.00;;916.00;
EJ010423.TXT;004730;003762;20230313;14:55;307.50;;;;61.50;;;;;369.00;;369.00;
EJ010423.TXT;004731;003763;20230314;15:07;797.50;;;;159.50;;;;;957.00;;957.00;
EJ010423.TXT;004732;003764;20230314;16:56;797.50;;;;159.50;;;;;957.00;;957.00;
EJ010423.TXT;004733;003765;20230314;18:58;797.50;;;;159.50;;;;;957.00;;957.00;
EJ010423.TXT;004734;003766;20230314;18:59;797.50;;;;159.50;;;;;957.00;;957.00;
EJ010423.TXT;004735;003767;20230315;17:19;797.50;;;;159.50;;;;;957.00;;957.00;
EJ010423.TXT;004736;003768;20230315;17:20;797.50;;;;159.50;;;;;957.00;;957.00;
EJ010423.TXT;004737;003769;20230315;18:30;548.33;;;;109.67;;;;;658.00;;658.00;
EJ010423.TXT;004738;003770;20230316;12:02;531.67;;;;106.33;;;;;638.00;;638.00;
EJ010423.TXT;004739;003771;20230316;18:12;274.17;;;;54.83;;;;;329.00;329.00;;
EJ010423.TXT;004740;003772;20230317;11:42;190.83;;;;38.17;;;;;229.00;;229.00;
EJ010423.TXT;004741;003773;20230318;15:04;822.50;;;;164.50;;;;;987.00;;987.00;
EJ010423.TXT;004742;003774;20230318;15:04;672.50;;;;134.50;;;;;807.00;;807.00;
EJ010423.TXT;004743;003775;20230318;15:05;747.50;;;;149.50;;;;;897.00;;897.00;
EJ010423.TXT;004744;003776;20230318;15:06;473.33;;;;94.67;;;;;568.00;;568.00;
EJ010423.TXT;004745;003777;20230318;15:07;274.17;;;;54.83;;;;;329.00;;329.00;
EJ010423.TXT;004746;003778;20230318;15:12;349.17;;;;69.83;;;;;419.00;;419.00;
EJ010423.TXT;004747;003779;20230318;15:15;208.33;;;;41.67;;;;;250.00;;250.00;
EJ010423.TXT;004748;003780;20230318;17:15;548.33;;;;109.67;;;;;658.00;658.00;;
EJ010423.TXT;004749;003781;20230318;18:23;73.33;;;;14.67;;;;;88.00;88.00;;
EJ010423.TXT;004750;003782;20230320;15:26;666.67;;;;133.33;;;;;800.00;;800.00;
EJ010423.TXT;004751;003783;20230320;15:33;166.67;;;;33.33;;;;;200.00;;200.00;
EJ010423.TXT;004752;003784;20230320;15:34;233.33;;;;46.67;;;;;280.00;;280.00;
EJ010423.TXT;004753;003785;20230321;16:56;381.67;;;;76.33;;;;;458.00;;458.00;
EJ010423.TXT;004754;003786;20230321;17:32;822.50;;;;164.50;;;;;987.00;;987.00;
EJ010423.TXT;004755;003787;20230322;12:24;208.33;;;;41.67;;;;;250.00;;250.00;
EJ010423.TXT;004756;003788;20230324;10:49;548.33;;;;109.67;;;;;658.00;658.00;;
EJ010423.TXT;004757;003789;20230324;18:19;208.33;;;;41.67;;;;;250.00;;250.00;
EJ010423.TXT;004758;003790;20230325;17:45;621.67;;;;124.33;;;;;746.00;746.00;;
EJ010423.TXT;004759;003791;20230327;10:05;531.67;;;;106.33;;;;;638.00;638.00;;
EJ010423.TXT;004760;003792;20230327;14:37;548.33;;;;109.67;;;;;658.00;658.00;;
EJ010423.TXT;004761;003793;20230327;14:57;274.17;;;;54.83;;;;;329.00;;329.00;
EJ010423.TXT;004762;003794;20230328;09:09;822.50;;;;164.50;;;;;987.00;;987.00;
EJ010423.TXT;004763;003795;20230328;12:12;797.50;;;;159.50;;;;;957.00;;957.00;
EJ010423.TXT;004764;003796;20230328;12:13;797.50;;;;159.50;;;;;957.00;;957.00;
EJ010423.TXT;004765;003797;20230329;10:57;175.00;;;;35.00;;;;;210.00;210.00;;
EJ010423.TXT;004766;003798;20230329;13:58;274.17;;;;54.83;;;;;329.00;329.00;;
EJ010423.TXT;004767;003799;20230329;14:16;822.50;;;;164.50;;;;;987.00;;987.00;
EJ010423.TXT;004768;003800;20230329;14:23;797.50;;;;159.50;;;;;957.00;;957.00;
EJ010423.TXT;004769;003801;20230329;14:29;797.50;;;;159.50;;;;;957.00;;957.00;
EJ010423.TXT;004770;003802;20230330;11:08;797.50;;;;159.50;;;;;957.00;;957.00;
EJ010423.TXT;004771;003803;20230331;09:47;797.50;;;;159.50;;;;;957.00;;957.00;
EJ010423.TXT;004772;003804;20230331;14:26;797.50;;;;159.50;;;;;957.00;;957.00;
EJ010423.TXT;004773;003805;20230331;14:33;131.67;;;;26.33;;;;;158.00;;158.00;
EJ010423.TXT;004774;003806;20230331;16:28;83.33;;;;16.67;;;;;100.00;100.00;;
EJ010423.TXT;004775;003807;20230331;16:28;15.00;;;;3.00;;;;;18.00;;18.00;
EJ020523.TXT;004783;003808;20230401;14:46;190.83;;;;38.17;;;;;229.00;229.00;;
EJ020523.TXT;004784;003809;20230403;14:30;797.50;;;;159.50;;;;;957.00;;957.00;
EJ020523.TXT;004785;003810;20230403;14:30;797.50;;;;159.50;;;;;957.00;;957.00;
EJ020523.TXT;004786;003811;20230403;17:35;531.67;;;;106.33;;;;;638.00;;638.00;
EJ020523.TXT;004787;003812;20230403;17:36;265.83;;;;53.17;;;;;319.00;;319.00;
EJ020523.TXT;004788;003813;20230403;17:36;531.67;;;;106.33;;;;;638.00;;638.00;
EJ020523.TXT;004789;003814;20230403;17:36;797.50;;;;159.50;;;;;957.00;;957.00;
EJ020523.TXT;004790;003815;20230403;17:37;265.83;;;;53.17;;;;;319.00;;319.00;
EJ020523.TXT;004791;003816;20230403;17:37;531.67;;;;106.33;;;;;638.00;;638.00;
EJ020523.TXT;004792;003817;20230403;17:37;531.67;;;;106.33;;;;;638.00;;638.00;
EJ020523.TXT;004793;003818;20230403;17:38;797.50;;;;159.50;;;;;957.00;;957.00;
EJ020523.TXT;004794;003819;20230403;17:38;265.83;;;;53.17;;;;;319.00;;319.00;
EJ020523.TXT;004795;003820;20230403;17:39;265.83;;;;53.17;;;;;319.00;;319.00;
EJ020523.TXT;004796;003821;20230404;09:08;797.50;;;;159.50;;;;;957.00;;957.00;
EJ020523.TXT;004797;003822;20230404;09:08;797.50;;;;159.50;;;;;957.00;;957.00;
EJ020523.TXT;004798;003823;20230404;09:13;307.50;;;;61.50;;;;;369.00;;369.00;
EJ020523.TXT;004799;003824;20230404;10:50;822.50;;;;164.50;;;;;987.00;;987.00;
EJ020523.TXT;004800;003825;20230404;16:48;49.17;;;;9.83;;;;;59.00;;59.00;
EJ020523.TXT;004801;003826;20230404;17:05;240.00;;;;48.00;;;;;288.00;;288.00;
EJ020523.TXT;004802;003827;20230405;11:14;531.67;;;;106.33;;;;;638.00;;638.00;
EJ020523.TXT;004803;003828;20230405;11:15;175.00;;;;35.00;;;;;210.00;;210.00;
EJ020523.TXT;004804;003829;20230405;13:55;797.50;;;;159.50;;;;;957.00;;957.00;
EJ020523.TXT;004805;003830;20230405;13:55;797.50;;;;159.50;;;;;957.00;;957.00;
EJ020523.TXT;004806;003831;20230406;10:13;797.50;;;;159.50;;;;;957.00;;957.00;
EJ020523.TXT;004807;003832;20230406;10:14;797.50;;;;159.50;;;;;957.00;;957.00;
EJ020523.TXT;004808;003833;20230406;12:09;208.33;;;;41.67;;;;;250.00;;250.00;
EJ020523.TXT;004809;003834;20230406;14:09;208.33;;;;41.67;;;;;250.00;;250.00;
EJ020523.TXT;004810;003835;20230407;09:40;797.50;;;;159.50;;;;;957.00;;957.00;
EJ020523.TXT;004811;003836;20230407;13:34;98.33;;;;19.67;;;;;118.00;118.00;;
EJ020523.TXT;004812;003837;20230407;16:11;799.17;;;;159.83;;;;;959.00;;959.00;
EJ020523.TXT;004813;003838;20230407;16:17;208.33;;;;41.67;;;;;250.00;;250.00;
EJ020523.TXT;004814;003839;20230408;16:00;98.33;;;;19.67;;;;;118.00;118.00;;
EJ020523.TXT;004815;003840;20230411;09:52;797.50;;;;159.50;;;;;957.00;;957.00;
EJ020523.TXT;004816;003841;20230412;10:11;797.50;;;;159.50;;;;;957.00;;957.00;
EJ020523.TXT;004817;003842;20230412;11:28;263.33;;;;52.67;;;;;316.00;316.00;;
EJ020523.TXT;004818;003843;20230412;11:32;398.33;;;;79.67;;;;;478.00;478.00;;
EJ020523.TXT;004819;003844;20230412;16:03;250.00;;;;50.00;;;;;300.00;;300.00;
EJ020523.TXT;004820;003845;20230412;16:03;298.33;;;;59.67;;;;;358.00;358.00;;
EJ020523.TXT;004821;003846;20230413;09:52;797.50;;;;159.50;;;;;957.00;;957.00;
EJ020523.TXT;004822;003847;20230413;11:02;797.50;;;;159.50;;;;;957.00;;957.00;
EJ020523.TXT;004823;003848;20230415;15:38;582.50;;;;116.50;;;;;699.00;699.00;;
EJ020523.TXT;004824;003849;20230415;16:43;49.17;;;;9.83;;;;;59.00;59.00;;
EJ020523.TXT;004825;003850;20230417;17:37;582.50;;;;116.50;;;;;699.00;;699.00;
EJ020523.TXT;004826;003851;20230418;17:18;274.17;;;;54.83;;;;;329.00;;329.00;
EJ020523.TXT;004827;003852;20230419;14:47;83.33;;;;16.67;;;;;100.00;;100.00;
EJ020523.TXT;004828;003853;20230419;14:47;25.00;;;;5.00;;;;;30.00;30.00;;
EJ020523.TXT;004829;003854;20230420;13:53;650.00;;;;130.00;;;;;780.00;;780.00;
EJ020523.TXT;004830;003855;20230420;13:53;799.17;;;;159.83;;;;;959.00;;959.00;
EJ020523.TXT;004831;003856;20230420;15:06;548.33;;;;109.67;;;;;658.00;658.00;;
EJ020523.TXT;004832;003857;20230421;11:10;548.33;;;;109.67;;;;;658.00;;658.00;
EJ020523.TXT;004833;003858;20230421;15:13;548.33;;;;109.67;;;;;658.00;658.00;;
EJ020523.TXT;004834;003859;20230421;16:51;274.17;;;;54.83;;;;;329.00;329.00;;
EJ020523.TXT;004835;003860;20230422;15:51;548.33;;;;109.67;;;;;658.00;658.00;;
EJ020523.TXT;004836;003861;20230424;10:05;10400.00;;;;2080.00;;;;;12480.00;12480.00;;
EJ020523.TXT;004837;003862;20230424;15:56;274.17;;;;54.83;;;;;329.00;329.00;;
EJ020523.TXT;004838;003863;20230425;15:14;500.00;;;;100.00;;;;;600.00;600.00;;
EJ020523.TXT;004839;003864;20230425;17:15;548.33;;;;109.67;;;;;658.00;658.00;;
EJ020523.TXT;004840;003865;20230426;13:46;615.00;;;;123.00;;;;;738.00;738.00;;
EJ020523.TXT;004841;003866;20230426;15:19;548.33;;;;109.67;;;;;658.00;658.00;;
EJ020523.TXT;004842;003867;20230427;14:01;531.67;;;;106.33;;;;;638.00;;638.00;
EJ020523.TXT;004843;003868;20230427;14:11;274.17;;;;54.83;;;;;329.00;329.00;;
EJ020523.TXT;004844;003869;20230427;15:33;305.00;;;;61.00;;;;;366.00;;366.00;
EJ020523.TXT;004845;003870;20230428;10:40;822.50;;;;164.50;;;;;987.00;;987.00;
EJ020523.TXT;004846;003871;20230428;10:40;822.50;;;;164.50;;;;;987.00;;987.00;
EJ020523.TXT;004847;003872;20230428;14:42;582.50;;;;116.50;;;;;699.00;;699.00;
EJ020523.TXT;004848;003873;20230428;14:42;582.50;;;;116.50;;;;;699.00;;699.00;
EJ020523.TXT;004849;003874;20230428;14:42;650.00;;;;130.00;;;;;780.00;;780.00;
EJ020523.TXT;004850;003875;20230429;11:03;715.83;;;;143.17;;;;;859.00;;859.00;
EJ020523.TXT;004851;003876;20230429;11:04;650.00;;;;130.00;;;;;780.00;;780.00;
EJ020523.TXT;004852;003877;20230429;11:05;715.83;;;;143.17;;;;;859.00;;859.00;
EJ020523.TXT;004853;003878;20230429;16:36;655.83;;;;131.17;;;;;787.00;;787.00;
EJ020523.TXT;004854;003879;20230429;16:37;739.17;;;;147.83;;;;;887.00;;887.00;
EJ010623.TXT;004862;003880;20230502;14:20;3190.00;;;;638.00;;;;;3828.00;3828.00;;
EJ010623.TXT;004863;003881;20230502;14:22;822.50;;;;164.50;;;;;987.00;;987.00;
EJ010623.TXT;004864;003882;20230502;14:23;822.50;;;;164.50;;;;;987.00;;987.00;
EJ010623.TXT;004865;003883;20230502;15:25;822.50;;;;164.50;;;;;987.00;;987.00;
EJ010623.TXT;004866;003884;20230502;15:27;822.50;;;;164.50;;;;;987.00;;987.00;
EJ010623.TXT;004867;003885;20230502;17:20;83.33;;;;16.67;;;;;100.00;100.00;;
EJ010623.TXT;004868;003886;20230505;10:55;822.50;;;;164.50;;;;;987.00;987.00;;
EJ010623.TXT;004869;003887;20230505;15:45;265.83;;;;53.17;;;;;319.00;;319.00;
EJ010623.TXT;004870;003888;20230506;16:48;274.17;;;;54.83;;;;;329.00;;329.00;
EJ010623.TXT;004871;003889;20230509;11:11;822.50;;;;164.50;;;;;987.00;;987.00;
EJ010623.TXT;004872;003890;20230509;16:33;175.00;;;;35.00;;;;;210.00;;210.00;
EJ010623.TXT;004873;003891;20230510;13:39;1845.00;;;;369.00;;;;;2214.00;2214.00;;
EJ010623.TXT;004874;003892;20230510;15:57;208.33;;;;41.67;;;;;250.00;;250.00;
EJ010623.TXT;004875;003893;20230511;14:08;797.50;;;;159.50;;;;;957.00;;957.00;
EJ010623.TXT;004876;003894;20230511;14:11;797.50;;;;159.50;;;;;957.00;;957.00;
EJ010623.TXT;004877;003895;20230511;14:53;199.17;;;;39.83;;;;;239.00;239.00;;
EJ010623.TXT;004878;003896;20230512;13:40;1645.00;;;;329.00;;;;;1974.00;1974.00;;
EJ010623.TXT;004879;003897;20230512;15:50;307.50;;;;61.50;;;;;369.00;;369.00;
EJ010623.TXT;004880;003898;20230513;14:10;274.17;;;;54.83;;;;;329.00;;329.00;
EJ010623.TXT;004881;003899;20230513;15:44;3240.00;;;;648.00;;;;;3888.00;3888.00;;
EJ010623.TXT;004882;003900;20230513;16:20;597.50;;;;119.50;;;;;717.00;717.00;;
EJ010623.TXT;004883;003901;20230515;09:23;548.33;;;;109.67;;;;;658.00;658.00;;
EJ010623.TXT;004884;003902;20230516;13:55;208.33;;;;41.67;;;;;250.00;;250.00;
EJ010623.TXT;004885;003903;20230519;11:05;24.17;;;;4.83;;;;;29.00;29.00;;
EJ010623.TXT;004886;003904;20230519;11:05;166.67;;;;33.33;;;;;200.00;200.00;;
EJ010623.TXT;004887;003905;20230519;16:50;165.00;;;;33.00;;;;;198.00;;198.00;
EJ010623.TXT;004888;003906;20230519;17:23;531.67;;;;106.33;;;;;638.00;;638.00;
EJ010623.TXT;004889;003907;20230520;14:27;797.50;;;;159.50;;;;;957.00;;957.00;
EJ010623.TXT;004890;003908;20230520;14:27;797.50;;;;159.50;;;;;957.00;;957.00;
EJ010623.TXT;004891;003909;20230520;14:28;531.67;;;;106.33;;;;;638.00;638.00;;
EJ010623.TXT;004892;003910;20230520;14:50;582.50;;;;116.50;;;;;699.00;;699.00;
EJ010623.TXT;004893;003911;20230520;14:51;3495.00;;;;699.00;;;;;4194.00;4194.00;;
EJ010623.TXT;004894;003912;20230520;14:52;582.50;;;;116.50;;;;;699.00;;699.00;
EJ010623.TXT;004895;003913;20230520;14:59;548.33;;;;109.67;;;;;658.00;658.00;;
EJ010623.TXT;004896;003914;20230523;15:25;548.33;;;;109.67;;;;;658.00;;658.00;
EJ010623.TXT;004897;003915;20230524;10:19;822.50;;;;164.50;;;;;987.00;;987.00;
EJ010623.TXT;004898;003916;20230524;10:40;190.83;;;;38.17;;;;;229.00;;229.00;
EJ010623.TXT;004899;003917;20230524;11:38;73.33;;;;14.67;;;;;88.00;88.00;;
EJ010623.TXT;004900;003918;20230525;09:11;274.17;;;;54.83;;;;;329.00;329.00;;
EJ010623.TXT;004901;003919;20230525;15:56;548.33;;;;109.67;;;;;658.00;;658.00;
EJ010623.TXT;004902;003920;20230526;09:13;548.33;;;;109.67;;;;;658.00;658.00;;
EJ010623.TXT;004903;003921;20230526;10:11;350.00;;;;70.00;;;;;420.00;;420.00;
EJ010623.TXT;004904;003922;20230527;14:23;98.33;;;;19.67;;;;;118.00;;118.00;
EJ010623.TXT;004905;003923;20230527;17:42;274.17;;;;54.83;;;;;329.00;;329.00;
EJ010623.TXT;004906;003924;20230529;15:18;381.67;;;;76.33;;;;;458.00;;458.00;
EJ010623.TXT;004907;003925;20230529;16:05;65.83;;;;13.17;;;;;79.00;79.00;;
EJ010623.TXT;004908;003926;20230531;11:07;1645.00;;;;329.00;;;;;1974.00;1974.00;;
EJ010723.TXT;004916;003927;20230601;10:44;822.50;;;;164.50;;;;;987.00;;987.00;
EJ010723.TXT;004917;003928;20230601;10:44;548.33;;;;109.67;;;;;658.00;;658.00;
EJ010723.TXT;004918;003929;20230601;10:48;131.67;;;;26.33;;;;;158.00;;158.00;
EJ010723.TXT;004919;003930;20230601;15:15;208.33;;;;41.67;;;;;250.00;;250.00;
EJ010723.TXT;004920;003931;20230603;14:59;274.17;;;;54.83;;;;;329.00;;329.00;
EJ010723.TXT;004921;003932;20230603;15:54;190.83;;;;38.17;;;;;229.00;229.00;;
EJ010723.TXT;004922;003933;20230603;16:42;822.50;;;;164.50;;;;;987.00;;987.00;
EJ010723.TXT;004923;003934;20230603;16:42;667.50;;;;133.50;;;;;801.00;;801.00;
EJ010723.TXT;004924;003935;20230603;16:52;274.17;;;;54.83;;;;;329.00;;329.00;
EJ010723.TXT;004925;003936;20230603;18:06;465.00;;;;93.00;;;;;558.00;558.00;;
EJ010723.TXT;004926;003937;20230605;15:27;822.50;;;;164.50;;;;;987.00;;987.00;
EJ010723.TXT;004927;003938;20230605;15:31;175.00;;;;35.00;;;;;210.00;;210.00;
EJ010723.TXT;004928;003939;20230606;10:02;274.17;;;;54.83;;;;;329.00;329.00;;
EJ010723.TXT;004929;003940;20230606;17:43;548.33;;;;109.67;;;;;658.00;658.00;;
EJ010723.TXT;004930;003941;20230607;10:00;797.50;;;;159.50;;;;;957.00;;957.00;
EJ010723.TXT;004931;003942;20230607;10:00;797.50;;;;159.50;;;;;957.00;;957.00;
EJ010723.TXT;004932;003943;20230613;14:33;548.33;;;;109.67;;;;;658.00;;658.00;
EJ010723.TXT;004933;003944;20230614;15:01;548.33;;;;109.67;;;;;658.00;658.00;;
EJ010723.TXT;004934;003945;20230617;16:58;548.33;;;;109.67;;;;;658.00;658.00;;
EJ010723.TXT;004935;003946;20230619;12:41;822.50;;;;164.50;;;;;987.00;;987.00;
EJ010723.TXT;004936;003947;20230619;12:41;548.33;;;;109.67;;;;;658.00;;658.00;
EJ010723.TXT;004937;003948;20230619;12:42;274.17;;;;54.83;;;;;329.00;;329.00;
EJ010723.TXT;004938;003949;20230619;12:42;548.33;;;;109.67;;;;;658.00;;658.00;
EJ010723.TXT;004939;003950;20230619;12:42;274.17;;;;54.83;;;;;329.00;;329.00;
EJ010723.TXT;004940;003951;20230619;12:42;822.50;;;;164.50;;;;;987.00;;987.00;
EJ010723.TXT;004941;003952;20230619;16:23;190.83;;;;38.17;;;;;229.00;229.00;;
EJ010723.TXT;004942;003953;20230619;16:25;307.50;;;;61.50;;;;;369.00;369.00;;
EJ010723.TXT;004943;003954;20230620;09:50;797.50;;;;159.50;;;;;957.00;;957.00;
EJ010723.TXT;004944;003955;20230620;14:24;274.17;;;;54.83;;;;;329.00;329.00;;
EJ010723.TXT;004945;003956;20230620;15:04;65.83;;;;13.17;;;;;79.00;79.00;;
EJ010723.TXT;004946;003957;20230621;09:24;208.33;;;;41.67;;;;;250.00;;250.00;
EJ010723.TXT;004947;003958;20230621;10:16;125.00;;;;25.00;;;;;150.00;;150.00;
EJ010723.TXT;004948;003959;20230621;10:17;65.83;;;;13.17;;;;;79.00;79.00;;
EJ010723.TXT;004949;003960;20230621;12:06;500.00;;;;100.00;;;;;600.00;600.00;;
EJ010723.TXT;004950;003961;20230622;09:51;65.83;;;;13.17;;;;;79.00;79.00;;
EJ010723.TXT;004951;003962;20230626;11:49;548.33;;;;109.67;;;;;658.00;658.00;;
EJ010723.TXT;004952;003963;20230627;10:14;548.33;;;;109.67;;;;;658.00;;658.00;
EJ010723.TXT;004953;003964;20230627;10:15;548.33;;;;109.67;;;;;658.00;;658.00;
EJ010723.TXT;004954;003965;20230627;10:56;822.50;;;;164.50;;;;;987.00;;987.00;
EJ010723.TXT;004955;003966;20230627;11:04;822.50;;;;164.50;;;;;987.00;;987.00;
EJ010723.TXT;004956;003967;20230627;11:04;822.50;;;;164.50;;;;;987.00;;987.00;
EJ010723.TXT;004957;003968;20230627;11:05;822.50;;;;164.50;;;;;987.00;;987.00;
EJ010723.TXT;004958;003969;20230627;11:05;822.50;;;;164.50;;;;;987.00;;987.00;
EJ010723.TXT;004959;003970;20230627;11:12;208.33;;;;41.67;;;;;250.00;;250.00;
EJ010723.TXT;004960;003971;20230630;13:37;49.17;;;;9.83;;;;;59.00;;59.00;
EJ010723.TXT;004961;003972;20230630;13:38;49.17;;;;9.83;;;;;59.00;;59.00;
EJ010723.TXT;004962;003973;20230701;14:46;822.50;;;;164.50;;;;;987.00;987.00;;
EJ010823.TXT;004970;003974;20230701;16:34;822.50;;;;164.50;;;;;987.00;987.00;;
EJ010823.TXT;004971;003975;20230703;15:51;274.17;;;;54.83;;;;;329.00;;329.00;
EJ010823.TXT;004972;003976;20230704;15:19;822.50;;;;164.50;;;;;987.00;;987.00;
EJ010823.TXT;004973;003977;20230706;10:21;739.17;;;;147.83;;;;;887.00;887.00;;
EJ010823.TXT;004974;003978;20230706;12:21;274.17;;;;54.83;;;;;329.00;;329.00;
EJ010823.TXT;004975;003979;20230706;16:59;208.33;;;;41.67;;;;;250.00;;250.00;
EJ010823.TXT;004976;003980;20230707;13:41;822.50;;;;164.50;;;;;987.00;987.00;;
EJ010823.TXT;004977;003981;20230708;15:51;1063.33;;;;212.67;;;;;1276.00;1276.00;;
EJ010823.TXT;004978;003982;20230710;09:45;548.33;;;;109.67;;;;;658.00;;658.00;
EJ010823.TXT;004979;003983;20230710;11:59;548.33;;;;109.67;;;;;658.00;658.00;;
EJ010823.TXT;004980;003984;20230710;14:42;274.17;;;;54.83;;;;;329.00;329.00;;
EJ010823.TXT;004981;003985;20230710;15:00;723.33;;;;144.67;;;;;868.00;;868.00;
EJ010823.TXT;004982;003986;20230717;15:20;822.50;;;;164.50;;;;;987.00;;987.00;
EJ010823.TXT;004983;003987;20230718;16:07;822.50;;;;164.50;;;;;987.00;;987.00;
EJ010823.TXT;004984;003988;20230718;16:07;822.50;;;;164.50;;;;;987.00;;987.00;
EJ010823.TXT;004985;003989;20230719;10:33;548.33;;;;109.67;;;;;658.00;;658.00;
EJ010823.TXT;004986;003990;20230719;11:23;822.50;;;;164.50;;;;;987.00;;987.00;
EJ010823.TXT;004987;003991;20230719;11:23;822.50;;;;164.50;;;;;987.00;;987.00;
EJ010823.TXT;004988;003992;20230719;13:53;548.33;;;;109.67;;;;;658.00;658.00;;
EJ010823.TXT;004989;003993;20230721;15:09;825.00;;;;165.00;;;;;990.00;;990.00;
EJ010823.TXT;004990;003994;20230721;15:15;548.33;;;;109.67;;;;;658.00;;658.00;
EJ010823.TXT;004991;003995;20230724;09:30;548.33;;;;109.67;;;;;658.00;;658.00;
EJ010823.TXT;004992;003996;20230724;17:10;2261.67;;;;452.33;;;;;2714.00;2714.00;;
EJ010823.TXT;004993;003997;20230725;11:14;208.33;;;;41.67;;;;;250.00;;250.00;
EJ010823.TXT;004994;003998;20230725;15:16;208.33;;;;41.67;;;;;250.00;;250.00;
EJ010823.TXT;004995;003999;20230727;14:18;822.50;;;;164.50;;;;;987.00;;987.00;
EJ010823.TXT;004996;004000;20230727;14:20;797.50;;;;159.50;;;;;957.00;;957.00;
EJ010823.TXT;004997;004001;20230727;14:21;797.50;;;;159.50;;;;;957.00;;957.00;
EJ010823.TXT;004998;004002;20230727;15:42;1096.67;;;;219.33;;;;;1316.00;1316.00;;
EJ010823.TXT;004999;004003;20230729;11:01;649.17;;;;129.83;;;;;779.00;;779.00;
EJ010823.TXT;005000;004004;20230729;11:04;797.50;;;;159.50;;;;;957.00;;957.00;
EJ010823.TXT;005001;004005;20230729;11:05;797.50;;;;159.50;;;;;957.00;;957.00;
EJ010823.TXT;005002;004006;20230729;11:23;1096.67;;;;219.33;;;;;1316.00;1316.00;;
EJ010823.TXT;005003;004007;20230729;11:24;1096.67;;;;219.33;;;;;1316.00;1316.00;;
EJ010823.TXT;005004;004008;20230729;16:15;274.17;;;;54.83;;;;;329.00;329.00;;
EJ010823.TXT;005005;004009;20230729;17:17;274.17;;;;54.83;;;;;329.00;;329.00;
EJ010823.TXT;005006;004010;20230731;15:27;381.67;;;;76.33;;;;;458.00;;458.00;
EJ010823.TXT;005007;004011;20230731;15:28;381.67;;;;76.33;;;;;458.00;;458.00;
EJ010923.TXT;005015;004012;20230802;13:41;548.33;;;;109.67;;;;;658.00;;658.00;
EJ010923.TXT;005016;004013;20230804;16:38;740.00;;;;148.00;;;;;888.00;;888.00;
EJ010923.TXT;005017;004014;20230804;16:38;816.67;;;;163.33;;;;;980.00;;980.00;
EJ010923.TXT;005018;004015;20230804;16:38;574.17;;;;114.83;;;;;689.00;;689.00;
EJ010923.TXT;005019;004016;20230805;15:09;208.33;;;;41.67;;;;;250.00;;250.00;
EJ010923.TXT;005020;004017;20230805;16:10;548.33;;;;109.67;;;;;658.00;;658.00;
EJ010923.TXT;005021;004018;20230808;13:43;548.33;;;;109.67;;;;;658.00;;658.00;
EJ010923.TXT;005022;004019;20230809;10:47;208.33;;;;41.67;;;;;250.00;;250.00;
EJ010923.TXT;005023;004020;20230810;12:05;822.50;;;;164.50;;;;;987.00;;987.00;
EJ010923.TXT;005024;004021;20230810;12:05;822.50;;;;164.50;;;;;987.00;;987.00;
EJ010923.TXT;005025;004022;20230812;16:34;548.33;;;;109.67;;;;;658.00;658.00;;
EJ010923.TXT;005026;004023;20230814;15:37;274.17;;;;54.83;;;;;329.00;;329.00;
EJ010923.TXT;005027;004024;20230816;11:32;148.33;;;;29.67;;;;;178.00;178.00;;
EJ010923.TXT;005028;004025;20230816;17:21;156.67;;;;31.33;;;;;188.00;;188.00;
EJ010923.TXT;005029;004026;20230818;14:19;274.17;;;;54.83;;;;;329.00;329.00;;
EJ010923.TXT;005030;004027;20230821;10:03;1645.00;;;;329.00;;;;;1974.00;1974.00;;
EJ010923.TXT;005031;004028;20230822;16:54;733.33;;;;146.67;;;;;880.00;;880.00;
EJ010923.TXT;005032;004029;20230822;16:55;832.50;;;;166.50;;;;;999.00;;999.00;
EJ010923.TXT;005033;004030;20230823;10:16;648.33;;;;129.67;;;;;778.00;;778.00;
EJ010923.TXT;005034;004031;20230823;16:41;274.17;;;;54.83;;;;;329.00;;329.00;
EJ010923.TXT;005035;004032;20230825;14:40;208.33;;;;41.67;;;;;250.00;;250.00;
EJ010923.TXT;005036;004033;20230825;16:32;548.33;;;;109.67;;;;;658.00;658.00;;
EJ010923.TXT;005037;004034;20230828;11:45;398.33;;;;79.67;;;;;478.00;478.00;;
EJ010923.TXT;005038;004035;20230829;14:18;208.33;;;;41.67;;;;;250.00;;250.00;
EJ010923.TXT;005039;004036;20230829;14:45;581.67;;;;116.33;;;;;698.00;;698.00;
EJ010923.TXT;005040;004037;20230829;14:46;581.67;;;;116.33;;;;;698.00;;698.00;
EJ010923.TXT;005041;004038;20230829;14:47;581.67;;;;116.33;;;;;698.00;;698.00;
EJ010923.TXT;005042;004039;20230829;15:32;548.33;;;;109.67;;;;;658.00;;658.00;
EJ010923.TXT;005043;004040;20230829;15:58;822.50;;;;164.50;;;;;987.00;;987.00;
EJ010923.TXT;005044;004041;20230829;15:58;274.17;;;;54.83;;;;;329.00;;329.00;
EJ010923.TXT;005045;004042;20230829;16:11;648.33;;;;129.67;;;;;778.00;;778.00;
EJ010923.TXT;005046;004043;20230829;16:11;648.33;;;;129.67;;;;;778.00;;778.00;
EJ010923.TXT;005047;004044;20230830;15:04;548.33;;;;109.67;;;;;658.00;;658.00;
EJ010923.TXT;005048;004045;20230831;15:52;866.67;;;;173.33;;;;;1040.00;1040.00;;
EJ010923.TXT;005049;004046;20230831;16:18;822.50;;;;164.50;;;;;987.00;;987.00;
EJ010923.TXT;005050;004047;20230831;16:19;822.50;;;;164.50;;;;;987.00;;987.00;
EJ010923.TXT;005051;004048;20230831;17:12;822.50;;;;164.50;;;;;987.00;;987.00;
EJ010923.TXT;005052;004049;20230831;17:13;274.17;;;;54.83;;;;;329.00;;329.00;
EJ010923.TXT;005053;004050;20230901;17:41;274.17;;;;54.83;;;;;329.00;;329.00;
EJ011023.TXT;005061;004051;20230901;19:18;0.83;;;;0.17;;;;;1.00;;1.00;
EJ011023.TXT;005062;004052;20230902;14:54;274.17;;;;54.83;;;;;329.00;329.00;;
EJ011023.TXT;005063;004053;20230902;15:37;274.17;;;;54.83;;;;;329.00;;329.00;
EJ011023.TXT;005064;004054;20230902;17:12;548.33;;;;109.67;;;;;658.00;658.00;;
EJ011023.TXT;005065;004055;20230904;14:00;124.17;;;;24.83;;;;;149.00;;149.00;
EJ011023.TXT;005066;004056;20230905;17:27;646.67;;;;129.33;;;;;776.00;776.00;;
EJ011023.TXT;005067;004057;20230906;14:21;1595.00;;;;319.00;;;;;1914.00;1914.00;;
EJ011023.TXT;005068;004058;20230906;14:23;822.50;;;;164.50;;;;;987.00;;987.00;
EJ011023.TXT;005069;004059;20230906;14:23;274.17;;;;54.83;;;;;329.00;;329.00;
EJ011023.TXT;005070;004060;20230907;10:21;531.67;;;;106.33;;;;;638.00;;638.00;
EJ011023.TXT;005071;004061;20230908;09:54;414.17;;;;82.83;;;;;497.00;497.00;;
EJ011023.TXT;005072;004062;20230909;13:44;199.17;;;;39.83;;;;;239.00;239.00;;
EJ011023.TXT;005073;004063;20230911;16:23;1595.00;;;;319.00;;;;;1914.00;1914.00;;
EJ011023.TXT;005074;004064;20230911;16:24;822.50;;;;164.50;;;;;987.00;;987.00;
EJ011023.TXT;005075;004065;20230911;16:25;822.50;;;;164.50;;;;;987.00;;987.00;
EJ011023.TXT;005076;004066;20230912;15:03;274.17;;;;54.83;;;;;329.00;;329.00;
EJ011023.TXT;005077;004067;20230912;15:25;190.83;;;;38.17;;;;;229.00;229.00;;
EJ011023.TXT;005078;004068;20230913;13:42;313.33;;;;62.67;;;;;376.00;;376.00;
EJ011023.TXT;005079;004069;20230913;16:36;156.67;;;;31.33;;;;;188.00;;188.00;
EJ011023.TXT;005080;004070;20230914;10:07;208.33;;;;41.67;;;;;250.00;;250.00;
EJ011023.TXT;005081;004071;20230914;10:34;232.42;;;;46.48;;;;;278.90;;278.90;
EJ011023.TXT;005082;004072;20230914;10:41;199.17;;;;39.83;;;;;239.00;;239.00;
EJ011023.TXT;005083;004073;20230915;09:30;797.50;;;;159.50;;;;;957.00;;957.00;
EJ011023.TXT;005084;004074;20230915;09:54;787.50;;;;157.50;;;;;945.00;;945.00;
EJ011023.TXT;005085;004075;20230915;09:55;787.50;;;;157.50;;;;;945.00;;945.00;
EJ011023.TXT;005086;004076;20230915;10:05;495.00;;;;99.00;;;;;594.00;;594.00;
EJ011023.TXT;005087;004077;20230916;16:14;531.67;;;;106.33;;;;;638.00;638.00;;
EJ011023.TXT;005088;004078;20230918;11:07;66.33;;;;13.27;;;;;79.60;;79.60;
EJ011023.TXT;005089;004079;20230918;14:18;548.33;;;;109.67;;;;;658.00;658.00;;
EJ011023.TXT;005090;004080;20230918;15:58;274.17;;;;54.83;;;;;329.00;;329.00;
EJ011023.TXT;005091;004081;20230919;10:54;473.75;;;;94.75;;;;;568.50;;568.50;
EJ011023.TXT;005092;004082;20230919;10:54;473.75;;;;94.75;;;;;568.50;;568.50;
EJ011023.TXT;005093;004083;20230919;14:00;266.67;;;;53.33;;;;;320.00;320.00;;
EJ011023.TXT;005094;004084;20230919;16:46;231.67;;;;46.33;;;;;278.00;278.00;;
EJ011023.TXT;005095;004085;20230922;14:36;324.17;;;;64.83;;;;;389.00;389.00;;
EJ011023.TXT;005096;004086;20230923;15:35;548.33;;;;109.67;;;;;658.00;;658.00;
EJ011023.TXT;005097;004087;20230925;10:14;208.33;;;;41.67;;;;;250.00;;250.00;
EJ011023.TXT;005098;004088;20230925;11:41;208.33;;;;41.67;;;;;250.00;;250.00;
EJ011023.TXT;005099;004089;20230925;14:03;274.17;;;;54.83;;;;;329.00;329.00;;
EJ011023.TXT;005100;004090;20230925;16:20;548.33;;;;109.67;;;;;658.00;658.00;;
EJ011023.TXT;005101;004091;20230926;11:11;274.17;;;;54.83;;;;;329.00;329.00;;
EJ011023.TXT;005102;004092;20230927;10:34;548.33;;;;109.67;;;;;658.00;658.00;;
EJ011023.TXT;005103;004093;20230927;13:40;574.17;;;;114.83;;;;;689.00;689.00;;
EJ011023.TXT;005104;004094;20230928;11:04;574.17;;;;114.83;;;;;689.00;689.00;;
EJ011023.TXT;005105;004095;20230928;15:05;648.33;;;;129.67;;;;;778.00;;778.00;
EJ011023.TXT;005106;004096;20230928;16:22;199.17;;;;39.83;;;;;239.00;;239.00;
EJ011023.TXT;005107;004097;20230929;11:45;548.33;;;;109.67;;;;;658.00;;658.00;
EJ011023.TXT;005108;004098;20230929;13:53;74.17;;;;14.83;;;;;89.00;;89.00;
EJ011023.TXT;005109;004099;20230929;13:56;208.33;;;;41.67;;;;;250.00;;250.00;
EJ011023.TXT;005110;004100;20230929;14:00;822.50;;;;164.50;;;;;987.00;;987.00;
EJ011023.TXT;005111;004101;20230929;14:00;531.67;;;;106.33;;;;;638.00;;638.00;
EJ011023.TXT;005112;004102;20230930;14:48;548.33;;;;109.67;;;;;658.00;;658.00;
EJ011023.TXT;005113;004103;20230930;14:48;548.33;;;;109.67;;;;;658.00;;658.00;
EJ011023.TXT;005114;004104;20230930;14:52;822.50;;;;164.50;;;;;987.00;;987.00;
EJ011023.TXT;005115;004105;20230930;14:53;274.17;;;;54.83;;;;;329.00;;329.00;
EJ011023.TXT;005116;004106;20230930;14:53;822.50;;;;164.50;;;;;987.00;;987.00;
EJ011023.TXT;005117;004107;20230930;14:54;548.33;;;;109.67;;;;;658.00;;658.00;
EJ011023.TXT;005118;004108;20230930;14:54;274.17;;;;54.83;;;;;329.00;;329.00;
EJ011023.TXT;005119;004109;20230930;16:42;222.50;;;;44.50;;;;;267.00;;267.00;
EJ011023.TXT;005120;004110;20230930;17:06;848.33;;;;169.67;;;;;1018.00;1018.00;;
EJ101123.TXT;005128;004111;20231002;16:38;822.50;;;;164.50;;;;;987.00;;987.00;
EJ101123.TXT;005129;004112;20231002;16:38;548.33;;;;109.67;;;;;658.00;;658.00;
EJ101123.TXT;005130;004113;20231002;16:57;479.83;;;;95.97;;;;;575.80;;575.80;
EJ101123.TXT;005131;004114;20231003;09:39;265.83;;;;53.17;;;;;319.00;;319.00;
EJ101123.TXT;005132;004115;20231006;14:05;548.33;;;;109.67;;;;;658.00;658.00;;
EJ101123.TXT;005133;004116;20231007;15:50;199.17;;;;39.83;;;;;239.00;239.00;;
EJ101123.TXT;005134;004117;20231007;15:54;274.17;;;;54.83;;;;;329.00;329.00;;
EJ101123.TXT;005135;004118;20231007;15:54;274.17;;;;54.83;;;;;329.00;;329.00;
EJ101123.TXT;005136;004119;20231009;13:52;548.33;;;;109.67;;;;;658.00;;658.00;
EJ101123.TXT;005137;004120;20231010;13:43;274.17;;;;54.83;;;;;329.00;329.00;;
EJ101123.TXT;005138;004121;20231010;14:31;548.33;;;;109.67;;;;;658.00;;658.00;
EJ101123.TXT;005139;004122;20231010;16:17;175.00;;;;35.00;;;;;210.00;210.00;;
EJ101123.TXT;005140;004123;20231011;15:10;3290.00;;;;658.00;;;;;3948.00;3948.00;;
EJ101123.TXT;005141;004124;20231011;16:08;1096.67;;;;219.33;;;;;1316.00;;1316.00;
EJ101123.TXT;005142;004125;20231014;13:40;274.17;;;;54.83;;;;;329.00;329.00;;
EJ101123.TXT;005143;004126;20231014;15:52;274.17;;;;54.83;;;;;329.00;329.00;;
EJ101123.TXT;005144;004127;20231014;17:08;8240.83;;;;1648.17;;;;;9889.00;9889.00;;
EJ101123.TXT;005145;004128;20231017;10:17;1165.00;;;;233.00;;;;;1398.00;1398.00;;
EJ101123.TXT;005146;004129;20231017;15:28;37.50;;;;7.50;;;;;45.00;;45.00;
EJ101123.TXT;005147;004130;20231017;16:11;995.83;;;;199.17;;;;;1195.00;1195.00;;
EJ101123.TXT;005148;004131;20231021;14:48;124.17;;;;24.83;;;;;149.00;;149.00;
EJ101123.TXT;005149;004132;20231023;15:36;202.50;;;;40.50;;;;;243.00;243.00;;
EJ101123.TXT;005150;004133;20231023;16:05;531.67;;;;106.33;;;;;638.00;;638.00;
EJ101123.TXT;005151;004134;20231023;16:29;274.17;;;;54.83;;;;;329.00;;329.00;
EJ101123.TXT;005152;004135;20231023;16:39;274.17;;;;54.83;;;;;329.00;;329.00;
EJ101123.TXT;005153;004136;20231024;11:45;37.50;;;;7.50;;;;;45.00;45.00;;
EJ101123.TXT;005154;004137;20231024;17:13;274.17;;;;54.83;;;;;329.00;;329.00;
EJ101123.TXT;005155;004138;20231027;10:18;548.33;;;;109.67;;;;;658.00;;658.00;
EJ101123.TXT;005156;004139;20231030;14:55;324.17;;;;64.83;;;;;389.00;;389.00;
EJ101123.TXT;005157;004140;20231030;16:43;548.33;;;;109.67;;;;;658.00;658.00;;
EJ101123.TXT;005158;004141;20231030;16:52;548.33;;;;109.67;;;;;658.00;;658.00;
EJ101123.TXT;005159;004142;20231102;15:56;797.50;;;;159.50;;;;;957.00;;957.00;
EJ101123.TXT;005160;004143;20231102;15:58;265.83;;;;53.17;;;;;319.00;319.00;;
EJ101123.TXT;005161;004144;20231104;15:44;548.33;;;;109.67;;;;;658.00;658.00;;
EJ101123.TXT;005162;004145;20231108;16:43;265.83;;;;53.17;;;;;319.00;;319.00;
EJ101123.TXT;005163;004146;20231109;12:38;598.33;;;;119.67;;;;;718.00;;718.00;
EJ101123.TXT;005164;004147;20231109;16:03;274.17;;;;54.83;;;;;329.00;;329.00;
EJ011223.TXT;005173;004148;20231114;12:57;3240.00;;;;648.00;;;;;3888.00;3888.00;;
EJ011223.TXT;005174;004149;20231118;17:03;165.83;;;;33.17;;;;;199.00;;199.00;
EJ011223.TXT;005175;004150;20231122;12:26;274.17;;;;54.83;;;;;329.00;;329.00;
EJ011223.TXT;005176;004151;20231125;17:23;1096.67;;;;219.33;;;;;1316.00;1316.00;;
EJ011223.TXT;005177;004152;20231125;17:35;274.17;;;;54.83;;;;;329.00;;329.00;
EJ011223.TXT;005178;004153;20231130;10:50;274.17;;;;54.83;;;;;329.00;;329.00;
EJ010124.TXT;005187;004154;20231201;18:30;582.50;;;;116.50;;;;;699.00;;699.00;
EJ010124.TXT;005188;004155;20231201;18:32;531.67;;;;106.33;;;;;638.00;;638.00;
EJ010124.TXT;005189;004156;20231201;18:32;531.67;;;;106.33;;;;;638.00;;638.00;
EJ010124.TXT;005190;004157;20231202;14:52;822.50;;;;164.50;;;;;987.00;;987.00;
EJ010124.TXT;005191;004158;20231202;14:52;797.50;;;;159.50;;;;;957.00;;957.00;
EJ010124.TXT;005192;004159;20231202;14:52;822.50;;;;164.50;;;;;987.00;;987.00;
EJ010124.TXT;005193;004160;20231202;14:53;531.67;;;;106.33;;;;;638.00;;638.00;
EJ010124.TXT;005194;004161;20231202;14:53;265.83;;;;53.17;;;;;319.00;;319.00;
EJ010124.TXT;005195;004162;20231202;14:54;531.67;;;;106.33;;;;;638.00;;638.00;
EJ010124.TXT;005196;004163;20231202;14:54;797.50;;;;159.50;;;;;957.00;;957.00;
EJ010124.TXT;005197;004164;20231202;14:54;531.67;;;;106.33;;;;;638.00;;638.00;
EJ010124.TXT;005198;004165;20231202;14:55;797.50;;;;159.50;;;;;957.00;;957.00;
EJ010124.TXT;005199;004166;20231202;14:55;531.67;;;;106.33;;;;;638.00;;638.00;
EJ010124.TXT;005200;004167;20231202;14:55;531.67;;;;106.33;;;;;638.00;;638.00;
EJ010124.TXT;005201;004168;20231203;19:01;1133.33;;;;226.67;;;;;1360.00;;1360.00;
EJ010124.TXT;005202;004169;20231207;18:10;165.83;;;;33.17;;;;;199.00;;199.00;
EJ010124.TXT;005203;004170;20231207;18:15;199.17;;;;39.83;;;;;239.00;239.00;;
EJ010124.TXT;005204;004171;20231208;17:16;4185.00;;;;837.00;;;;;5022.00;5022.00;;
EJ010124.TXT;005205;004172;20231220;18:16;582.50;;;;116.50;;;;;699.00;699.00;;
EJ010124.TXT;005206;004173;20231221;17:33;822.50;;;;164.50;;;;;987.00;;987.00;
EJ010124.TXT;005207;004174;20231222;15:40;274.17;;;;54.83;;;;;329.00;329.00;;
EJ010124.TXT;005208;004175;20231222;15:45;482.50;;;;96.50;;;;;579.00;579.00;;
EJ010124.TXT;005209;004176;20231222;19:39;274.17;;;;54.83;;;;;329.00;;329.00;
EJ010124.TXT;005210;004177;20231223;15:39;274.17;;;;54.83;;;;;329.00;;329.00;
EJ010124.TXT;005211;004178;20231223;16:10;822.50;;;;164.50;;;;;987.00;987.00;;
EJ010124.TXT;005212;004179;20231223;16:29;548.33;;;;109.67;;;;;658.00;658.00;;
EJ010124.TXT;005213;004180;20231223;18:30;548.33;;;;109.67;;;;;658.00;;658.00;
EJ010124.TXT;005214;004181;20231226;11:49;797.50;;;;159.50;;;;;957.00;;957.00;
EJ010124.TXT;005215;004182;20231226;11:50;815.83;;;;163.17;;;;;979.00;;979.00;
EJ010124.TXT;005216;004183;20231226;11:50;614.17;;;;122.83;;;;;737.00;;737.00;
EJ010124.TXT;005217;004184;20231226;15:48;274.17;;;;54.83;;;;;329.00;329.00;;
EJ010124.TXT;005218;004185;20231226;15:49;274.17;;;;54.83;;;;;329.00;329.00;;
EJ010124.TXT;005219;004186;20231226;18:05;531.67;;;;106.33;;;;;638.00;638.00;;
EJ010124.TXT;005220;004187;20231227;15:44;398.33;;;;79.67;;;;;478.00;;478.00;
EJ010124.TXT;005221;004188;20231228;16:46;274.17;;;;54.83;;;;;329.00;;329.00;
EJ010124.TXT;005222;004189;20231230;15:47;548.33;;;;109.67;;;;;658.00;;658.00;
EJ020224.TXT;005230;004190;20240104;14:36;797.50;;;;159.50;;;;;957.00;;957.00;
EJ020224.TXT;005231;004191;20240104;14:37;531.67;;;;106.33;;;;;638.00;;638.00;
EJ020224.TXT;005232;004192;20240104;14:37;265.83;;;;53.17;;;;;319.00;;319.00;
EJ020224.TXT;005233;004193;20240104;14:37;797.50;;;;159.50;;;;;957.00;;957.00;
EJ020224.TXT;005234;004194;20240104;14:37;797.50;;;;159.50;;;;;957.00;;957.00;
EJ020224.TXT;005235;004195;20240104;14:46;548.33;;;;109.67;;;;;658.00;;658.00;
EJ020224.TXT;005236;004196;20240104;15:25;548.33;;;;109.67;;;;;658.00;;658.00;
EJ020224.TXT;005237;004197;20240110;15:41;548.33;;;;109.67;;;;;658.00;;658.00;
EJ020224.TXT;005238;004198;20240110;17:19;274.17;;;;54.83;;;;;329.00;;329.00;
EJ020224.TXT;005239;004199;20240111;11:53;274.17;;;;54.83;;;;;329.00;329.00;;
EJ020224.TXT;005240;004200;20240113;15:49;274.17;;;;54.83;;;;;329.00;;329.00;
EJ020224.TXT;005241;004201;20240113;16:11;856.67;;;;171.33;;;;;1028.00;1028.00;;
EJ020224.TXT;005242;004202;20240113;16:14;473.33;;;;94.67;;;;;568.00;;568.00;
EJ020224.TXT;005243;004203;20240113;16:17;733.33;;;;146.67;;;;;880.00;;880.00;
EJ020224.TXT;005244;004204;20240116;12:36;274.17;;;;54.83;;;;;329.00;;329.00;
EJ020224.TXT;005245;004205;20240116;14:34;274.17;;;;54.83;;;;;329.00;329.00;;
EJ020224.TXT;005246;004206;20240120;16:54;548.33;;;;109.67;;;;;658.00;;658.00;
EJ020224.TXT;005247;004207;20240120;17:48;82.50;;;;16.50;;;;;99.00;99.00;;
EJ020224.TXT;005248;004208;20240122;17:14;274.17;;;;54.83;;;;;329.00;329.00;;
EJ020224.TXT;005249;004209;20240124;11:47;175.00;;;;35.00;;;;;210.00;210.00;;
EJ020224.TXT;005250;004210;20240202;10:43;274.17;;;;54.83;;;;;329.00;;329.00;
EJ020324.TXT;005258;004211;20240202;11:42;833.33;;;;166.67;;;;;1000.00;;1000.00;
EJ020324.TXT;005259;004212;20240202;11:43;822.50;;;;164.50;;;;;987.00;;987.00;
EJ020324.TXT;005260;004213;20240202;11:44;822.50;;;;164.50;;;;;987.00;;987.00;
EJ020324.TXT;005261;004214;20240202;11:45;625.00;;;;125.00;;;;;750.00;;750.00;
EJ020324.TXT;005262;004215;20240202;11:46;548.33;;;;109.67;;;;;658.00;;658.00;
EJ020324.TXT;005263;004216;20240202;11:47;423.33;;;;84.67;;;;;508.00;;508.00;
EJ020324.TXT;005264;004217;20240205;13:37;37.50;;;;7.50;;;;;45.00;45.00;;
EJ020324.TXT;005265;004218;20240205;14:42;1096.67;;;;219.33;;;;;1316.00;1316.00;;
EJ020324.TXT;005266;004219;20240206;13:55;621.67;;;;124.33;;;;;746.00;746.00;;
EJ020324.TXT;005267;004220;20240206;18:59;73.33;;;;14.67;;;;;88.00;88.00;;
EJ020324.TXT;005268;004221;20240209;15:12;190.83;;;;38.17;;;;;229.00;229.00;;
EJ020324.TXT;005269;004222;20240209;15:14;190.83;;;;38.17;;;;;229.00;229.00;;
EJ020324.TXT;005270;004223;20240219;14:32;274.17;;;;54.83;;;;;329.00;329.00;;
EJ020324.TXT;005271;004224;20240219;15:42;329.17;;;;65.83;;;;;395.00;;395.00;
EJ020324.TXT;005272;004225;20240219;15:44;208.33;;;;41.67;;;;;250.00;;250.00;
EJ020324.TXT;005273;004226;20240222;17:51;274.17;;;;54.83;;;;;329.00;;329.00;
EJ020324.TXT;005274;004227;20240223;15:53;265.83;;;;53.17;;;;;319.00;;319.00;
EJ020324.TXT;005275;004228;20240223;16:10;265.83;;;;53.17;;;;;319.00;;319.00;
EJ020324.TXT;005276;004229;20240224;16:25;822.50;;;;164.50;;;;;987.00;987.00;;
EJ020324.TXT;005278;004230;20240226;15:02;324.17;;;;64.83;;;;;389.00;;389.00;
EJ020324.TXT;005279;004231;20240228;15:46;124.17;;;;24.83;;;;;149.00;;149.00;
EJ020324.TXT;005280;004232;20240301;15:59;73.33;;;;14.67;;;;;88.00;88.00;;
EJ020324.TXT;005281;004233;20240302;10:23;548.33;;;;109.67;;;;;658.00;658.00;;
EJ020324.TXT;005282;004234;20240302;14:36;199.17;;;;39.83;;;;;239.00;239.00;;
EJ020424.TXT;005289;004235;20240302;15:05;208.33;;;;41.67;;;;;250.00;;250.00;
EJ020424.TXT;005290;004236;20240304;11:13;208.33;;;;41.67;;;;;250.00;;250.00;
EJ020424.TXT;005291;004237;20240304;11:25;129.17;;;;25.83;;;;;155.00;;155.00;
EJ020424.TXT;005292;004238;20240304;11:40;208.33;;;;41.67;;;;;250.00;;250.00;
EJ020424.TXT;005293;004239;20240305;11:46;410.00;;;;82.00;;;;;492.00;;492.00;
EJ020424.TXT;005294;004240;20240305;14:51;274.17;;;;54.83;;;;;329.00;;329.00;
EJ020424.TXT;005295;004241;20240306;17:58;381.67;;;;76.33;;;;;458.00;458.00;;
EJ020424.TXT;005296;004242;20240308;17:27;208.33;;;;41.67;;;;;250.00;;250.00;
EJ020424.TXT;005297;004243;20240308;17:53;208.33;;;;41.67;;;;;250.00;;250.00;
EJ020424.TXT;005298;004244;20240309;18:26;548.33;;;;109.67;;;;;658.00;;658.00;
EJ020424.TXT;005299;004245;20240309;18:29;223.25;;;;44.65;;;;;267.90;267.90;;
EJ020424.TXT;005300;004246;20240315;11:54;548.33;;;;109.67;;;;;658.00;;658.00;
EJ020424.TXT;005301;004247;20240315;17:21;208.33;;;;41.67;;;;;250.00;;250.00;
EJ020424.TXT;005302;004248;20240318;11:00;548.33;;;;109.67;;;;;658.00;;658.00;
EJ020424.TXT;005303;004249;20240318;16:36;208.33;;;;41.67;;;;;250.00;;250.00;
EJ020424.TXT;005304;004250;20240319;17:05;199.17;;;;39.83;;;;;239.00;239.00;;
EJ020424.TXT;005305;004251;20240321;10:23;548.33;;;;109.67;;;;;658.00;;658.00;
EJ020424.TXT;005306;004252;20240321;11:16;66.33;;;;13.27;;;;;79.60;79.60;;
EJ020424.TXT;005307;004253;20240322;16:12;548.33;;;;109.67;;;;;658.00;;658.00;
EJ020424.TXT;005308;004254;20240322;16:18;208.33;;;;41.67;;;;;250.00;;250.00;
EJ020424.TXT;005309;004255;20240323;16:12;548.33;;;;109.67;;;;;658.00;;658.00;
EJ020424.TXT;005310;004256;20240323;17:11;265.83;;;;53.17;;;;;319.00;;319.00;
EJ020424.TXT;005311;004257;20240328;11:26;208.33;;;;41.67;;;;;250.00;;250.00;
EJ020424.TXT;005312;004258;20240328;15:36;274.17;;;;54.83;;;;;329.00;;329.00;
EJ020424.TXT;005313;004259;20240329;11:53;74.00;;;;14.80;;;;;88.80;;88.80;
EJ020424.TXT;005314;004260;20240329;17:02;208.33;;;;41.67;;;;;250.00;;250.00;
EJ020424.TXT;005315;004261;20240330;15:02;822.50;;;;164.50;;;;;987.00;;987.00;
EJ020424.TXT;005316;004262;20240330;15:03;548.33;;;;109.67;;;;;658.00;;658.00;
EJ020424.TXT;005317;004263;20240330;15:03;274.17;;;;54.83;;;;;329.00;;329.00;
EJ020424.TXT;005318;004264;20240330;15:03;548.33;;;;109.67;;;;;658.00;;658.00;
EJ020424.TXT;005319;004265;20240330;15:04;274.17;;;;54.83;;;;;329.00;;329.00;
EJ020424.TXT;005320;004266;20240330;15:04;548.33;;;;109.67;;;;;658.00;;658.00;
EJ020424.TXT;005321;004267;20240330;15:04;274.17;;;;54.83;;;;;329.00;;329.00;
EJ020424.TXT;005322;004268;20240330;15:05;822.50;;;;164.50;;;;;987.00;;987.00;
EJ020424.TXT;005323;004269;20240330;15:05;822.50;;;;164.50;;;;;987.00;;987.00;
EJ020424.TXT;005324;004270;20240330;17:42;58.25;;;;11.65;;;;;69.90;;69.90;
EJ020424.TXT;005325;004271;20240330;17:47;94.92;;;;18.98;;;;;113.90;;113.90;
EJ300424.TXT;005333;004272;20240403;09:59;582.50;;;;116.50;;;;;699.00;699.00;;
EJ300424.TXT;005334;004273;20240403;14:26;548.33;;;;109.67;;;;;658.00;658.00;;
EJ300424.TXT;005335;004274;20240404;15:16;41.58;;;;8.32;;;;;49.90;49.90;;
EJ300424.TXT;005336;004275;20240405;15:45;208.33;;;;41.67;;;;;250.00;;250.00;
EJ300424.TXT;005337;004276;20240406;15:32;274.17;;;;54.83;;;;;329.00;;329.00;
EJ300424.TXT;005338;004277;20240408;11:59;465.00;;;;93.00;;;;;558.00;;558.00;
EJ300424.TXT;005339;004278;20240410;09:38;548.33;;;;109.67;;;;;658.00;658.00;;
EJ300424.TXT;005340;004279;20240412;16:47;199.17;;;;39.83;;;;;239.00;;239.00;
EJ300424.TXT;005341;004280;20240413;13:46;274.17;;;;54.83;;;;;329.00;;329.00;
EJ300424.TXT;005342;004281;20240413;13:47;274.17;;;;54.83;;;;;329.00;329.00;;
EJ300424.TXT;005343;004282;20240413;16:11;2390.00;;;;478.00;;;;;2868.00;2868.00;;
EJ300424.TXT;005344;004283;20240416;17:19;41.58;;;;8.32;;;;;49.90;49.90;;
EJ300424.TXT;005345;004284;20240417;16:19;548.33;;;;109.67;;;;;658.00;658.00;;
EJ300424.TXT;005347;004285;20240420;13:49;190.83;;;;38.17;;;;;229.00;;229.00;
EJ300424.TXT;005348;004286;20240420;14:32;199.17;;;;39.83;;;;;239.00;;239.00;
EJ300424.TXT;005349;004287;20240420;14:37;124.17;;;;24.83;;;;;149.00;149.00;;
EJ300424.TXT;005350;004288;20240420;16:46;274.17;;;;54.83;;;;;329.00;329.00;;
EJ300424.TXT;005351;004289;20240422;15:43;208.33;;;;41.67;;;;;250.00;;250.00;
EJ300424.TXT;005352;004290;20240425;15:00;1096.67;;;;219.33;;;;;1316.00;1316.00;;
EJ300424.TXT;005353;004291;20240425;15:07;548.33;;;;109.67;;;;;658.00;658.00;;
EJ300424.TXT;005354;004292;20240425;15:27;124.17;;;;24.83;;;;;149.00;149.00;;
EJ300424.TXT;005355;004293;20240427;14:51;82.50;;;;16.50;;;;;99.00;;99.00;
EJ300424.TXT;005356;004294;20240429;11:22;41.58;;;;8.32;;;;;49.90;;49.90;
EJ300424.TXT;005357;004295;20240430;15:10;208.33;;;;41.67;;;;;250.00;;250.00;
EJ300424.TXT;005358;004296;20240430;17:08;82.50;;;;16.50;;;;;99.00;99.00;;
EJ010624.TXT;005367;004297;20240504;14:56;1480.00;;;;296.00;;;;;1776.00;1776.00;;
EJ010624.TXT;005368;004298;20240504;16:33;822.50;;;;164.50;;;;;987.00;;987.00;
EJ010624.TXT;005369;004299;20240504;16:34;548.33;;;;109.67;;;;;658.00;;658.00;
EJ010624.TXT;005370;004300;20240504;16:34;540.00;;;;108.00;;;;;648.00;;648.00;
EJ010624.TXT;005371;004301;20240507;18:01;548.33;;;;109.67;;;;;658.00;658.00;;
EJ010624.TXT;005372;004302;20240511;16:04;548.33;;;;109.67;;;;;658.00;658.00;;
EJ010624.TXT;005373;004303;20240511;17:03;350.00;;;;70.00;;;;;420.00;420.00;;
EJ010624.TXT;005374;004304;20240511;17:04;175.00;;;;35.00;;;;;210.00;210.00;;
EJ010624.TXT;005375;004305;20240511;17:08;548.33;;;;109.67;;;;;658.00;;658.00;
EJ010624.TXT;005376;004306;20240517;16:22;274.17;;;;54.83;;;;;329.00;329.00;;
EJ010624.TXT;005377;004307;20240517;16:26;208.33;;;;41.67;;;;;250.00;;250.00;
EJ010624.TXT;005378;004308;20240521;14:25;208.33;;;;41.67;;;;;250.00;;250.00;
EJ010624.TXT;005379;004309;20240522;09:57;548.33;;;;109.67;;;;;658.00;;658.00;
EJ010624.TXT;005380;004310;20240522;10:00;208.33;;;;41.67;;;;;250.00;;250.00;
EJ010624.TXT;005381;004311;20240523;14:27;797.50;;;;159.50;;;;;957.00;;957.00;
EJ010624.TXT;005382;004312;20240523;14:27;797.50;;;;159.50;;;;;957.00;;957.00;
EJ010624.TXT;005383;004313;20240524;10:00;822.50;;;;164.50;;;;;987.00;;987.00;
EJ010624.TXT;005384;004314;20240524;10:01;822.50;;;;164.50;;;;;987.00;987.00;;
EJ010624.TXT;005385;004315;20240524;14:16;3190.00;;;;638.00;;;;;3828.00;3828.00;;
EJ010624.TXT;005386;004316;20240524;16:29;208.33;;;;41.67;;;;;250.00;;250.00;
EJ010624.TXT;005387;004317;20240525;15:17;274.17;;;;54.83;;;;;329.00;329.00;;
EJ010624.TXT;005388;004318;20240525;15:25;316.08;;;;63.22;;;;;379.30;379.30;;
EJ010624.TXT;005389;004319;20240528;14:40;548.33;;;;109.67;;;;;658.00;;658.00;
EJ010624.TXT;005390;004320;20240528;14:42;548.33;;;;109.67;;;;;658.00;658.00;;
EJ010624.TXT;005391;004321;20240529;15:47;41.58;;;;8.32;;;;;49.90;;49.90;
EJ010624.TXT;005392;004322;20240529;15:47;208.33;;;;41.67;;;;;250.00;;250.00;
EJ010624.TXT;005393;004323;20240529;15:51;208.33;;;;41.67;;;;;250.00;;250.00;
EJ010624.TXT;005394;004324;20240531;16:07;208.33;;;;41.67;;;;;250.00;;250.00;
EJ010724.TXT;005401;004325;20240601;16:18;830.00;;;;166.00;;;;;996.00;;996.00;
EJ010724.TXT;005402;004326;20240602;12:42;1063.33;;;;212.67;;;;;1276.00;1276.00;;
EJ010724.TXT;005403;004327;20240603;10:47;582.50;;;;116.50;;;;;699.00;699.00;;
EJ010724.TXT;005404;004328;20240603;10:47;582.50;;;;116.50;;;;;699.00;699.00;;
EJ010724.TXT;005405;004329;20240604;10:49;797.50;;;;159.50;;;;;957.00;;957.00;
EJ010724.TXT;005406;004330;20240604;10:50;2356.67;;;;471.33;;;;;2828.00;2828.00;;
EJ010724.TXT;005407;004331;20240604;10:52;35.83;;;;7.17;;;;;43.00;;43.00;
EJ010724.TXT;005408;004332;20240604;10:53;625.00;;;;125.00;;;;;750.00;;750.00;
EJ010724.TXT;005409;004333;20240604;11:00;172.50;;;;34.50;;;;;207.00;;207.00;
EJ010724.TXT;005410;004334;20240604;11:01;265.83;;;;53.17;;;;;319.00;;319.00;
EJ010724.TXT;005411;004335;20240604;14:46;833.33;;;;166.67;;;;;1000.00;;1000.00;
EJ010724.TXT;005412;004336;20240604;14:48;2356.67;;;;471.33;;;;;2828.00;2828.00;;
EJ010724.TXT;005413;004337;20240605;14:14;274.17;;;;54.83;;;;;329.00;;329.00;
EJ010724.TXT;005414;004338;20240605;15:47;208.33;;;;41.67;;;;;250.00;;250.00;
EJ010724.TXT;005415;004339;20240606;16:36;175.00;;;;35.00;;;;;210.00;210.00;;
EJ010724.TXT;005416;004340;20240606;16:48;1096.67;;;;219.33;;;;;1316.00;1316.00;;
EJ010724.TXT;005417;004341;20240607;16:36;208.33;;;;41.67;;;;;250.00;;250.00;
EJ010724.TXT;005418;004342;20240608;17:58;208.33;;;;41.67;;;;;250.00;;250.00;
EJ010724.TXT;005419;004343;20240610;15:35;208.33;;;;41.67;;;;;250.00;;250.00;
EJ010724.TXT;005420;004344;20240612;10:47;548.33;;;;109.67;;;;;658.00;;658.00;
EJ010724.TXT;005421;004345;20240613;14:01;45.75;;;;9.15;;;;;54.90;;54.90;
EJ010724.TXT;005422;004346;20240614;15:03;208.33;;;;41.67;;;;;250.00;;250.00;
EJ010724.TXT;005423;004347;20240614;15:44;329.17;;;;65.83;;;;;395.00;;395.00;
EJ010724.TXT;005424;004348;20240618;15:13;797.50;;;;159.50;;;;;957.00;;957.00;
EJ010724.TXT;005425;004349;20240618;15:16;797.50;;;;159.50;;;;;957.00;;957.00;
EJ010724.TXT;005426;004350;20240618;16:00;548.33;;;;109.67;;;;;658.00;658.00;;
EJ010724.TXT;005427;004351;20240618;16:00;548.33;;;;109.67;;;;;658.00;658.00;;
EJ010724.TXT;005428;004352;20240619;14:06;548.33;;;;109.67;;;;;658.00;658.00;;
EJ010724.TXT;005429;004353;20240620;11:19;381.67;;;;76.33;;;;;458.00;458.00;;
EJ010724.TXT;005430;004354;20240621;16:13;208.33;;;;41.67;;;;;250.00;;250.00;
EJ010724.TXT;005431;004355;20240621;17:41;822.50;;;;164.50;;;;;987.00;;987.00;
EJ010724.TXT;005432;004356;20240621;17:42;797.50;;;;159.50;;;;;957.00;;957.00;
EJ010724.TXT;005433;004357;20240621;17:43;822.50;;;;164.50;;;;;987.00;;987.00;
EJ010724.TXT;005434;004358;20240621;17:43;265.83;;;;53.17;;;;;319.00;;319.00;
EJ010724.TXT;005435;004359;20240621;17:43;531.67;;;;106.33;;;;;638.00;;638.00;
EJ010724.TXT;005436;004360;20240622;12:58;1595.00;;;;319.00;;;;;1914.00;1914.00;;
EJ010724.TXT;005437;004361;20240624;15:37;797.50;;;;159.50;;;;;957.00;;957.00;
EJ010724.TXT;005438;004362;20240624;15:38;797.50;;;;159.50;;;;;957.00;;957.00;
EJ010724.TXT;005439;004363;20240624;15:38;797.50;;;;159.50;;;;;957.00;;957.00;
EJ010724.TXT;005440;004364;20240624;17:02;208.33;;;;41.67;;;;;250.00;;250.00;
EJ010724.TXT;005441;004365;20240625;11:01;190.83;;;;38.17;;;;;229.00;229.00;;
EJ010724.TXT;005442;004366;20240626;09:31;548.33;;;;109.67;;;;;658.00;658.00;;
EJ010724.TXT;005443;004367;20240626;13:43;190.83;;;;38.17;;;;;229.00;229.00;;
EJ010724.TXT;005444;004368;20240628;16:15;208.33;;;;41.67;;;;;250.00;;250.00;
EJ010724.TXT;005445;004369;20240629;16:53;797.50;;;;159.50;;;;;957.00;;957.00;
EJ010724.TXT;005446;004370;20240629;16:53;797.50;;;;159.50;;;;;957.00;;957.00;
EJ010724.TXT;005447;004371;20240629;16:57;53.33;;;;10.67;;;;;64.00;64.00;;
EJ030824.TXT;005455;004372;20240705;16:53;208.33;;;;41.67;;;;;250.00;;250.00;
EJ030824.TXT;005456;004373;20240709;13:35;415.00;;;;83.00;;;;;498.00;;498.00;
EJ030824.TXT;005457;004374;20240709;15:21;822.50;;;;164.50;;;;;987.00;987.00;;
EJ030824.TXT;005458;004375;20240711;11:07;791.67;;;;158.33;;;;;950.00;;950.00;
EJ030824.TXT;005459;004376;20240711;11:07;791.67;;;;158.33;;;;;950.00;;950.00;
EJ030824.TXT;005460;004377;20240711;11:07;791.67;;;;158.33;;;;;950.00;;950.00;
EJ030824.TXT;005461;004378;20240711;11:07;791.67;;;;158.33;;;;;950.00;;950.00;
EJ030824.TXT;005462;004379;20240711;11:08;791.67;;;;158.33;;;;;950.00;;950.00;
EJ030824.TXT;005463;004380;20240711;11:08;791.67;;;;158.33;;;;;950.00;;950.00;
EJ030824.TXT;005464;004381;20240712;11:48;2173.33;;;;434.67;;;;;2608.00;2608.00;;
EJ030824.TXT;005465;004382;20240713;15:20;548.33;;;;109.67;;;;;658.00;;658.00;
EJ030824.TXT;005466;004383;20240713;15:20;548.33;;;;109.67;;;;;658.00;;658.00;
EJ030824.TXT;005467;004384;20240715;10:15;208.33;;;;41.67;;;;;250.00;;250.00;
EJ030824.TXT;005468;004385;20240715;10:36;208.33;;;;41.67;;;;;250.00;;250.00;
EJ030824.TXT;005469;004386;20240719;15:06;208.33;;;;41.67;;;;;250.00;;250.00;
EJ030824.TXT;005470;004387;20240722;16:15;548.33;;;;109.67;;;;;658.00;;658.00;
EJ030824.TXT;005471;004388;20240723;10:43;1096.67;;;;219.33;;;;;1316.00;1316.00;;
EJ030824.TXT;005472;004389;20240724;09:59;797.50;;;;159.50;;;;;957.00;;957.00;
EJ030824.TXT;005473;004390;20240724;09:59;2392.50;;;;478.50;;;;;2871.00;2871.00;;
EJ030824.TXT;005474;004391;20240724;10:01;531.67;;;;106.33;;;;;638.00;;638.00;
EJ030824.TXT;005475;004392;20240725;17:44;548.33;;;;109.67;;;;;658.00;;658.00;
EJ030824.TXT;005476;004393;20240726;10:46;156.67;;;;31.33;;;;;188.00;;188.00;
EJ030824.TXT;005477;004394;20240727;15:42;36.67;;;;7.33;;;;;44.00;;44.00;
EJ030824.TXT;005478;004395;20240729;11:30;208.33;;;;41.67;;;;;250.00;;250.00;
EJ030824.TXT;005479;004396;20240729;12:07;582.50;;;;116.50;;;;;699.00;699.00;;
EJ030824.TXT;005480;004397;20240730;09:01;199.17;;;;39.83;;;;;239.00;;239.00;
EJ030824.TXT;005481;004398;20240801;11:03;274.17;;;;54.83;;;;;329.00;;329.00;
EJ030824.TXT;005482;004399;20240802;14:03;548.33;;;;109.67;;;;;658.00;;658.00;
EJ030824.TXT;005483;004400;20240802;14:05;548.33;;;;109.67;;;;;658.00;658.00;;
EJ030824.TXT;005484;004401;20240802;15:20;208.33;;;;41.67;;;;;250.00;;250.00;
EJ030824.TXT;005485;004402;20240803;16:03;797.50;;;;159.50;;;;;957.00;;957.00;
EJ030824.TXT;005486;004403;20240803;16:03;566.67;;;;113.33;;;;;680.00;;680.00;
EJ030824.TXT;005487;004404;20240803;16:04;531.67;;;;106.33;;;;;638.00;;638.00;
EJ030824.TXT;005488;004405;20240803;16:04;531.67;;;;106.33;;;;;638.00;;638.00;
EJ030824.TXT;005489;004406;20240803;16:04;797.50;;;;159.50;;;;;957.00;;957.00;
EJ030824.TXT;005490;004407;20240803;16:05;797.50;;;;159.50;;;;;957.00;;957.00;
EJ020924.TXT;005499;004408;20240805;14:53;208.33;;;;41.67;;;;;250.00;;250.00;
EJ020924.TXT;005500;004409;20240806;11:41;208.33;;;;41.67;;;;;250.00;;250.00;
EJ020924.TXT;005501;004410;20240806;14:21;82.50;;;;16.50;;;;;99.00;;99.00;
EJ020924.TXT;005502;004411;20240806;14:36;274.17;;;;54.83;;;;;329.00;;329.00;
EJ020924.TXT;005503;004412;20240808;16:14;548.33;;;;109.67;;;;;658.00;;658.00;
EJ020924.TXT;005504;004413;20240809;16:20;208.33;;;;41.67;;;;;250.00;;250.00;
EJ020924.TXT;005505;004414;20240809;16:54;208.33;;;;41.67;;;;;250.00;;250.00;
EJ020924.TXT;005506;004415;20240810;13:58;689.17;;;;137.83;;;;;827.00;;827.00;
EJ020924.TXT;005507;004416;20240810;14:08;830.00;;;;166.00;;;;;996.00;;996.00;
EJ020924.TXT;005508;004417;20240810;14:08;614.17;;;;122.83;;;;;737.00;;737.00;
EJ020924.TXT;005509;004418;20240810;14:09;398.33;;;;79.67;;;;;478.00;;478.00;
EJ020924.TXT;005510;004419;20240810;14:12;173.33;;;;34.67;;;;;208.00;;208.00;
EJ020924.TXT;005511;004420;20240810;14:57;830.00;;;;166.00;;;;;996.00;996.00;;
EJ020924.TXT;005512;004421;20240812;15:07;548.33;;;;109.67;;;;;658.00;;658.00;
EJ020924.TXT;005513;004422;20240812;15:08;825.00;;;;165.00;;;;;990.00;;990.00;
EJ020924.TXT;005514;004423;20240812;15:32;875.00;;;;175.00;;;;;1050.00;;1050.00;
EJ020924.TXT;005515;004424;20240812;16:02;274.17;;;;54.83;;;;;329.00;329.00;;
EJ020924.TXT;005516;004425;20240813;14:16;583.33;;;;116.67;;;;;700.00;;700.00;
EJ020924.TXT;005517;004426;20240813;14:17;833.33;;;;166.67;;;;;1000.00;;1000.00;
EJ020924.TXT;005518;004427;20240813;14:17;625.00;;;;125.00;;;;;750.00;;750.00;
EJ020924.TXT;005519;004428;20240813;14:18;583.33;;;;116.67;;;;;700.00;;700.00;
EJ020924.TXT;005520;004429;20240813;14:19;291.67;;;;58.33;;;;;350.00;;350.00;
EJ020924.TXT;005521;004430;20240813;14:20;625.00;;;;125.00;;;;;750.00;;750.00;
EJ020924.TXT;005522;004431;20240813;14:33;780.00;;;;156.00;;;;;936.00;;936.00;
EJ020924.TXT;005523;004432;20240813;14:34;780.00;;;;156.00;;;;;936.00;;936.00;
EJ020924.TXT;005524;004433;20240813;14:34;745.83;;;;149.17;;;;;895.00;;895.00;
EJ020924.TXT;005525;004434;20240813;14:34;745.00;;;;149.00;;;;;894.00;;894.00;
EJ020924.TXT;005526;004435;20240813;14:34;822.50;;;;164.50;;;;;987.00;;987.00;
EJ020924.TXT;005527;004436;20240813;14:35;822.50;;;;164.50;;;;;987.00;;987.00;
EJ020924.TXT;005528;004437;20240813;14:35;822.50;;;;164.50;;;;;987.00;;987.00;
EJ020924.TXT;005529;004438;20240813;14:35;822.50;;;;164.50;;;;;987.00;;987.00;
EJ020924.TXT;005530;004439;20240813;14:36;815.00;;;;163.00;;;;;978.00;;978.00;
EJ020924.TXT;005531;004440;20240813;14:51;633.33;;;;126.67;;;;;760.00;;760.00;
EJ020924.TXT;005532;004441;20240813;15:33;208.33;;;;41.67;;;;;250.00;;250.00;
EJ020924.TXT;005533;004442;20240814;15:41;208.33;;;;41.67;;;;;250.00;;250.00;
EJ020924.TXT;005534;004443;20240816;15:32;190.83;;;;38.17;;;;;229.00;;229.00;
EJ020924.TXT;005535;004444;20240820;14:03;107.50;;;;21.50;;;;;129.00;129.00;;
EJ020924.TXT;005536;004445;20240820;14:03;166.67;;;;33.33;;;;;200.00;;200.00;
EJ020924.TXT;005537;004446;20240820;15:09;99.83;;;;19.97;;;;;119.80;;119.80;
EJ020924.TXT;005538;004447;20240820;15:43;208.33;;;;41.67;;;;;250.00;;250.00;
EJ020924.TXT;005539;004448;20240821;14:47;3610.33;;;;722.07;;;;;4332.40;4332.40;;
EJ020924.TXT;005540;004449;20240823;15:29;531.67;;;;106.33;;;;;638.00;;638.00;
EJ020924.TXT;005541;004450;20240824;16:10;531.67;;;;106.33;;;;;638.00;;638.00;
EJ020924.TXT;005542;004451;20240826;15:02;208.33;;;;41.67;;;;;250.00;;250.00;
EJ020924.TXT;005543;004452;20240826;15:13;274.17;;;;54.83;;;;;329.00;329.00;;
EJ020924.TXT;005544;004453;20240827;09:24;548.33;;;;109.67;;;;;658.00;658.00;;
EJ020924.TXT;005545;004454;20240829;09:36;3240.00;;;;648.00;;;;;3888.00;3888.00;;
EJ020924.TXT;005546;004455;20240829;14:49;946.67;;;;189.33;;;;;1136.00;1136.00;;
EJ020924.TXT;005547;004456;20240830;16:30;208.33;;;;41.67;;;;;250.00;;250.00;
EJ011024.TXT;005555;004457;20240902;15:08;208.33;;;;41.67;;;;;250.00;;250.00;
EJ011024.TXT;005556;004458;20240904;16:54;548.33;;;;109.67;;;;;658.00;;658.00;
EJ011024.TXT;005557;004459;20240906;15:42;208.33;;;;41.67;;;;;250.00;;250.00;
EJ011024.TXT;005558;004460;20240909;10:27;500.00;;;;100.00;;;;;600.00;;600.00;
EJ011024.TXT;005559;004461;20240909;10:27;48.33;;;;9.67;;;;;58.00;58.00;;
EJ011024.TXT;005560;004462;20240910;17:05;465.83;;;;93.17;;;;;559.00;;559.00;
EJ011024.TXT;005561;004463;20240911;10:22;733.33;;;;146.67;;;;;880.00;;880.00;
EJ011024.TXT;005562;004464;20240911;11:48;274.17;;;;54.83;;;;;329.00;;329.00;
EJ011024.TXT;005563;004465;20240911;11:50;208.33;;;;41.67;;;;;250.00;;250.00;
EJ011024.TXT;005564;004466;20240911;11:53;208.33;;;;41.67;;;;;250.00;;250.00;
EJ011024.TXT;005565;004467;20240911;12:00;208.33;;;;41.67;;;;;250.00;;250.00;
EJ011024.TXT;005566;004468;20240912;14:50;832.50;;;;166.50;;;;;999.00;;999.00;
EJ011024.TXT;005567;004469;20240912;14:54;40.75;;;;8.15;;;;;48.90;;48.90;
EJ011024.TXT;005568;004470;20240912;15:03;733.33;;;;146.67;;;;;880.00;;880.00;
EJ011024.TXT;005569;004471;20240913;14:59;274.17;;;;54.83;;;;;329.00;;329.00;
EJ011024.TXT;005570;004472;20240917;10:29;548.33;;;;109.67;;;;;658.00;658.00;;
EJ011024.TXT;005571;004473;20240917;14:34;313.33;;;;62.67;;;;;376.00;;376.00;
EJ011024.TXT;005572;004474;20240917;14:44;816.67;;;;163.33;;;;;980.00;;980.00;
EJ011024.TXT;005573;004475;20240918;10:41;548.33;;;;109.67;;;;;658.00;;658.00;
EJ011024.TXT;005574;004476;20240924;16:00;415.00;;;;83.00;;;;;498.00;498.00;;
EJ011024.TXT;005575;004477;20240924;16:08;816.67;;;;163.33;;;;;980.00;;980.00;
EJ011024.TXT;005576;004478;20240927;15:32;816.67;;;;163.33;;;;;980.00;;980.00;
EJ011024.TXT;005577;004479;20240930;09:13;816.67;;;;163.33;;;;;980.00;;980.00;
EJ011024.TXT;005578;004480;20240930;13:36;208.33;;;;41.67;;;;;250.00;;250.00;
EJ011024.TXT;005579;004481;20240930;16:24;415.83;;;;83.17;;;;;499.00;;499.00;
EJ051124.TXT;005587;004482;20241001;16:37;807.50;;;;161.50;;;;;969.00;;969.00;
EJ051124.TXT;005588;004483;20241001;16:37;807.50;;;;161.50;;;;;969.00;;969.00;
EJ051124.TXT;005589;004484;20241001;16:47;208.33;;;;41.67;;;;;250.00;;250.00;
EJ051124.TXT;005590;004485;20241003;14:51;208.33;;;;41.67;;;;;250.00;;250.00;
EJ051124.TXT;005591;004486;20241007;11:56;208.33;;;;41.67;;;;;250.00;;250.00;
EJ051124.TXT;005592;004487;20241011;15:56;208.33;;;;41.67;;;;;250.00;;250.00;
EJ051124.TXT;005593;004488;20241012;15:56;548.33;;;;109.67;;;;;658.00;658.00;;
EJ051124.TXT;005594;004489;20241012;18:23;800.00;;;;160.00;;;;;960.00;;960.00;
EJ051124.TXT;005595;004490;20241012;18:34;458.33;;;;91.67;;;;;550.00;;550.00;
EJ051124.TXT;005596;004491;20241014;09:58;208.33;;;;41.67;;;;;250.00;;250.00;
EJ051124.TXT;005597;004492;20241014;11:41;458.33;;;;91.67;;;;;550.00;;550.00;
EJ051124.TXT;005598;004493;20241014;11:43;400.00;;;;80.00;;;;;480.00;;480.00;
EJ051124.TXT;005599;004494;20241014;11:44;208.33;;;;41.67;;;;;250.00;;250.00;
EJ051124.TXT;005600;004495;20241015;13:36;274.17;;;;54.83;;;;;329.00;;329.00;
EJ051124.TXT;005601;004496;20241015;13:40;208.33;;;;41.67;;;;;250.00;;250.00;
EJ051124.TXT;005602;004497;20241015;15:19;495.00;;;;99.00;;;;;594.00;;594.00;
EJ051124.TXT;005603;004498;20241015;16:57;208.33;;;;41.67;;;;;250.00;;250.00;
EJ051124.TXT;005604;004499;20241016;14:06;274.17;;;;54.83;;;;;329.00;;329.00;
EJ051124.TXT;005605;004500;20241024;11:39;574.17;;;;114.83;;;;;689.00;;689.00;
EJ051124.TXT;005606;004501;20241024;11:43;832.50;;;;166.50;;;;;999.00;;999.00;
EJ051124.TXT;005607;004502;20241024;12:14;832.50;;;;166.50;;;;;999.00;;999.00;
EJ051124.TXT;005608;004503;20241024;12:31;99.83;;;;19.97;;;;;119.80;;119.80;
EJ051124.TXT;005609;004504;20241025;09:16;524.17;;;;104.83;;;;;629.00;;629.00;
EJ051124.TXT;005610;004505;20241025;16:14;440.83;;;;88.17;;;;;529.00;;529.00;
EJ051124.TXT;005611;004506;20241025;16:34;440.83;;;;88.17;;;;;529.00;;529.00;
EJ051124.TXT;005612;004507;20241025;16:54;440.83;;;;88.17;;;;;529.00;;529.00;
EJ051124.TXT;005613;004508;20241028;16:35;440.83;;;;88.17;;;;;529.00;;529.00;
EJ051124.TXT;005614;004509;20241028;16:36;708.33;;;;141.67;;;;;850.00;;850.00;
EJ051124.TXT;005615;004510;20241028;16:57;440.83;;;;88.17;;;;;529.00;;529.00;
EJ051124.TXT;005616;004511;20241029;16:24;708.33;;;;141.67;;;;;850.00;;850.00;
EJ051124.TXT;005617;004512;20241029;16:39;791.67;;;;158.33;;;;;950.00;;950.00;
EJ051124.TXT;005618;004513;20241029;16:42;791.67;;;;158.33;;;;;950.00;;950.00;
EJ051124.TXT;005619;004514;20241029;17:18;274.17;;;;54.83;;;;;329.00;;329.00;
EJ051124.TXT;005620;004515;20241030;12:40;533.33;;;;106.67;;;;;640.00;;640.00;
EJ051124.TXT;005621;004516;20241104;12:42;825.00;;;;165.00;;;;;990.00;;990.00;
EJ051124.TXT;005622;004517;20241104;12:43;825.00;;;;165.00;;;;;990.00;;990.00;
EJ051124.TXT;005623;004518;20241104;12:43;825.00;;;;165.00;;;;;990.00;;990.00;
EJ051124.TXT;005624;004519;20241104;12:43;577.50;;;;115.50;;;;;693.00;;693.00;
EJ051124.TXT;005625;004520;20241104;15:24;208.33;;;;41.67;;;;;250.00;;250.00;
EJ051124.TXT;005626;004521;20241105;12:46;132.42;;;;26.48;;;;;158.90;;158.90;
EJ051124.TXT;005627;004522;20241105;17:19;166.67;;;;33.33;;;;;200.00;;200.00;
EJ051124.TXT;005628;004523;20241105;17:19;24.17;;;;4.83;;;;;29.00;29.00;;
EJ051124.TXT;005629;004524;20241105;17:22;208.33;;;;41.67;;;;;250.00;;250.00;
EJ301124.TXT;005637;004525;20241106;09:48;208.33;;;;41.67;;;;;250.00;;250.00;
EJ301124.TXT;005638;004526;20241108;18:23;324.17;;;;64.83;;;;;389.00;389.00;;
EJ301124.TXT;005639;004527;20241108;18:40;33.25;;;;6.65;;;;;39.90;39.90;;
EJ301124.TXT;005640;004528;20241109;16:17;93.15;;;;18.63;;;;;111.78;111.78;;
EJ301124.TXT;005641;004529;20241109;16:18;163.35;;;;32.67;;;;;196.02;196.02;;
EJ301124.TXT;005642;004530;20241118;15:40;830.00;;;;166.00;;;;;996.00;;996.00;
EJ301124.TXT;005643;004531;20241118;16:36;208.33;;;;41.67;;;;;250.00;;250.00;
EJ301124.TXT;005644;004532;20241119;11:56;190.83;;;;38.17;;;;;229.00;229.00;;
EJ301124.TXT;005645;004533;20241125;11:36;199.17;;;;39.83;;;;;239.00;239.00;;
EJ301124.TXT;005646;004534;20241129;17:20;208.33;;;;41.67;;;;;250.00;;250.00;
EJ301124.TXT;005647;004535;20241130;15:32;1210.75;;;;242.15;;;;;1452.90;1452.90;;
EJ301124.TXT;005648;004536;20241130;16:29;274.17;;;;54.83;;;;;329.00;329.00;;
EJ020125.TXT;005656;004537;20241203;16:04;124.17;;;;24.83;;;;;149.00;149.00;;
EJ020125.TXT;005657;004538;20241203;17:35;208.33;;;;41.67;;;;;250.00;;250.00;
EJ020125.TXT;005658;004539;20241206;11:59;548.33;;;;109.67;;;;;658.00;;658.00;
EJ020125.TXT;005659;004540;20241206;11:59;548.33;;;;109.67;;;;;658.00;;658.00;
EJ020125.TXT;005660;004541;20241206;18:13;166.33;;;;33.27;;;;;199.60;;199.60;
EJ020125.TXT;005661;004542;20241209;14:35;648.17;;;;129.63;;;;;777.80;;777.80;
EJ020125.TXT;005662;004543;20241211;11:36;1096.67;;;;219.33;;;;;1316.00;1316.00;;
EJ020125.TXT;005663;004544;20241212;12:56;548.33;;;;109.67;;;;;658.00;;658.00;
EJ020125.TXT;005664;004545;20241217;14:57;548.33;;;;109.67;;;;;658.00;;658.00;
EJ020125.TXT;005665;004546;20241218;11:36;749.58;;;;149.92;;;;;899.50;;899.50;
EJ020125.TXT;005666;004547;20241218;11:36;749.58;;;;149.92;;;;;899.50;;899.50;
EJ020125.TXT;005667;004548;20241218;11:36;299.83;;;;59.97;;;;;359.80;;359.80;
EJ020125.TXT;005668;004549;20241218;14:52;548.33;;;;109.67;;;;;658.00;;658.00;
EJ020125.TXT;005669;004550;20241218;14:56;73.33;;;;14.67;;;;;88.00;88.00;;
EJ020125.TXT;005670;004551;20241218;15:42;424.08;;;;84.82;;;;;508.90;;508.90;
EJ020125.TXT;005671;004552;20241219;16:37;83.00;;;;16.60;;;;;99.60;;99.60;
EJ020125.TXT;005672;004553;20241219;17:31;329.17;;;;65.83;;;;;395.00;;395.00;
EJ020125.TXT;005673;004554;20241219;18:17;548.33;;;;109.67;;;;;658.00;;658.00;
EJ020125.TXT;005674;004555;20241219;18:17;548.33;;;;109.67;;;;;658.00;;658.00;
EJ020125.TXT;005675;004556;20241220;10:07;548.33;;;;109.67;;;;;658.00;;658.00;
EJ020125.TXT;005676;004557;20241220;10:07;548.33;;;;109.67;;;;;658.00;;658.00;
EJ020125.TXT;005677;004558;20241220;10:16;208.33;;;;41.67;;;;;250.00;;250.00;
EJ020125.TXT;005678;004559;20241223;14:50;208.33;;;;41.67;;;;;250.00;;250.00;
EJ020125.TXT;005679;004560;20241227;11:13;41.58;;;;8.32;;;;;49.90;;49.90;
EJ020125.TXT;005680;004561;20241227;11:18;208.33;;;;41.67;;;;;250.00;;250.00;
EJ020125.TXT;005681;004562;20241230;17:51;274.17;;;;54.83;;;;;329.00;329.00;;
EJ030225.TXT;005689;004563;20250106;14:36;822.50;;;;164.50;;;;;987.00;;987.00;
EJ030225.TXT;005690;004564;20250108;16:16;149.92;;;;29.98;;;;;179.90;;179.90;
EJ030225.TXT;005691;004565;20250110;16:53;208.33;;;;41.67;;;;;250.00;;250.00;
EJ030225.TXT;005692;004566;20250110;18:05;57.50;;;;11.50;;;;;69.00;;69.00;
EJ030225.TXT;005693;004567;20250113;12:22;149.92;;;;29.98;;;;;179.90;179.90;;
EJ030225.TXT;005694;004568;20250113;12:29;248.33;;;;49.67;;;;;298.00;298.00;;
EJ030225.TXT;005695;004569;20250113;16:37;208.33;;;;41.67;;;;;250.00;;250.00;
EJ030225.TXT;005696;004570;20250114;15:17;548.33;;;;109.67;;;;;658.00;;658.00;
EJ030225.TXT;005697;004571;20250115;10:59;190.83;;;;38.17;;;;;229.00;;229.00;
EJ030225.TXT;005698;004572;20250115;14:50;548.33;;;;109.67;;;;;658.00;;658.00;
EJ030225.TXT;005699;004573;20250116;15:41;208.33;;;;41.67;;;;;250.00;;250.00;
EJ030225.TXT;005700;004574;20250116;16:00;274.17;;;;54.83;;;;;329.00;;329.00;
EJ030225.TXT;005701;004575;20250116;18:13;274.17;;;;54.83;;;;;329.00;329.00;;
EJ030225.TXT;005702;004576;20250117;17:34;208.33;;;;41.67;;;;;250.00;;250.00;
EJ030225.TXT;005703;004577;20250118;15:09;33.25;;;;6.65;;;;;39.90;39.90;;
EJ030225.TXT;005704;004578;20250121;16:53;274.17;;;;54.83;;;;;329.00;329.00;;
EJ030225.TXT;005705;004579;20250127;12:13;33.25;;;;6.65;;;;;39.90;39.90;;
EJ030225.TXT;005706;004580;20250128;10:10;274.17;;;;54.83;;;;;329.00;329.00;;
EJ030225.TXT;005707;004581;20250128;12:39;465.00;;;;93.00;;;;;558.00;558.00;;
EJ030225.TXT;005708;004582;20250128;14:45;274.17;;;;54.83;;;;;329.00;;329.00;
EJ030225.TXT;005709;004583;20250129;12:12;33.25;;;;6.65;;;;;39.90;39.90;;
EJ030225.TXT;005710;004584;20250129;15:04;66.50;;;;13.30;;;;;79.80;;79.80;
EJ030225.TXT;005711;004585;20250129;16:27;240.75;;;;48.15;;;;;288.90;288.90;;
EJ030225.TXT;005712;004586;20250129;16:43;208.33;;;;41.67;;;;;250.00;;250.00;
EJ030225.TXT;005713;004587;20250131;16:06;548.33;;;;109.67;;;;;658.00;658.00;;
EJ030225.TXT;005714;004588;20250131;17:19;548.33;;;;109.67;;;;;658.00;;658.00;
EJ030225.TXT;005715;004589;20250131;17:39;208.33;;;;41.67;;;;;250.00;;250.00;
EJ030225.TXT;005716;004590;20250203;10:41;274.17;;;;54.83;;;;;329.00;;329.00;
EJ030225.TXT;005717;004591;20250203;10:41;274.17;;;;54.83;;;;;329.00;;329.00;
EJ010325.TXT;005725;004592;20250203;14:34;1370.83;;;;274.17;;;;;1645.00;1645.00;;
EJ010325.TXT;005726;004593;20250203;14:35;1595.00;;;;319.00;;;;;1914.00;1914.00;;
EJ010325.TXT;005727;004594;20250203;14:35;1595.00;;;;319.00;;;;;1914.00;1914.00;;
EJ010325.TXT;005728;004595;20250206;12:47;830.00;;;;166.00;;;;;996.00;;996.00;
EJ010325.TXT;005729;004596;20250206;17:45;548.33;;;;109.67;;;;;658.00;;658.00;
EJ010325.TXT;005730;004597;20250207;16:53;208.33;;;;41.67;;;;;250.00;;250.00;
EJ010325.TXT;005731;004598;20250210;15:37;124.17;;;;24.83;;;;;149.00;149.00;;
EJ010325.TXT;005732;004599;20250211;11:31;465.83;;;;93.17;;;;;559.00;559.00;;
EJ010325.TXT;005733;004600;20250213;15:40;531.67;;;;106.33;;;;;638.00;;638.00;
EJ010325.TXT;005734;004601;20250215;17:39;548.33;;;;109.67;;;;;658.00;658.00;;
EJ010325.TXT;005735;004602;20250217;16:57;208.33;;;;41.67;;;;;250.00;;250.00;
EJ010325.TXT;005736;004603;20250219;14:17;816.67;;;;163.33;;;;;980.00;;980.00;
EJ010325.TXT;005737;004604;20250219;14:17;733.33;;;;146.67;;;;;880.00;;880.00;
EJ010325.TXT;005738;004605;20250220;15:41;548.33;;;;109.67;;;;;658.00;;658.00;
EJ010325.TXT;005739;004606;20250221;14:52;548.33;;;;109.67;;;;;658.00;658.00;;
EJ010325.TXT;005740;004607;20250221;15:29;208.33;;;;41.67;;;;;250.00;;250.00;
EJ010325.TXT;005741;004608;20250224;16:55;99.83;;;;19.97;;;;;119.80;;119.80;
EJ010325.TXT;005742;004609;20250225;10:24;458.33;;;;91.67;;;;;550.00;;550.00;
EJ010325.TXT;005743;004610;20250225;10:24;416.67;;;;83.33;;;;;500.00;;500.00;
EJ010325.TXT;005744;004611;20250225;12:05;833.33;;;;166.67;;;;;1000.00;;1000.00;
EJ010325.TXT;005745;004612;20250225;12:06;416.67;;;;83.33;;;;;500.00;;500.00;
EJ010325.TXT;005746;004613;20250225;15:53;1063.33;;;;212.67;;;;;1276.00;;1276.00;
EJ010325.TXT;005747;004614;20250228;18:33;689.17;;;;137.83;;;;;827.00;;827.00;
EJ290325.TXT;005755;004615;20250304;11:04;416.67;;;;83.33;;;;;500.00;;500.00;
EJ290325.TXT;005756;004616;20250304;16:20;548.33;;;;109.67;;;;;658.00;;658.00;
EJ290325.TXT;005757;004617;20250304;17:46;247.50;;;;49.50;;;;;297.00;297.00;;
EJ290325.TXT;005758;004618;20250304;18:21;822.50;;;;164.50;;;;;987.00;;987.00;
EJ290325.TXT;005759;004619;20250304;18:23;822.50;;;;164.50;;;;;987.00;;987.00;
EJ290325.TXT;005760;004620;20250305;10:28;416.67;;;;83.33;;;;;500.00;;500.00;
EJ290325.TXT;005761;004621;20250307;16:01;833.33;;;;166.67;;;;;1000.00;1000.00;;
EJ290325.TXT;005762;004622;20250308;17:39;199.17;;;;39.83;;;;;239.00;239.00;;
EJ290325.TXT;005763;004623;20250308;18:31;73.33;;;;14.67;;;;;88.00;88.00;;
EJ290325.TXT;005764;004624;20250310;11:34;49.92;;;;9.98;;;;;59.90;;59.90;
EJ290325.TXT;005765;004625;20250312;18:32;274.17;;;;54.83;;;;;329.00;;329.00;
EJ290325.TXT;005766;004626;20250313;15:59;324.17;;;;64.83;;;;;389.00;389.00;;
EJ290325.TXT;005767;004627;20250315;15:39;4579.17;;;;915.83;;;;;5495.00;5495.00;;
EJ290325.TXT;005768;004628;20250321;15:09;99.83;;;;19.97;;;;;119.80;;119.80;
EJ290325.TXT;005769;004629;20250321;15:32;274.17;;;;54.83;;;;;329.00;;329.00;
EJ290325.TXT;005770;004630;20250322;17:50;274.17;;;;54.83;;;;;329.00;;329.00;
EJ290325.TXT;005771;004631;20250324;11:20;190.83;;;;38.17;;;;;229.00;229.00;;
EJ290325.TXT;005772;004632;20250326;12:39;1412.50;;;;282.50;;;;;1695.00;1695.00;;
EJ290325.TXT;005773;004633;20250326;19:00;797.50;;;;159.50;;;;;957.00;;957.00;
EJ290325.TXT;005774;004634;20250326;19:00;531.67;;;;106.33;;;;;638.00;;638.00;
EJ290325.TXT;005775;004635;20250326;19:03;789.17;;;;157.83;;;;;947.00;;947.00;
EJ290325.TXT;005776;004636;20250326;19:03;274.17;;;;54.83;;;;;329.00;;329.00;
EJ290325.TXT;005777;004637;20250326;19:03;265.83;;;;53.17;;;;;319.00;;319.00;
EJ290325.TXT;005778;004638;20250326;19:04;257.50;;;;51.50;;;;;309.00;;309.00;
EJ290325.TXT;005779;004639;20250326;19:05;531.67;;;;106.33;;;;;638.00;;638.00;
EJ290325.TXT;005780;004640;20250326;19:05;531.67;;;;106.33;;;;;638.00;;638.00;
EJ290325.TXT;005781;004641;20250327;11:07;82.50;;;;16.50;;;;;99.00;;99.00;
EJ290325.TXT;005782;004642;20250327;11:36;124.17;;;;24.83;;;;;149.00;149.00;;
EJ290325.TXT;005783;004643;20250328;12:41;833.33;;;;166.67;;;;;1000.00;;1000.00;
EJ290325.TXT;005784;004644;20250328;12:42;315.83;;;;63.17;;;;;379.00;;379.00;
EJ010725.TXT;005793;004645;20250407;16:10;548.33;;;;109.67;;;;;658.00;;658.00;
EJ010725.TXT;005794;004646;20250407;16:13;208.33;;;;41.67;;;;;250.00;;250.00;
EJ010725.TXT;005795;004647;20250407;16:38;82.50;;;;16.50;;;;;99.00;99.00;;
EJ010725.TXT;005796;004648;20250407;16:54;465.83;;;;93.17;;;;;559.00;;559.00;
EJ010725.TXT;005797;004649;20250407;17:01;83.17;;;;16.63;;;;;99.80;;99.80;
EJ010725.TXT;005798;004650;20250408;10:33;274.17;;;;54.83;;;;;329.00;;329.00;
EJ010725.TXT;005799;004651;20250408;16:01;208.33;;;;41.67;;;;;250.00;;250.00;
EJ010725.TXT;005800;004652;20250409;14:53;41.58;;;;8.32;;;;;49.90;49.90;;
EJ010725.TXT;005801;004653;20250410;14:26;548.33;;;;109.67;;;;;658.00;658.00;;
EJ010725.TXT;005802;004654;20250411;10:44;626.67;;;;125.33;;;;;752.00;752.00;;
EJ010725.TXT;005803;004655;20250411;17:22;656.67;;;;131.33;;;;;788.00;;788.00;
EJ010725.TXT;005804;004656;20250415;17:30;845.00;;;;169.00;;;;;1014.00;1014.00;;
EJ010725.TXT;005805;004657;20250418;12:41;208.33;;;;41.67;;;;;250.00;;250.00;
EJ010725.TXT;005806;004658;20250419;15:25;107.42;;;;21.48;;;;;128.90;;128.90;
EJ010725.TXT;005807;004659;20250423;15:56;208.33;;;;41.67;;;;;250.00;;250.00;
EJ010725.TXT;005808;004660;20250423;17:13;66.50;;;;13.30;;;;;79.80;79.80;;
EJ010725.TXT;005809;004661;20250428;10:23;82.50;;;;16.50;;;;;99.00;;99.00;
EJ010725.TXT;005810;004662;20250430;10:38;315.75;;;;63.15;;;;;378.90;378.90;;
EJ010725.TXT;005811;004663;20250430;15:23;274.17;;;;54.83;;;;;329.00;329.00;;
EJ010725.TXT;005812;004664;20250505;09:49;208.33;;;;41.67;;;;;250.00;;250.00;
EJ010725.TXT;005813;004665;20250505;14:49;548.33;;;;109.67;;;;;658.00;658.00;;
EJ010725.TXT;005814;004666;20250506;13:59;274.17;;;;54.83;;;;;329.00;;329.00;
EJ010725.TXT;005815;004667;20250509;16:03;548.33;;;;109.67;;;;;658.00;;658.00;
EJ010725.TXT;005816;004668;20250509;16:05;208.33;;;;41.67;;;;;250.00;;250.00;
EJ010725.TXT;005817;004669;20250517;17:14;274.17;;;;54.83;;;;;329.00;329.00;;
EJ010725.TXT;005818;004670;20250518;18:35;74.92;;;;14.98;;;;;89.90;89.90;;
EJ010725.TXT;005820;004671;20250528;14:49;548.33;;;;109.67;;;;;658.00;658.00;;
EJ010725.TXT;005821;004672;20250605;16:58;865.00;;;;173.00;;;;;1038.00;;1038.00;
EJ010725.TXT;005822;004673;20250607;15:32;33.25;;;;6.65;;;;;39.90;39.90;;
EJ010725.TXT;005823;004674;20250612;09:30;199.17;;;;39.83;;;;;239.00;239.00;;
EJ010725.TXT;005824;004675;20250612;14:45;250.00;;;;50.00;;;;;300.00;;300.00;
EJ010725.TXT;005825;004676;20250612;14:46;24.17;;;;4.83;;;;;29.00;29.00;;
EJ010725.TXT;005826;004677;20250626;15:26;199.17;;;;39.83;;;;;239.00;239.00;;
EJ010725.TXT;005827;004678;20250627;17:12;274.17;;;;54.83;;;;;329.00;;329.00;
EJ310725.TXT;005835;004679;20250707;10:59;190.83;;;;38.17;;;;;229.00;229.00;;
EJ310725.TXT;005836;004680;20250707;16:48;274.17;;;;54.83;;;;;329.00;;329.00;
EJ310725.TXT;005837;004681;20250708;11:39;1645.00;;;;329.00;;;;;1974.00;1974.00;;
EJ310725.TXT;005838;004682;20250711;17:08;190.83;;;;38.17;;;;;229.00;229.00;;
EJ310725.TXT;005839;004683;20250715;10:51;832.50;;;;166.50;;;;;999.00;;999.00;
EJ310725.TXT;005840;004684;20250715;10:52;833.33;;;;166.67;;;;;1000.00;;1000.00;
EJ310725.TXT;005841;004685;20250715;10:53;825.00;;;;165.00;;;;;990.00;;990.00;
EJ310725.TXT;005842;004686;20250715;10:54;690.83;;;;138.17;;;;;829.00;;829.00;
EJ310725.TXT;005843;004687;20250715;10:55;833.33;;;;166.67;;;;;1000.00;;1000.00;
EJ310725.TXT;005844;004688;20250715;10:56;674.17;;;;134.83;;;;;809.00;;809.00;
EJ310725.TXT;005845;004689;20250715;11:00;40.75;;;;8.15;;;;;48.90;;48.90;
EJ310725.TXT;005846;004690;20250716;13:34;375.00;;;;75.00;;;;;450.00;;450.00;
EJ310725.TXT;005847;004691;20250716;13:34;525.83;;;;105.17;;;;;631.00;;631.00;
EJ310725.TXT;005848;004692;20250716;14:46;822.50;;;;164.50;;;;;987.00;;987.00;
EJ310725.TXT;005849;004693;20250716;14:46;822.50;;;;164.50;;;;;987.00;;987.00;
EJ310725.TXT;005850;004694;20250716;14:47;274.17;;;;54.83;;;;;329.00;;329.00;
EJ310725.TXT;005851;004695;20250718;09:48;799.17;;;;159.83;;;;;959.00;;959.00;
EJ310725.TXT;005852;004696;20250718;09:49;799.17;;;;159.83;;;;;959.00;;959.00;
EJ310725.TXT;005853;004697;20250718;09:49;799.17;;;;159.83;;;;;959.00;;959.00;
EJ310725.TXT;005854;004698;20250718;09:50;799.17;;;;159.83;;;;;959.00;;959.00;
EJ310725.TXT;005855;004699;20250718;09:50;799.17;;;;159.83;;;;;959.00;;959.00;
EJ310725.TXT;005856;004700;20250718;09:51;799.17;;;;159.83;;;;;959.00;;959.00;
EJ310725.TXT;005857;004701;20250718;09:51;795.00;;;;159.00;;;;;954.00;;954.00;
EJ310725.TXT;005858;004702;20250723;14:12;548.33;;;;109.67;;;;;658.00;;658.00;
EJ310725.TXT;005859;004703;20250723;14:15;110.00;;;;22.00;;;;;132.00;;132.00;
EJ310725.TXT;005860;004704;20250725;16:38;124.17;;;;24.83;;;;;149.00;149.00;;
EJ310725.TXT;005861;004705;20250730;17:33;597.50;;;;119.50;;;;;717.00;;717.00;
EJ020925.TXT;005870;004706;20250806;16:53;82.50;;;;16.50;;;;;99.00;;99.00;
EJ020925.TXT;005871;004707;20250814;16:39;548.33;;;;109.67;;;;;658.00;658.00;;
EJ020925.TXT;005872;004708;20250820;14:37;274.17;;;;54.83;;;;;329.00;;329.00;
EJ020925.TXT;005873;004709;20250821;09:43;82.50;;;;16.50;;;;;99.00;;99.00;
EJ020925.TXT;005874;004710;20250822;16:59;548.33;;;;109.67;;;;;658.00;;658.00;
EJ020925.TXT;005875;004711;20250827;13:45;822.50;;;;164.50;;;;;987.00;987.00;;
EJ020925.TXT;005876;004712;20250827;15:09;333.33;;;;66.67;;;;;400.00;;400.00;
EJ020925.TXT;005877;004713;20250827;15:09;355.83;;;;71.17;;;;;427.00;427.00;;
EJ020925.TXT;005878;004714;20250827;15:37;274.17;;;;54.83;;;;;329.00;;329.00;
