nomfichier;E_MODELE;E_MACHINE;E_RAPPORT;E_FICHIER;E_MODE;E_COMPTEUR_Z;E_DATE;E_HEURE;D_ENREGISTREMENT;D_DESIGNATION;D_QUANTITE;D_MONTANT
Z002_31B_072025_MASSENA.CSV;;MC#01;TRANSACTION;FILE002;Z;0020;2025-07-31;18:40;0001;ESPECES;402.00;221991.10
Z002_31B_072025_MASSENA.CSV;;MC#01;TRANSACTION;FILE002;Z;0020;2025-07-31;18:40;0002;SOUS-TOTAL;0.00;0.00
Z002_31B_072025_MASSENA.CSV;;MC#01;TRANSACTION;FILE002;Z;0020;2025-07-31;18:40;0003;CARTES;150.00;108512.50
Z002_31B_072025_MASSENA.CSV;;MC#01;TRANSACTION;FILE002;Z;0020;2025-07-31;18:40;0004;CHEQUES;0.00;0.00
Z002_31B_072025_MASSENA.CSV;;MC#01;TRANSACTION;FILE002;Z;0020;2025-07-31;18:40;0005;AIDE;0.00;0.00
Z002_31B_072025_MASSENA.CSV;;MC#01;TRANSACTION;FILE002;Z;0020;2025-07-31;18:40;0006;TAX PGM;0.00;0.00
Z002_31B_072025_MASSENA.CSV;;MC#01;TRANSACTION;FILE002;Z;0020;2025-07-31;18:40;0007;SORTIECAISSE;0.00;0.00
Z002_31B_072025_MASSENA.CSV;;MC#01;TRANSACTION;FILE002;Z;0020;2025-07-31;18:40;0008;REC&ACCOMPTE;0.00;0.00
Z002_31B_072025_MASSENA.CSV;;MC#01;TRANSACTION;FILE002;Z;0020;2025-07-31;18:40;0009;SIGN-OFF;0.00;0.00
Z002_31B_072025_MASSENA.CSV;;MC#01;TRANSACTION;FILE002;Z;0020;2025-07-31;18:40;0010;NUM CAISSIER;0.00;0.00
Z002_31B_072025_MASSENA.CSV;;MC#01;TRANSACTION;FILE002;Z;0020;2025-07-31;18:40;0011;SHIFT/No;0.00;0.00
Z002_31B_072025_MASSENA.CSV;;MC#01;TRANSACTION;FILE002;Z;0020;2025-07-31;18:40;0012;DWN;0.00;0.00
Z002_31B_072025_MASSENA.CSV;;MC#01;TRANSACTION;FILE002;Z;0020;2025-07-31;18:40;0013;REMISE %-;0.00;0.00
Z002_31B_072025_MASSENA.CSV;;MC#01;TRANSACTION;FILE002;Z;0020;2025-07-31;18:40;0014;REMISE -;0.00;0.00
Z002_31B_072025_MASSENA.CSV;;MC#01;TRANSACTION;FILE002;Z;0020;2025-07-31;18:40;0015;PLU;0.00;0.00
Z002_31B_072025_MASSENA.CSV;;MC#01;TRANSACTION;FILE002;Z;0020;2025-07-31;18:40;0016;PRIX;0.00;0.00
Z002_31B_072025_MASSENA.CSV;;MC#01;TRANSACTION;FILE002;Z;0020;2025-07-31;18:40;0017;TICKETON/OFF;0.00;0.00
Z002_31B_072025_MASSENA.CSV;;MC#01;TRANSACTION;FILE002;Z;0020;2025-07-31;18:40;0018;CORRECTION;1.00;329.00
Z002_31B_072025_MASSENA.CSV;;MC#01;TRANSACTION;FILE002;Z;0020;2025-07-31;18:40;0019;RETOUR;0.00;0.00
Z002_31B_072025_MASSENA.CSV;;MC#01;TRANSACTION;FILE002;Z;0020;2025-07-31;18:40;0020;OUVERTURE;0.00;0.00
Z002_31B_072025_MASSENA.CSV;;MC#01;TRANSACTION;FILE002;Z;0020;2025-07-31;18:40;0021;RAPPELTICKET;0.00;0.00
Z002_31B_072025_MASSENA.CSV;;MC#01;TRANSACTION;FILE002;Z;0020;2025-07-31;18:40;0022;00;0.00;0.00
Z002_31B_072025_MASSENA.CSV;;MC#01;TRANSACTION;FILE002;Z;0020;2025-07-31;18:40;0023;.;0.00;0.00
Z002_31B_072025_MASSENA.CSV;;MC#01;TRANSACTION;FILE002;Z;0020;2025-07-31;18:40;0024;IMPRIME TVA;0.00;0.00
Z002_31B_072025_MASSENA.CSV;;MC#01;TRANSACTION;FILE002;Z;0020;2025-07-31;18:40;0025;TIROIR;0.00;0.00
Z002_31B_072025_MASSENA.CSV;;MC#01;TRANSACTION;FILE002;Z;0020;2025-07-31;18:40;0026;COUPON;0.00;0.00
Z002_31B_072025_MASSENA.CSV;;MC#01;TRANSACTION;FILE002;Z;0020;2025-07-31;18:40;0027;UP;0.00;0.00
Z002_31B_072025_MASSENA.CSV;;MC#01;TRANSACTION;FILE002;Z;0020;2025-07-31;18:40;0028;CHANGE;0.00;0.00
Z002_31B_072025_MASSENA.CSV;;MC#01;TRANSACTION;FILE002;Z;0020;2025-07-31;18:40;0029;X;0.00;0.00
Z002_31B_072025_MASSENA.CSV;;MC#01;TRANSACTION;FILE002;Z;0020;2025-07-31;18:40;0030;REFERENCE;0.00;0.00
Z002_31B_072025_MASSENA.CSV;;MC#01;TRANSACTION;FILE002;Z;0020;2025-07-31;18:40;0031;REF./TIROIR;4.00;0.00
Z002_31B_072025_MASSENA.CSV;;MC#01;TRANSACTION;FILE002;Z;0020;2025-07-31;18:40;0032;ANNULATION;0.00;0.00
Z002_31B_072025_MASSENA.CSV;;MC#01;TRANSACTION;FILE002;Z;0020;2025-07-31;18:40;0033;;0.00;0.00
Z002_31B_072025_MASSENA.CSV;;MC#01;TRANSACTION;FILE002;Z;0020;2025-07-31;18:40;0034;;0.00;0.00
Z002_31B_072025_MASSENA.CSV;;MC#01;TRANSACTION;FILE002;Z;0020;2025-07-31;18:40;0035;;0.00;0.00
Z002_31B_072025_MASSENA.CSV;;MC#01;TRANSACTION;FILE002;Z;0020;2025-07-31;18:40;0036;;0.00;0.00
Z002_31B_072025_MASSENA.CSV;;MC#01;TRANSACTION;FILE002;Z;0020;2025-07-31;18:40;0037;;0.00;0.00
Z002_31B_072025_MASSENA.CSV;;MC#01;TRANSACTION;FILE002;Z;0020;2025-07-31;18:40;0038;;0.00;0.00
Z002_31B_072025_MASSENA.CSV;;MC#01;TRANSACTION;FILE002;Z;0020;2025-07-31;18:40;0039;;0.00;0.00
Z002_31B_072025_MASSENA.CSV;;MC#01;TRANSACTION;FILE002;Z;0020;2025-07-31;18:40;0040;;0.00;0.00
Z002_31B_072025_MASSENA.CSV;;MC#01;TRANSACTION;FILE002;Z;0020;2025-07-31;18:40;0041;;0.00;0.00
Z002_31B_072025_MASSENA.CSV;;MC#01;TRANSACTION;FILE002;Z;0020;2025-07-31;18:40;0042;;0.00;0.00
Z002_31B_072025_MASSENA.CSV;;MC#01;TRANSACTION;FILE002;Z;0020;2025-07-31;18:40;0043;;0.00;0.00
Z002_31B_072025_MASSENA.CSV;;MC#01;TRANSACTION;FILE002;Z;0020;2025-07-31;18:40;0044;;0.00;0.00
Z002_31B_072025_MASSENA.CSV;;MC#01;TRANSACTION;FILE002;Z;0020;2025-07-31;18:40;0045;;0.00;0.00
Z002_31B_072025_MASSENA.CSV;;MC#01;TRANSACTION;FILE002;Z;0020;2025-07-31;18:40;0046;;0.00;0.00
Z002_31B_072025_MASSENA.CSV;;MC#01;TRANSACTION;FILE002;Z;0020;2025-07-31;18:40;0047;;0.00;0.00
Z002_31B_072025_MASSENA.CSV;;MC#01;TRANSACTION;FILE002;Z;0020;2025-07-31;18:40;0048;;0.00;0.00
Z002_31B_072025_MASSENA.CSV;;MC#01;TRANSACTION;FILE002;Z;0020;2025-07-31;18:40;0049;;0.00;0.00
Z002_31B_072025_MASSENA.CSV;;MC#01;TRANSACTION;FILE002;Z;0020;2025-07-31;18:40;0050;;0.00;0.00
Z102_01_022025_MASSENA.CSV;;MC#01;TRANSACTION;FILE102;ZZ1;0086;2025-03-01;15:41;0001;ESPECES;16.00;10332.80
Z102_01_022025_MASSENA.CSV;;MC#01;TRANSACTION;FILE102;ZZ1;0086;2025-03-01;15:41;0002;SOUS-TOTAL;0.00;0.00
Z102_01_022025_MASSENA.CSV;;MC#01;TRANSACTION;FILE102;ZZ1;0086;2025-03-01;15:41;0003;CARTES;7.00;7497.00
Z102_01_022025_MASSENA.CSV;;MC#01;TRANSACTION;FILE102;ZZ1;0086;2025-03-01;15:41;0004;CHEQUES;0.00;0.00
Z102_01_022025_MASSENA.CSV;;MC#01;TRANSACTION;FILE102;ZZ1;0086;2025-03-01;15:41;0005;AIDE;0.00;0.00
Z102_01_022025_MASSENA.CSV;;MC#01;TRANSACTION;FILE102;ZZ1;0086;2025-03-01;15:41;0006;TAX PGM;0.00;0.00
Z102_01_022025_MASSENA.CSV;;MC#01;TRANSACTION;FILE102;ZZ1;0086;2025-03-01;15:41;0007;SORTIECAISSE;0.00;0.00
Z102_01_022025_MASSENA.CSV;;MC#01;TRANSACTION;FILE102;ZZ1;0086;2025-03-01;15:41;0008;REC&ACCOMPTE;0.00;0.00
Z102_01_022025_MASSENA.CSV;;MC#01;TRANSACTION;FILE102;ZZ1;0086;2025-03-01;15:41;0009;SIGN-OFF;0.00;0.00
Z102_01_022025_MASSENA.CSV;;MC#01;TRANSACTION;FILE102;ZZ1;0086;2025-03-01;15:41;0010;NUM CAISSIER;0.00;0.00
Z102_01_022025_MASSENA.CSV;;MC#01;TRANSACTION;FILE102;ZZ1;0086;2025-03-01;15:41;0011;SHIFT/No;0.00;0.00
Z102_01_022025_MASSENA.CSV;;MC#01;TRANSACTION;FILE102;ZZ1;0086;2025-03-01;15:41;0012;DWN;0.00;0.00
Z102_01_022025_MASSENA.CSV;;MC#01;TRANSACTION;FILE102;ZZ1;0086;2025-03-01;15:41;0013;REMISE %-;0.00;0.00
Z102_01_022025_MASSENA.CSV;;MC#01;TRANSACTION;FILE102;ZZ1;0086;2025-03-01;15:41;0014;REMISE -;0.00;0.00
Z102_01_022025_MASSENA.CSV;;MC#01;TRANSACTION;FILE102;ZZ1;0086;2025-03-01;15:41;0015;PLU;0.00;0.00
Z102_01_022025_MASSENA.CSV;;MC#01;TRANSACTION;FILE102;ZZ1;0086;2025-03-01;15:41;0016;PRIX;0.00;0.00
Z102_01_022025_MASSENA.CSV;;MC#01;TRANSACTION;FILE102;ZZ1;0086;2025-03-01;15:41;0017;TICKETON/OFF;0.00;0.00
Z102_01_022025_MASSENA.CSV;;MC#01;TRANSACTION;FILE102;ZZ1;0086;2025-03-01;15:41;0018;CORRECTION;1.00;329.00
Z102_01_022025_MASSENA.CSV;;MC#01;TRANSACTION;FILE102;ZZ1;0086;2025-03-01;15:41;0019;RETOUR;0.00;0.00
Z102_01_022025_MASSENA.CSV;;MC#01;TRANSACTION;FILE102;ZZ1;0086;2025-03-01;15:41;0020;OUVERTURE;0.00;0.00
Z102_01_022025_MASSENA.CSV;;MC#01;TRANSACTION;FILE102;ZZ1;0086;2025-03-01;15:41;0021;RAPPELTICKET;0.00;0.00
Z102_01_022025_MASSENA.CSV;;MC#01;TRANSACTION;FILE102;ZZ1;0086;2025-03-01;15:41;0022;00;0.00;0.00
Z102_01_022025_MASSENA.CSV;;MC#01;TRANSACTION;FILE102;ZZ1;0086;2025-03-01;15:41;0023;.;0.00;0.00
Z102_01_022025_MASSENA.CSV;;MC#01;TRANSACTION;FILE102;ZZ1;0086;2025-03-01;15:41;0024;IMPRIME TVA;0.00;0.00
Z102_01_022025_MASSENA.CSV;;MC#01;TRANSACTION;FILE102;ZZ1;0086;2025-03-01;15:41;0025;TIROIR;0.00;0.00
Z102_01_022025_MASSENA.CSV;;MC#01;TRANSACTION;FILE102;ZZ1;0086;2025-03-01;15:41;0026;COUPON;0.00;0.00
Z102_01_022025_MASSENA.CSV;;MC#01;TRANSACTION;FILE102;ZZ1;0086;2025-03-01;15:41;0027;UP;0.00;0.00
Z102_01_022025_MASSENA.CSV;;MC#01;TRANSACTION;FILE102;ZZ1;0086;2025-03-01;15:41;0028;CHANGE;0.00;0.00
Z102_01_022025_MASSENA.CSV;;MC#01;TRANSACTION;FILE102;ZZ1;0086;2025-03-01;15:41;0029;X;0.00;0.00
Z102_01_022025_MASSENA.CSV;;MC#01;TRANSACTION;FILE102;ZZ1;0086;2025-03-01;15:41;0030;REFERENCE;0.00;0.00
Z102_01_022025_MASSENA.CSV;;MC#01;TRANSACTION;FILE102;ZZ1;0086;2025-03-01;15:41;0031;REF./TIROIR;0.00;0.00
Z102_01_022025_MASSENA.CSV;;MC#01;TRANSACTION;FILE102;ZZ1;0086;2025-03-01;15:41;0032;ANNULATION;0.00;0.00
Z102_01_022025_MASSENA.CSV;;MC#01;TRANSACTION;FILE102;ZZ1;0086;2025-03-01;15:41;0033;;0.00;0.00
Z102_01_022025_MASSENA.CSV;;MC#01;TRANSACTION;FILE102;ZZ1;0086;2025-03-01;15:41;0034;;0.00;0.00
Z102_01_022025_MASSENA.CSV;;MC#01;TRANSACTION;FILE102;ZZ1;0086;2025-03-01;15:41;0035;;0.00;0.00
Z102_01_022025_MASSENA.CSV;;MC#01;TRANSACTION;FILE102;ZZ1;0086;2025-03-01;15:41;0036;;0.00;0.00
Z102_01_022025_MASSENA.CSV;;MC#01;TRANSACTION;FILE102;ZZ1;0086;2025-03-01;15:41;0037;;0.00;0.00
Z102_01_022025_MASSENA.CSV;;MC#01;TRANSACTION;FILE102;ZZ1;0086;2025-03-01;15:41;0038;;0.00;0.00
Z102_01_022025_MASSENA.CSV;;MC#01;TRANSACTION;FILE102;ZZ1;0086;2025-03-01;15:41;0039;;0.00;0.00
Z102_01_022025_MASSENA.CSV;;MC#01;TRANSACTION;FILE102;ZZ1;0086;2025-03-01;15:41;0040;;0.00;0.00
Z102_01_022025_MASSENA.CSV;;MC#01;TRANSACTION;FILE102;ZZ1;0086;2025-03-01;15:41;0041;;0.00;0.00
Z102_01_022025_MASSENA.CSV;;MC#01;TRANSACTION;FILE102;ZZ1;0086;2025-03-01;15:41;0042;;0.00;0.00
Z102_01_022025_MASSENA.CSV;;MC#01;TRANSACTION;FILE102;ZZ1;0086;2025-03-01;15:41;0043;;0.00;0.00
Z102_01_022025_MASSENA.CSV;;MC#01;TRANSACTION;FILE102;ZZ1;0086;2025-03-01;15:41;0044;;0.00;0.00
Z102_01_022025_MASSENA.CSV;;MC#01;TRANSACTION;FILE102;ZZ1;0086;2025-03-01;15:41;0045;;0.00;0.00
Z102_01_022025_MASSENA.CSV;;MC#01;TRANSACTION;FILE102;ZZ1;0086;2025-03-01;15:41;0046;;0.00;0.00
Z102_01_022025_MASSENA.CSV;;MC#01;TRANSACTION;FILE102;ZZ1;0086;2025-03-01;15:41;0047;;0.00;0.00
Z102_01_022025_MASSENA.CSV;;MC#01;TRANSACTION;FILE102;ZZ1;0086;2025-03-01;15:41;0048;;0.00;0.00
Z102_01_022025_MASSENA.CSV;;MC#01;TRANSACTION;FILE102;ZZ1;0086;2025-03-01;15:41;0049;;0.00;0.00
Z102_01_022025_MASSENA.CSV;;MC#01;TRANSACTION;FILE102;ZZ1;0086;2025-03-01;15:41;0050;;0.00;0.00
Z102_01_042025_052025_062025_MASSENA.CSV;;MC#01;TRANSACTION;FILE102;ZZ1;0088;2025-07-01;09:58;0001;ESPECES;18.00;6815.70
Z102_01_042025_052025_062025_MASSENA.CSV;;MC#01;TRANSACTION;FILE102;ZZ1;0088;2025-07-01;09:58;0002;SOUS-TOTAL;0.00;0.00
Z102_01_042025_052025_062025_MASSENA.CSV;;MC#01;TRANSACTION;FILE102;ZZ1;0088;2025-07-01;09:58;0003;CARTES;16.00;5642.40
Z102_01_042025_052025_062025_MASSENA.CSV;;MC#01;TRANSACTION;FILE102;ZZ1;0088;2025-07-01;09:58;0004;CHEQUES;0.00;0.00
Z102_01_042025_052025_062025_MASSENA.CSV;;MC#01;TRANSACTION;FILE102;ZZ1;0088;2025-07-01;09:58;0005;AIDE;0.00;0.00
Z102_01_042025_052025_062025_MASSENA.CSV;;MC#01;TRANSACTION;FILE102;ZZ1;0088;2025-07-01;09:58;0006;TAX PGM;0.00;0.00
Z102_01_042025_052025_062025_MASSENA.CSV;;MC#01;TRANSACTION;FILE102;ZZ1;0088;2025-07-01;09:58;0007;SORTIECAISSE;0.00;0.00
Z102_01_042025_052025_062025_MASSENA.CSV;;MC#01;TRANSACTION;FILE102;ZZ1;0088;2025-07-01;09:58;0008;REC&ACCOMPTE;0.00;0.00
Z102_01_042025_052025_062025_MASSENA.CSV;;MC#01;TRANSACTION;FILE102;ZZ1;0088;2025-07-01;09:58;0009;SIGN-OFF;0.00;0.00
Z102_01_042025_052025_062025_MASSENA.CSV;;MC#01;TRANSACTION;FILE102;ZZ1;0088;2025-07-01;09:58;0010;NUM CAISSIER;0.00;0.00
Z102_01_042025_052025_062025_MASSENA.CSV;;MC#01;TRANSACTION;FILE102;ZZ1;0088;2025-07-01;09:58;0011;SHIFT/No;0.00;0.00
Z102_01_042025_052025_062025_MASSENA.CSV;;MC#01;TRANSACTION;FILE102;ZZ1;0088;2025-07-01;09:58;0012;DWN;0.00;0.00
Z102_01_042025_052025_062025_MASSENA.CSV;;MC#01;TRANSACTION;FILE102;ZZ1;0088;2025-07-01;09:58;0013;REMISE %-;0.00;0.00
Z102_01_042025_052025_062025_MASSENA.CSV;;MC#01;TRANSACTION;FILE102;ZZ1;0088;2025-07-01;09:58;0014;REMISE -;0.00;0.00
Z102_01_042025_052025_062025_MASSENA.CSV;;MC#01;TRANSACTION;FILE102;ZZ1;0088;2025-07-01;09:58;0015;PLU;0.00;0.00
Z102_01_042025_052025_062025_MASSENA.CSV;;MC#01;TRANSACTION;FILE102;ZZ1;0088;2025-07-01;09:58;0016;PRIX;0.00;0.00
Z102_01_042025_052025_062025_MASSENA.CSV;;MC#01;TRANSACTION;FILE102;ZZ1;0088;2025-07-01;09:58;0017;TICKETON/OFF;0.00;0.00
Z102_01_042025_052025_062025_MASSENA.CSV;;MC#01;TRANSACTION;FILE102;ZZ1;0088;2025-07-01;09:58;0018;CORRECTION;0.00;0.00
Z102_01_042025_052025_062025_MASSENA.CSV;;MC#01;TRANSACTION;FILE102;ZZ1;0088;2025-07-01;09:58;0019;RETOUR;0.00;0.00
Z102_01_042025_052025_062025_MASSENA.CSV;;MC#01;TRANSACTION;FILE102;ZZ1;0088;2025-07-01;09:58;0020;OUVERTURE;0.00;0.00
Z102_01_042025_052025_062025_MASSENA.CSV;;MC#01;TRANSACTION;FILE102;ZZ1;0088;2025-07-01;09:58;0021;RAPPELTICKET;0.00;0.00
Z102_01_042025_052025_062025_MASSENA.CSV;;MC#01;TRANSACTION;FILE102;ZZ1;0088;2025-07-01;09:58;0022;00;0.00;0.00
Z102_01_042025_052025_062025_MASSENA.CSV;;MC#01;TRANSACTION;FILE102;ZZ1;0088;2025-07-01;09:58;0023;.;0.00;0.00
Z102_01_042025_052025_062025_MASSENA.CSV;;MC#01;TRANSACTION;FILE102;ZZ1;0088;2025-07-01;09:58;0024;IMPRIME TVA;0.00;0.00
Z102_01_042025_052025_062025_MASSENA.CSV;;MC#01;TRANSACTION;FILE102;ZZ1;0088;2025-07-01;09:58;0025;TIROIR;0.00;0.00
Z102_01_042025_052025_062025_MASSENA.CSV;;MC#01;TRANSACTION;FILE102;ZZ1;0088;2025-07-01;09:58;0026;COUPON;0.00;0.00
Z102_01_042025_052025_062025_MASSENA.CSV;;MC#01;TRANSACTION;FILE102;ZZ1;0088;2025-07-01;09:58;0027;UP;0.00;0.00
Z102_01_042025_052025_062025_MASSENA.CSV;;MC#01;TRANSACTION;FILE102;ZZ1;0088;2025-07-01;09:58;0028;CHANGE;0.00;0.00
Z102_01_042025_052025_062025_MASSENA.CSV;;MC#01;TRANSACTION;FILE102;ZZ1;0088;2025-07-01;09:58;0029;X;0.00;0.00
Z102_01_042025_052025_062025_MASSENA.CSV;;MC#01;TRANSACTION;FILE102;ZZ1;0088;2025-07-01;09:58;0030;REFERENCE;0.00;0.00
Z102_01_042025_052025_062025_MASSENA.CSV;;MC#01;TRANSACTION;FILE102;ZZ1;0088;2025-07-01;09:58;0031;REF./TIROIR;1.00;0.00
Z102_01_042025_052025_062025_MASSENA.CSV;;MC#01;TRANSACTION;FILE102;ZZ1;0088;2025-07-01;09:58;0032;ANNULATION;0.00;0.00
Z102_01_042025_052025_062025_MASSENA.CSV;;MC#01;TRANSACTION;FILE102;ZZ1;0088;2025-07-01;09:58;0033;;0.00;0.00
Z102_01_042025_052025_062025_MASSENA.CSV;;MC#01;TRANSACTION;FILE102;ZZ1;0088;2025-07-01;09:58;0034;;0.00;0.00
Z102_01_042025_052025_062025_MASSENA.CSV;;MC#01;TRANSACTION;FILE102;ZZ1;0088;2025-07-01;09:58;0035;;0.00;0.00
Z102_01_042025_052025_062025_MASSENA.CSV;;MC#01;TRANSACTION;FILE102;ZZ1;0088;2025-07-01;09:58;0036;;0.00;0.00
Z102_01_042025_052025_062025_MASSENA.CSV;;MC#01;TRANSACTION;FILE102;ZZ1;0088;2025-07-01;09:58;0037;;0.00;0.00
Z102_01_042025_052025_062025_MASSENA.CSV;;MC#01;TRANSACTION;FILE102;ZZ1;0088;2025-07-01;09:58;0038;;0.00;0.00
Z102_01_042025_052025_062025_MASSENA.CSV;;MC#01;TRANSACTION;FILE102;ZZ1;0088;2025-07-01;09:58;0039;;0.00;0.00
Z102_01_042025_052025_062025_MASSENA.CSV;;MC#01;TRANSACTION;FILE102;ZZ1;0088;2025-07-01;09:58;0040;;0.00;0.00
Z102_01_042025_052025_062025_MASSENA.CSV;;MC#01;TRANSACTION;FILE102;ZZ1;0088;2025-07-01;09:58;0041;;0.00;0.00
Z102_01_042025_052025_062025_MASSENA.CSV;;MC#01;TRANSACTION;FILE102;ZZ1;0088;2025-07-01;09:58;0042;;0.00;0.00
Z102_01_042025_052025_062025_MASSENA.CSV;;MC#01;TRANSACTION;FILE102;ZZ1;0088;2025-07-01;09:58;0043;;0.00;0.00
Z102_01_042025_052025_062025_MASSENA.CSV;;MC#01;TRANSACTION;FILE102;ZZ1;0088;2025-07-01;09:58;0044;;0.00;0.00
Z102_01_042025_052025_062025_MASSENA.CSV;;MC#01;TRANSACTION;FILE102;ZZ1;0088;2025-07-01;09:58;0045;;0.00;0.00
Z102_01_042025_052025_062025_MASSENA.CSV;;MC#01;TRANSACTION;FILE102;ZZ1;0088;2025-07-01;09:58;0046;;0.00;0.00
Z102_01_042025_052025_062025_MASSENA.CSV;;MC#01;TRANSACTION;FILE102;ZZ1;0088;2025-07-01;09:58;0047;;0.00;0.00
Z102_01_042025_052025_062025_MASSENA.CSV;;MC#01;TRANSACTION;FILE102;ZZ1;0088;2025-07-01;09:58;0048;;0.00;0.00
Z102_01_042025_052025_062025_MASSENA.CSV;;MC#01;TRANSACTION;FILE102;ZZ1;0088;2025-07-01;09:58;0049;;0.00;0.00
Z102_01_042025_052025_062025_MASSENA.CSV;;MC#01;TRANSACTION;FILE102;ZZ1;0088;2025-07-01;09:58;0050;;0.00;0.00
Z102_02_082025_MASSENA.CSV;;MC#01;TRANSACTION;FILE102;ZZ1;0090;2025-09-02;17:20;0001;ESPECES;6.00;1914.00
Z102_02_082025_MASSENA.CSV;;MC#01;TRANSACTION;FILE102;ZZ1;0090;2025-09-02;17:20;0002;SOUS-TOTAL;0.00;0.00
Z102_02_082025_MASSENA.CSV;;MC#01;TRANSACTION;FILE102;ZZ1;0090;2025-09-02;17:20;0003;CARTES;3.00;2072.00
Z102_02_082025_MASSENA.CSV;;MC#01;TRANSACTION;FILE102;ZZ1;0090;2025-09-02;17:20;0004;CHEQUES;0.00;0.00
Z102_02_082025_MASSENA.CSV;;MC#01;TRANSACTION;FILE102;ZZ1;0090;2025-09-02;17:20;0005;AIDE;0.00;0.00
Z102_02_082025_MASSENA.CSV;;MC#01;TRANSACTION;FILE102;ZZ1;0090;2025-09-02;17:20;0006;TAX PGM;0.00;0.00
Z102_02_082025_MASSENA.CSV;;MC#01;TRANSACTION;FILE102;ZZ1;0090;2025-09-02;17:20;0007;SORTIECAISSE;0.00;0.00
Z102_02_082025_MASSENA.CSV;;MC#01;TRANSACTION;FILE102;ZZ1;0090;2025-09-02;17:20;0008;REC&ACCOMPTE;0.00;0.00
Z102_02_082025_MASSENA.CSV;;MC#01;TRANSACTION;FILE102;ZZ1;0090;2025-09-02;17:20;0009;SIGN-OFF;0.00;0.00
Z102_02_082025_MASSENA.CSV;;MC#01;TRANSACTION;FILE102;ZZ1;0090;2025-09-02;17:20;0010;NUM CAISSIER;0.00;0.00
Z102_02_082025_MASSENA.CSV;;MC#01;TRANSACTION;FILE102;ZZ1;0090;2025-09-02;17:20;0011;SHIFT/No;0.00;0.00
Z102_02_082025_MASSENA.CSV;;MC#01;TRANSACTION;FILE102;ZZ1;0090;2025-09-02;17:20;0012;DWN;0.00;0.00
Z102_02_082025_MASSENA.CSV;;MC#01;TRANSACTION;FILE102;ZZ1;0090;2025-09-02;17:20;0013;REMISE %-;0.00;0.00
Z102_02_082025_MASSENA.CSV;;MC#01;TRANSACTION;FILE102;ZZ1;0090;2025-09-02;17:20;0014;REMISE -;0.00;0.00
Z102_02_082025_MASSENA.CSV;;MC#01;TRANSACTION;FILE102;ZZ1;0090;2025-09-02;17:20;0015;PLU;0.00;0.00
Z102_02_082025_MASSENA.CSV;;MC#01;TRANSACTION;FILE102;ZZ1;0090;2025-09-02;17:20;0016;PRIX;0.00;0.00
Z102_02_082025_MASSENA.CSV;;MC#01;TRANSACTION;FILE102;ZZ1;0090;2025-09-02;17:20;0017;TICKETON/OFF;0.00;0.00
Z102_02_082025_MASSENA.CSV;;MC#01;TRANSACTION;FILE102;ZZ1;0090;2025-09-02;17:20;0018;CORRECTION;0.00;0.00
Z102_02_082025_MASSENA.CSV;;MC#01;TRANSACTION;FILE102;ZZ1;0090;2025-09-02;17:20;0019;RETOUR;0.00;0.00
Z102_02_082025_MASSENA.CSV;;MC#01;TRANSACTION;FILE102;ZZ1;0090;2025-09-02;17:20;0020;OUVERTURE;0.00;0.00
Z102_02_082025_MASSENA.CSV;;MC#01;TRANSACTION;FILE102;ZZ1;0090;2025-09-02;17:20;0021;RAPPELTICKET;0.00;0.00
Z102_02_082025_MASSENA.CSV;;MC#01;TRANSACTION;FILE102;ZZ1;0090;2025-09-02;17:20;0022;00;0.00;0.00
Z102_02_082025_MASSENA.CSV;;MC#01;TRANSACTION;FILE102;ZZ1;0090;2025-09-02;17:20;0023;.;0.00;0.00
Z102_02_082025_MASSENA.CSV;;MC#01;TRANSACTION;FILE102;ZZ1;0090;2025-09-02;17:20;0024;IMPRIME TVA;0.00;0.00
Z102_02_082025_MASSENA.CSV;;MC#01;TRANSACTION;FILE102;ZZ1;0090;2025-09-02;17:20;0025;TIROIR;0.00;0.00
Z102_02_082025_MASSENA.CSV;;MC#01;TRANSACTION;FILE102;ZZ1;0090;2025-09-02;17:20;0026;COUPON;0.00;0.00
Z102_02_082025_MASSENA.CSV;;MC#01;TRANSACTION;FILE102;ZZ1;0090;2025-09-02;17:20;0027;UP;0.00;0.00
Z102_02_082025_MASSENA.CSV;;MC#01;TRANSACTION;FILE102;ZZ1;0090;2025-09-02;17:20;0028;CHANGE;0.00;0.00
Z102_02_082025_MASSENA.CSV;;MC#01;TRANSACTION;FILE102;ZZ1;0090;2025-09-02;17:20;0029;X;0.00;0.00
Z102_02_082025_MASSENA.CSV;;MC#01;TRANSACTION;FILE102;ZZ1;0090;2025-09-02;17:20;0030;REFERENCE;0.00;0.00
Z102_02_082025_MASSENA.CSV;;MC#01;TRANSACTION;FILE102;ZZ1;0090;2025-09-02;17:20;0031;REF./TIROIR;0.00;0.00
Z102_02_082025_MASSENA.CSV;;MC#01;TRANSACTION;FILE102;ZZ1;0090;2025-09-02;17:20;0032;ANNULATION;0.00;0.00
Z102_02_082025_MASSENA.CSV;;MC#01;TRANSACTION;FILE102;ZZ1;0090;2025-09-02;17:20;0033;;0.00;0.00
Z102_02_082025_MASSENA.CSV;;MC#01;TRANSACTION;FILE102;ZZ1;0090;2025-09-02;17:20;0034;;0.00;0.00
Z102_02_082025_MASSENA.CSV;;MC#01;TRANSACTION;FILE102;ZZ1;0090;2025-09-02;17:20;0035;;0.00;0.00
Z102_02_082025_MASSENA.CSV;;MC#01;TRANSACTION;FILE102;ZZ1;0090;2025-09-02;17:20;0036;;0.00;0.00
Z102_02_082025_MASSENA.CSV;;MC#01;TRANSACTION;FILE102;ZZ1;0090;2025-09-02;17:20;0037;;0.00;0.00
Z102_02_082025_MASSENA.CSV;;MC#01;TRANSACTION;FILE102;ZZ1;0090;2025-09-02;17:20;0038;;0.00;0.00
Z102_02_082025_MASSENA.CSV;;MC#01;TRANSACTION;FILE102;ZZ1;0090;2025-09-02;17:20;0039;;0.00;0.00
Z102_02_082025_MASSENA.CSV;;MC#01;TRANSACTION;FILE102;ZZ1;0090;2025-09-02;17:20;0040;;0.00;0.00
Z102_02_082025_MASSENA.CSV;;MC#01;TRANSACTION;FILE102;ZZ1;0090;2025-09-02;17:20;0041;;0.00;0.00
Z102_02_082025_MASSENA.CSV;;MC#01;TRANSACTION;FILE102;ZZ1;0090;2025-09-02;17:20;0042;;0.00;0.00
Z102_02_082025_MASSENA.CSV;;MC#01;TRANSACTION;FILE102;ZZ1;0090;2025-09-02;17:20;0043;;0.00;0.00
Z102_02_082025_MASSENA.CSV;;MC#01;TRANSACTION;FILE102;ZZ1;0090;2025-09-02;17:20;0044;;0.00;0.00
Z102_02_082025_MASSENA.CSV;;MC#01;TRANSACTION;FILE102;ZZ1;0090;2025-09-02;17:20;0045;;0.00;0.00
Z102_02_082025_MASSENA.CSV;;MC#01;TRANSACTION;FILE102;ZZ1;0090;2025-09-02;17:20;0046;;0.00;0.00
Z102_02_082025_MASSENA.CSV;;MC#01;TRANSACTION;FILE102;ZZ1;0090;2025-09-02;17:20;0047;;0.00;0.00
Z102_02_082025_MASSENA.CSV;;MC#01;TRANSACTION;FILE102;ZZ1;0090;2025-09-02;17:20;0048;;0.00;0.00
Z102_02_082025_MASSENA.CSV;;MC#01;TRANSACTION;FILE102;ZZ1;0090;2025-09-02;17:20;0049;;0.00;0.00
Z102_02_082025_MASSENA.CSV;;MC#01;TRANSACTION;FILE102;ZZ1;0090;2025-09-02;17:20;0050;;0.00;0.00
Z102_03_012025_MASSENA.CSV;;MC#01;TRANSACTION;FILE102;ZZ1;0085;2025-02-03;12:18;0001;ESPECES;18.00;6334.70
Z102_03_012025_MASSENA.CSV;;MC#01;TRANSACTION;FILE102;ZZ1;0085;2025-02-03;12:18;0002;SOUS-TOTAL;0.00;0.00
Z102_03_012025_MASSENA.CSV;;MC#01;TRANSACTION;FILE102;ZZ1;0085;2025-02-03;12:18;0003;CARTES;11.00;3089.50
Z102_03_012025_MASSENA.CSV;;MC#01;TRANSACTION;FILE102;ZZ1;0085;2025-02-03;12:18;0004;CHEQUES;0.00;0.00
Z102_03_012025_MASSENA.CSV;;MC#01;TRANSACTION;FILE102;ZZ1;0085;2025-02-03;12:18;0005;AIDE;0.00;0.00
Z102_03_012025_MASSENA.CSV;;MC#01;TRANSACTION;FILE102;ZZ1;0085;2025-02-03;12:18;0006;TAX PGM;0.00;0.00
Z102_03_012025_MASSENA.CSV;;MC#01;TRANSACTION;FILE102;ZZ1;0085;2025-02-03;12:18;0007;SORTIECAISSE;0.00;0.00
Z102_03_012025_MASSENA.CSV;;MC#01;TRANSACTION;FILE102;ZZ1;0085;2025-02-03;12:18;0008;REC&ACCOMPTE;0.00;0.00
Z102_03_012025_MASSENA.CSV;;MC#01;TRANSACTION;FILE102;ZZ1;0085;2025-02-03;12:18;0009;SIGN-OFF;0.00;0.00
Z102_03_012025_MASSENA.CSV;;MC#01;TRANSACTION;FILE102;ZZ1;0085;2025-02-03;12:18;0010;NUM CAISSIER;0.00;0.00
Z102_03_012025_MASSENA.CSV;;MC#01;TRANSACTION;FILE102;ZZ1;0085;2025-02-03;12:18;0011;SHIFT/No;0.00;0.00
Z102_03_012025_MASSENA.CSV;;MC#01;TRANSACTION;FILE102;ZZ1;0085;2025-02-03;12:18;0012;DWN;0.00;0.00
Z102_03_012025_MASSENA.CSV;;MC#01;TRANSACTION;FILE102;ZZ1;0085;2025-02-03;12:18;0013;REMISE %-;0.00;0.00
Z102_03_012025_MASSENA.CSV;;MC#01;TRANSACTION;FILE102;ZZ1;0085;2025-02-03;12:18;0014;REMISE -;0.00;0.00
Z102_03_012025_MASSENA.CSV;;MC#01;TRANSACTION;FILE102;ZZ1;0085;2025-02-03;12:18;0015;PLU;0.00;0.00
Z102_03_012025_MASSENA.CSV;;MC#01;TRANSACTION;FILE102;ZZ1;0085;2025-02-03;12:18;0016;PRIX;0.00;0.00
Z102_03_012025_MASSENA.CSV;;MC#01;TRANSACTION;FILE102;ZZ1;0085;2025-02-03;12:18;0017;TICKETON/OFF;0.00;0.00
Z102_03_012025_MASSENA.CSV;;MC#01;TRANSACTION;FILE102;ZZ1;0085;2025-02-03;12:18;0018;CORRECTION;0.00;0.00
Z102_03_012025_MASSENA.CSV;;MC#01;TRANSACTION;FILE102;ZZ1;0085;2025-02-03;12:18;0019;RETOUR;0.00;0.00
Z102_03_012025_MASSENA.CSV;;MC#01;TRANSACTION;FILE102;ZZ1;0085;2025-02-03;12:18;0020;OUVERTURE;0.00;0.00
Z102_03_012025_MASSENA.CSV;;MC#01;TRANSACTION;FILE102;ZZ1;0085;2025-02-03;12:18;0021;RAPPELTICKET;0.00;0.00
Z102_03_012025_MASSENA.CSV;;MC#01;TRANSACTION;FILE102;ZZ1;0085;2025-02-03;12:18;0022;00;0.00;0.00
Z102_03_012025_MASSENA.CSV;;MC#01;TRANSACTION;FILE102;ZZ1;0085;2025-02-03;12:18;0023;.;0.00;0.00
Z102_03_012025_MASSENA.CSV;;MC#01;TRANSACTION;FILE102;ZZ1;0085;2025-02-03;12:18;0024;IMPRIME TVA;0.00;0.00
Z102_03_012025_MASSENA.CSV;;MC#01;TRANSACTION;FILE102;ZZ1;0085;2025-02-03;12:18;0025;TIROIR;0.00;0.00
Z102_03_012025_MASSENA.CSV;;MC#01;TRANSACTION;FILE102;ZZ1;0085;2025-02-03;12:18;0026;COUPON;0.00;0.00
Z102_03_012025_MASSENA.CSV;;MC#01;TRANSACTION;FILE102;ZZ1;0085;2025-02-03;12:18;0027;UP;0.00;0.00
Z102_03_012025_MASSENA.CSV;;MC#01;TRANSACTION;FILE102;ZZ1;0085;2025-02-03;12:18;0028;CHANGE;0.00;0.00
Z102_03_012025_MASSENA.CSV;;MC#01;TRANSACTION;FILE102;ZZ1;0085;2025-02-03;12:18;0029;X;0.00;0.00
Z102_03_012025_MASSENA.CSV;;MC#01;TRANSACTION;FILE102;ZZ1;0085;2025-02-03;12:18;0030;REFERENCE;0.00;0.00
Z102_03_012025_MASSENA.CSV;;MC#01;TRANSACTION;FILE102;ZZ1;0085;2025-02-03;12:18;0031;REF./TIROIR;0.00;0.00
Z102_03_012025_MASSENA.CSV;;MC#01;TRANSACTION;FILE102;ZZ1;0085;2025-02-03;12:18;0032;ANNULATION;0.00;0.00
Z102_03_012025_MASSENA.CSV;;MC#01;TRANSACTION;FILE102;ZZ1;0085;2025-02-03;12:18;0033;;0.00;0.00
Z102_03_012025_MASSENA.CSV;;MC#01;TRANSACTION;FILE102;ZZ1;0085;2025-02-03;12:18;0034;;0.00;0.00
Z102_03_012025_MASSENA.CSV;;MC#01;TRANSACTION;FILE102;ZZ1;0085;2025-02-03;12:18;0035;;0.00;0.00
Z102_03_012025_MASSENA.CSV;;MC#01;TRANSACTION;FILE102;ZZ1;0085;2025-02-03;12:18;0036;;0.00;0.00
Z102_03_012025_MASSENA.CSV;;MC#01;TRANSACTION;FILE102;ZZ1;0085;2025-02-03;12:18;0037;;0.00;0.00
Z102_03_012025_MASSENA.CSV;;MC#01;TRANSACTION;FILE102;ZZ1;0085;2025-02-03;12:18;0038;;0.00;0.00
Z102_03_012025_MASSENA.CSV;;MC#01;TRANSACTION;FILE102;ZZ1;0085;2025-02-03;12:18;0039;;0.00;0.00
Z102_03_012025_MASSENA.CSV;;MC#01;TRANSACTION;FILE102;ZZ1;0085;2025-02-03;12:18;0040;;0.00;0.00
Z102_03_012025_MASSENA.CSV;;MC#01;TRANSACTION;FILE102;ZZ1;0085;2025-02-03;12:18;0041;;0.00;0.00
Z102_03_012025_MASSENA.CSV;;MC#01;TRANSACTION;FILE102;ZZ1;0085;2025-02-03;12:18;0042;;0.00;0.00
Z102_03_012025_MASSENA.CSV;;MC#01;TRANSACTION;FILE102;ZZ1;0085;2025-02-03;12:18;0043;;0.00;0.00
Z102_03_012025_MASSENA.CSV;;MC#01;TRANSACTION;FILE102;ZZ1;0085;2025-02-03;12:18;0044;;0.00;0.00
Z102_03_012025_MASSENA.CSV;;MC#01;TRANSACTION;FILE102;ZZ1;0085;2025-02-03;12:18;0045;;0.00;0.00
Z102_03_012025_MASSENA.CSV;;MC#01;TRANSACTION;FILE102;ZZ1;0085;2025-02-03;12:18;0046;;0.00;0.00
Z102_03_012025_MASSENA.CSV;;MC#01;TRANSACTION;FILE102;ZZ1;0085;2025-02-03;12:18;0047;;0.00;0.00
Z102_03_012025_MASSENA.CSV;;MC#01;TRANSACTION;FILE102;ZZ1;0085;2025-02-03;12:18;0048;;0.00;0.00
Z102_03_012025_MASSENA.CSV;;MC#01;TRANSACTION;FILE102;ZZ1;0085;2025-02-03;12:18;0049;;0.00;0.00
Z102_03_012025_MASSENA.CSV;;MC#01;TRANSACTION;FILE102;ZZ1;0085;2025-02-03;12:18;0050;;0.00;0.00
Z102_29_032025_MASSENA.CSV;;MC#01;TRANSACTION;FILE102;ZZ1;0087;2025-03-29;23:24;0001;ESPECES;21.00;11051.70
Z102_29_032025_MASSENA.CSV;;MC#01;TRANSACTION;FILE102;ZZ1;0087;2025-03-29;23:24;0002;SOUS-TOTAL;0.00;0.00
Z102_29_032025_MASSENA.CSV;;MC#01;TRANSACTION;FILE102;ZZ1;0087;2025-03-29;23:24;0003;CARTES;9.00;9581.00
Z102_29_032025_MASSENA.CSV;;MC#01;TRANSACTION;FILE102;ZZ1;0087;2025-03-29;23:24;0004;CHEQUES;0.00;0.00
Z102_29_032025_MASSENA.CSV;;MC#01;TRANSACTION;FILE102;ZZ1;0087;2025-03-29;23:24;0005;AIDE;0.00;0.00
Z102_29_032025_MASSENA.CSV;;MC#01;TRANSACTION;FILE102;ZZ1;0087;2025-03-29;23:24;0006;TAX PGM;0.00;0.00
Z102_29_032025_MASSENA.CSV;;MC#01;TRANSACTION;FILE102;ZZ1;0087;2025-03-29;23:24;0007;SORTIECAISSE;0.00;0.00
Z102_29_032025_MASSENA.CSV;;MC#01;TRANSACTION;FILE102;ZZ1;0087;2025-03-29;23:24;0008;REC&ACCOMPTE;0.00;0.00
Z102_29_032025_MASSENA.CSV;;MC#01;TRANSACTION;FILE102;ZZ1;0087;2025-03-29;23:24;0009;SIGN-OFF;0.00;0.00
Z102_29_032025_MASSENA.CSV;;MC#01;TRANSACTION;FILE102;ZZ1;0087;2025-03-29;23:24;0010;NUM CAISSIER;0.00;0.00
Z102_29_032025_MASSENA.CSV;;MC#01;TRANSACTION;FILE102;ZZ1;0087;2025-03-29;23:24;0011;SHIFT/No;0.00;0.00
Z102_29_032025_MASSENA.CSV;;MC#01;TRANSACTION;FILE102;ZZ1;0087;2025-03-29;23:24;0012;DWN;0.00;0.00
Z102_29_032025_MASSENA.CSV;;MC#01;TRANSACTION;FILE102;ZZ1;0087;2025-03-29;23:24;0013;REMISE %-;0.00;0.00
Z102_29_032025_MASSENA.CSV;;MC#01;TRANSACTION;FILE102;ZZ1;0087;2025-03-29;23:24;0014;REMISE -;0.00;0.00
Z102_29_032025_MASSENA.CSV;;MC#01;TRANSACTION;FILE102;ZZ1;0087;2025-03-29;23:24;0015;PLU;0.00;0.00
Z102_29_032025_MASSENA.CSV;;MC#01;TRANSACTION;FILE102;ZZ1;0087;2025-03-29;23:24;0016;PRIX;0.00;0.00
Z102_29_032025_MASSENA.CSV;;MC#01;TRANSACTION;FILE102;ZZ1;0087;2025-03-29;23:24;0017;TICKETON/OFF;0.00;0.00
Z102_29_032025_MASSENA.CSV;;MC#01;TRANSACTION;FILE102;ZZ1;0087;2025-03-29;23:24;0018;CORRECTION;0.00;0.00
Z102_29_032025_MASSENA.CSV;;MC#01;TRANSACTION;FILE102;ZZ1;0087;2025-03-29;23:24;0019;RETOUR;0.00;0.00
Z102_29_032025_MASSENA.CSV;;MC#01;TRANSACTION;FILE102;ZZ1;0087;2025-03-29;23:24;0020;OUVERTURE;0.00;0.00
Z102_29_032025_MASSENA.CSV;;MC#01;TRANSACTION;FILE102;ZZ1;0087;2025-03-29;23:24;0021;RAPPELTICKET;0.00;0.00
Z102_29_032025_MASSENA.CSV;;MC#01;TRANSACTION;FILE102;ZZ1;0087;2025-03-29;23:24;0022;00;0.00;0.00
Z102_29_032025_MASSENA.CSV;;MC#01;TRANSACTION;FILE102;ZZ1;0087;2025-03-29;23:24;0023;.;0.00;0.00
Z102_29_032025_MASSENA.CSV;;MC#01;TRANSACTION;FILE102;ZZ1;0087;2025-03-29;23:24;0024;IMPRIME TVA;0.00;0.00
Z102_29_032025_MASSENA.CSV;;MC#01;TRANSACTION;FILE102;ZZ1;0087;2025-03-29;23:24;0025;TIROIR;0.00;0.00
Z102_29_032025_MASSENA.CSV;;MC#01;TRANSACTION;FILE102;ZZ1;0087;2025-03-29;23:24;0026;COUPON;0.00;0.00
Z102_29_032025_MASSENA.CSV;;MC#01;TRANSACTION;FILE102;ZZ1;0087;2025-03-29;23:24;0027;UP;0.00;0.00
Z102_29_032025_MASSENA.CSV;;MC#01;TRANSACTION;FILE102;ZZ1;0087;2025-03-29;23:24;0028;CHANGE;0.00;0.00
Z102_29_032025_MASSENA.CSV;;MC#01;TRANSACTION;FILE102;ZZ1;0087;2025-03-29;23:24;0029;X;0.00;0.00
Z102_29_032025_MASSENA.CSV;;MC#01;TRANSACTION;FILE102;ZZ1;0087;2025-03-29;23:24;0030;REFERENCE;0.00;0.00
Z102_29_032025_MASSENA.CSV;;MC#01;TRANSACTION;FILE102;ZZ1;0087;2025-03-29;23:24;0031;REF./TIROIR;0.00;0.00
Z102_29_032025_MASSENA.CSV;;MC#01;TRANSACTION;FILE102;ZZ1;0087;2025-03-29;23:24;0032;ANNULATION;0.00;0.00
Z102_29_032025_MASSENA.CSV;;MC#01;TRANSACTION;FILE102;ZZ1;0087;2025-03-29;23:24;0033;;0.00;0.00
Z102_29_032025_MASSENA.CSV;;MC#01;TRANSACTION;FILE102;ZZ1;0087;2025-03-29;23:24;0034;;0.00;0.00
Z102_29_032025_MASSENA.CSV;;MC#01;TRANSACTION;FILE102;ZZ1;0087;2025-03-29;23:24;0035;;0.00;0.00
Z102_29_032025_MASSENA.CSV;;MC#01;TRANSACTION;FILE102;ZZ1;0087;2025-03-29;23:24;0036;;0.00;0.00
Z102_29_032025_MASSENA.CSV;;MC#01;TRANSACTION;FILE102;ZZ1;0087;2025-03-29;23:24;0037;;0.00;0.00
Z102_29_032025_MASSENA.CSV;;MC#01;TRANSACTION;FILE102;ZZ1;0087;2025-03-29;23:24;0038;;0.00;0.00
Z102_29_032025_MASSENA.CSV;;MC#01;TRANSACTION;FILE102;ZZ1;0087;2025-03-29;23:24;0039;;0.00;0.00
Z102_29_032025_MASSENA.CSV;;MC#01;TRANSACTION;FILE102;ZZ1;0087;2025-03-29;23:24;0040;;0.00;0.00
Z102_29_032025_MASSENA.CSV;;MC#01;TRANSACTION;FILE102;ZZ1;0087;2025-03-29;23:24;0041;;0.00;0.00
Z102_29_032025_MASSENA.CSV;;MC#01;TRANSACTION;FILE102;ZZ1;0087;2025-03-29;23:24;0042;;0.00;0.00
Z102_29_032025_MASSENA.CSV;;MC#01;TRANSACTION;FILE102;ZZ1;0087;2025-03-29;23:24;0043;;0.00;0.00
Z102_29_032025_MASSENA.CSV;;MC#01;TRANSACTION;FILE102;ZZ1;0087;2025-03-29;23:24;0044;;0.00;0.00
Z102_29_032025_MASSENA.CSV;;MC#01;TRANSACTION;FILE102;ZZ1;0087;2025-03-29;23:24;0045;;0.00;0.00
Z102_29_032025_MASSENA.CSV;;MC#01;TRANSACTION;FILE102;ZZ1;0087;2025-03-29;23:24;0046;;0.00;0.00
Z102_29_032025_MASSENA.CSV;;MC#01;TRANSACTION;FILE102;ZZ1;0087;2025-03-29;23:24;0047;;0.00;0.00
Z102_29_032025_MASSENA.CSV;;MC#01;TRANSACTION;FILE102;ZZ1;0087;2025-03-29;23:24;0048;;0.00;0.00
Z102_29_032025_MASSENA.CSV;;MC#01;TRANSACTION;FILE102;ZZ1;0087;2025-03-29;23:24;0049;;0.00;0.00
Z102_29_032025_MASSENA.CSV;;MC#01;TRANSACTION;FILE102;ZZ1;0087;2025-03-29;23:24;0050;;0.00;0.00
Z102_31_072025_MASSENA.CSV;;MC#01;TRANSACTION;FILE102;ZZ1;0089;2025-07-31;18:38;0001;ESPECES;23.00;17603.90
Z102_31_072025_MASSENA.CSV;;MC#01;TRANSACTION;FILE102;ZZ1;0089;2025-07-31;18:38;0002;SOUS-TOTAL;0.00;0.00
Z102_31_072025_MASSENA.CSV;;MC#01;TRANSACTION;FILE102;ZZ1;0089;2025-07-31;18:38;0003;CARTES;4.00;2581.00
Z102_31_072025_MASSENA.CSV;;MC#01;TRANSACTION;FILE102;ZZ1;0089;2025-07-31;18:38;0004;CHEQUES;0.00;0.00
Z102_31_072025_MASSENA.CSV;;MC#01;TRANSACTION;FILE102;ZZ1;0089;2025-07-31;18:38;0005;AIDE;0.00;0.00
Z102_31_072025_MASSENA.CSV;;MC#01;TRANSACTION;FILE102;ZZ1;0089;2025-07-31;18:38;0006;TAX PGM;0.00;0.00
Z102_31_072025_MASSENA.CSV;;MC#01;TRANSACTION;FILE102;ZZ1;0089;2025-07-31;18:38;0007;SORTIECAISSE;0.00;0.00
Z102_31_072025_MASSENA.CSV;;MC#01;TRANSACTION;FILE102;ZZ1;0089;2025-07-31;18:38;0008;REC&ACCOMPTE;0.00;0.00
Z102_31_072025_MASSENA.CSV;;MC#01;TRANSACTION;FILE102;ZZ1;0089;2025-07-31;18:38;0009;SIGN-OFF;0.00;0.00
Z102_31_072025_MASSENA.CSV;;MC#01;TRANSACTION;FILE102;ZZ1;0089;2025-07-31;18:38;0010;NUM CAISSIER;0.00;0.00
Z102_31_072025_MASSENA.CSV;;MC#01;TRANSACTION;FILE102;ZZ1;0089;2025-07-31;18:38;0011;SHIFT/No;0.00;0.00
Z102_31_072025_MASSENA.CSV;;MC#01;TRANSACTION;FILE102;ZZ1;0089;2025-07-31;18:38;0012;DWN;0.00;0.00
Z102_31_072025_MASSENA.CSV;;MC#01;TRANSACTION;FILE102;ZZ1;0089;2025-07-31;18:38;0013;REMISE %-;0.00;0.00
Z102_31_072025_MASSENA.CSV;;MC#01;TRANSACTION;FILE102;ZZ1;0089;2025-07-31;18:38;0014;REMISE -;0.00;0.00
Z102_31_072025_MASSENA.CSV;;MC#01;TRANSACTION;FILE102;ZZ1;0089;2025-07-31;18:38;0015;PLU;0.00;0.00
Z102_31_072025_MASSENA.CSV;;MC#01;TRANSACTION;FILE102;ZZ1;0089;2025-07-31;18:38;0016;PRIX;0.00;0.00
Z102_31_072025_MASSENA.CSV;;MC#01;TRANSACTION;FILE102;ZZ1;0089;2025-07-31;18:38;0017;TICKETON/OFF;0.00;0.00
Z102_31_072025_MASSENA.CSV;;MC#01;TRANSACTION;FILE102;ZZ1;0089;2025-07-31;18:38;0018;CORRECTION;0.00;0.00
Z102_31_072025_MASSENA.CSV;;MC#01;TRANSACTION;FILE102;ZZ1;0089;2025-07-31;18:38;0019;RETOUR;0.00;0.00
Z102_31_072025_MASSENA.CSV;;MC#01;TRANSACTION;FILE102;ZZ1;0089;2025-07-31;18:38;0020;OUVERTURE;0.00;0.00
Z102_31_072025_MASSENA.CSV;;MC#01;TRANSACTION;FILE102;ZZ1;0089;2025-07-31;18:38;0021;RAPPELTICKET;0.00;0.00
Z102_31_072025_MASSENA.CSV;;MC#01;TRANSACTION;FILE102;ZZ1;0089;2025-07-31;18:38;0022;00;0.00;0.00
Z102_31_072025_MASSENA.CSV;;MC#01;TRANSACTION;FILE102;ZZ1;0089;2025-07-31;18:38;0023;.;0.00;0.00
Z102_31_072025_MASSENA.CSV;;MC#01;TRANSACTION;FILE102;ZZ1;0089;2025-07-31;18:38;0024;IMPRIME TVA;0.00;0.00
Z102_31_072025_MASSENA.CSV;;MC#01;TRANSACTION;FILE102;ZZ1;0089;2025-07-31;18:38;0025;TIROIR;0.00;0.00
Z102_31_072025_MASSENA.CSV;;MC#01;TRANSACTION;FILE102;ZZ1;0089;2025-07-31;18:38;0026;COUPON;0.00;0.00
Z102_31_072025_MASSENA.CSV;;MC#01;TRANSACTION;FILE102;ZZ1;0089;2025-07-31;18:38;0027;UP;0.00;0.00
Z102_31_072025_MASSENA.CSV;;MC#01;TRANSACTION;FILE102;ZZ1;0089;2025-07-31;18:38;0028;CHANGE;0.00;0.00
Z102_31_072025_MASSENA.CSV;;MC#01;TRANSACTION;FILE102;ZZ1;0089;2025-07-31;18:38;0029;X;0.00;0.00
Z102_31_072025_MASSENA.CSV;;MC#01;TRANSACTION;FILE102;ZZ1;0089;2025-07-31;18:38;0030;REFERENCE;0.00;0.00
Z102_31_072025_MASSENA.CSV;;MC#01;TRANSACTION;FILE102;ZZ1;0089;2025-07-31;18:38;0031;REF./TIROIR;0.00;0.00
Z102_31_072025_MASSENA.CSV;;MC#01;TRANSACTION;FILE102;ZZ1;0089;2025-07-31;18:38;0032;ANNULATION;0.00;0.00
Z102_31_072025_MASSENA.CSV;;MC#01;TRANSACTION;FILE102;ZZ1;0089;2025-07-31;18:38;0033;;0.00;0.00
Z102_31_072025_MASSENA.CSV;;MC#01;TRANSACTION;FILE102;ZZ1;0089;2025-07-31;18:38;0034;;0.00;0.00
Z102_31_072025_MASSENA.CSV;;MC#01;TRANSACTION;FILE102;ZZ1;0089;2025-07-31;18:38;0035;;0.00;0.00
Z102_31_072025_MASSENA.CSV;;MC#01;TRANSACTION;FILE102;ZZ1;0089;2025-07-31;18:38;0036;;0.00;0.00
Z102_31_072025_MASSENA.CSV;;MC#01;TRANSACTION;FILE102;ZZ1;0089;2025-07-31;18:38;0037;;0.00;0.00
Z102_31_072025_MASSENA.CSV;;MC#01;TRANSACTION;FILE102;ZZ1;0089;2025-07-31;18:38;0038;;0.00;0.00
Z102_31_072025_MASSENA.CSV;;MC#01;TRANSACTION;FILE102;ZZ1;0089;2025-07-31;18:38;0039;;0.00;0.00
Z102_31_072025_MASSENA.CSV;;MC#01;TRANSACTION;FILE102;ZZ1;0089;2025-07-31;18:38;0040;;0.00;0.00
Z102_31_072025_MASSENA.CSV;;MC#01;TRANSACTION;FILE102;ZZ1;0089;2025-07-31;18:38;0041;;0.00;0.00
Z102_31_072025_MASSENA.CSV;;MC#01;TRANSACTION;FILE102;ZZ1;0089;2025-07-31;18:38;0042;;0.00;0.00
Z102_31_072025_MASSENA.CSV;;MC#01;TRANSACTION;FILE102;ZZ1;0089;2025-07-31;18:38;0043;;0.00;0.00
Z102_31_072025_MASSENA.CSV;;MC#01;TRANSACTION;FILE102;ZZ1;0089;2025-07-31;18:38;0044;;0.00;0.00
Z102_31_072025_MASSENA.CSV;;MC#01;TRANSACTION;FILE102;ZZ1;0089;2025-07-31;18:38;0045;;0.00;0.00
Z102_31_072025_MASSENA.CSV;;MC#01;TRANSACTION;FILE102;ZZ1;0089;2025-07-31;18:38;0046;;0.00;0.00
Z102_31_072025_MASSENA.CSV;;MC#01;TRANSACTION;FILE102;ZZ1;0089;2025-07-31;18:38;0047;;0.00;0.00
Z102_31_072025_MASSENA.CSV;;MC#01;TRANSACTION;FILE102;ZZ1;0089;2025-07-31;18:38;0048;;0.00;0.00
Z102_31_072025_MASSENA.CSV;;MC#01;TRANSACTION;FILE102;ZZ1;0089;2025-07-31;18:38;0049;;0.00;0.00
Z102_31_072025_MASSENA.CSV;;MC#01;TRANSACTION;FILE102;ZZ1;0089;2025-07-31;18:38;0050;;0.00;0.00
Z202_01A_022025_MASSENA.CSV;;MC#01;TRANSACTION;FILE202;ZZ2;0082;2025-03-01;15:42;0001;ESPECES;16.00;10332.80
Z202_01A_022025_MASSENA.CSV;;MC#01;TRANSACTION;FILE202;ZZ2;0082;2025-03-01;15:42;0002;SOUS-TOTAL;0.00;0.00
Z202_01A_022025_MASSENA.CSV;;MC#01;TRANSACTION;FILE202;ZZ2;0082;2025-03-01;15:42;0003;CARTES;7.00;7497.00
Z202_01A_022025_MASSENA.CSV;;MC#01;TRANSACTION;FILE202;ZZ2;0082;2025-03-01;15:42;0004;CHEQUES;0.00;0.00
Z202_01A_022025_MASSENA.CSV;;MC#01;TRANSACTION;FILE202;ZZ2;0082;2025-03-01;15:42;0005;AIDE;0.00;0.00
Z202_01A_022025_MASSENA.CSV;;MC#01;TRANSACTION;FILE202;ZZ2;0082;2025-03-01;15:42;0006;TAX PGM;0.00;0.00
Z202_01A_022025_MASSENA.CSV;;MC#01;TRANSACTION;FILE202;ZZ2;0082;2025-03-01;15:42;0007;SORTIECAISSE;0.00;0.00
Z202_01A_022025_MASSENA.CSV;;MC#01;TRANSACTION;FILE202;ZZ2;0082;2025-03-01;15:42;0008;REC&ACCOMPTE;0.00;0.00
Z202_01A_022025_MASSENA.CSV;;MC#01;TRANSACTION;FILE202;ZZ2;0082;2025-03-01;15:42;0009;SIGN-OFF;0.00;0.00
Z202_01A_022025_MASSENA.CSV;;MC#01;TRANSACTION;FILE202;ZZ2;0082;2025-03-01;15:42;0010;NUM CAISSIER;0.00;0.00
Z202_01A_022025_MASSENA.CSV;;MC#01;TRANSACTION;FILE202;ZZ2;0082;2025-03-01;15:42;0011;SHIFT/No;0.00;0.00
Z202_01A_022025_MASSENA.CSV;;MC#01;TRANSACTION;FILE202;ZZ2;0082;2025-03-01;15:42;0012;DWN;0.00;0.00
Z202_01A_022025_MASSENA.CSV;;MC#01;TRANSACTION;FILE202;ZZ2;0082;2025-03-01;15:42;0013;REMISE %-;0.00;0.00
Z202_01A_022025_MASSENA.CSV;;MC#01;TRANSACTION;FILE202;ZZ2;0082;2025-03-01;15:42;0014;REMISE -;0.00;0.00
Z202_01A_022025_MASSENA.CSV;;MC#01;TRANSACTION;FILE202;ZZ2;0082;2025-03-01;15:42;0015;PLU;0.00;0.00
Z202_01A_022025_MASSENA.CSV;;MC#01;TRANSACTION;FILE202;ZZ2;0082;2025-03-01;15:42;0016;PRIX;0.00;0.00
Z202_01A_022025_MASSENA.CSV;;MC#01;TRANSACTION;FILE202;ZZ2;0082;2025-03-01;15:42;0017;TICKETON/OFF;0.00;0.00
Z202_01A_022025_MASSENA.CSV;;MC#01;TRANSACTION;FILE202;ZZ2;0082;2025-03-01;15:42;0018;CORRECTION;1.00;329.00
Z202_01A_022025_MASSENA.CSV;;MC#01;TRANSACTION;FILE202;ZZ2;0082;2025-03-01;15:42;0019;RETOUR;0.00;0.00
Z202_01A_022025_MASSENA.CSV;;MC#01;TRANSACTION;FILE202;ZZ2;0082;2025-03-01;15:42;0020;OUVERTURE;0.00;0.00
Z202_01A_022025_MASSENA.CSV;;MC#01;TRANSACTION;FILE202;ZZ2;0082;2025-03-01;15:42;0021;RAPPELTICKET;0.00;0.00
Z202_01A_022025_MASSENA.CSV;;MC#01;TRANSACTION;FILE202;ZZ2;0082;2025-03-01;15:42;0022;00;0.00;0.00
Z202_01A_022025_MASSENA.CSV;;MC#01;TRANSACTION;FILE202;ZZ2;0082;2025-03-01;15:42;0023;.;0.00;0.00
Z202_01A_022025_MASSENA.CSV;;MC#01;TRANSACTION;FILE202;ZZ2;0082;2025-03-01;15:42;0024;IMPRIME TVA;0.00;0.00
Z202_01A_022025_MASSENA.CSV;;MC#01;TRANSACTION;FILE202;ZZ2;0082;2025-03-01;15:42;0025;TIROIR;0.00;0.00
Z202_01A_022025_MASSENA.CSV;;MC#01;TRANSACTION;FILE202;ZZ2;0082;2025-03-01;15:42;0026;COUPON;0.00;0.00
Z202_01A_022025_MASSENA.CSV;;MC#01;TRANSACTION;FILE202;ZZ2;0082;2025-03-01;15:42;0027;UP;0.00;0.00
Z202_01A_022025_MASSENA.CSV;;MC#01;TRANSACTION;FILE202;ZZ2;0082;2025-03-01;15:42;0028;CHANGE;0.00;0.00
Z202_01A_022025_MASSENA.CSV;;MC#01;TRANSACTION;FILE202;ZZ2;0082;2025-03-01;15:42;0029;X;0.00;0.00
Z202_01A_022025_MASSENA.CSV;;MC#01;TRANSACTION;FILE202;ZZ2;0082;2025-03-01;15:42;0030;REFERENCE;0.00;0.00
Z202_01A_022025_MASSENA.CSV;;MC#01;TRANSACTION;FILE202;ZZ2;0082;2025-03-01;15:42;0031;REF./TIROIR;0.00;0.00
Z202_01A_022025_MASSENA.CSV;;MC#01;TRANSACTION;FILE202;ZZ2;0082;2025-03-01;15:42;0032;ANNULATION;0.00;0.00
Z202_01A_022025_MASSENA.CSV;;MC#01;TRANSACTION;FILE202;ZZ2;0082;2025-03-01;15:42;0033;;0.00;0.00
Z202_01A_022025_MASSENA.CSV;;MC#01;TRANSACTION;FILE202;ZZ2;0082;2025-03-01;15:42;0034;;0.00;0.00
Z202_01A_022025_MASSENA.CSV;;MC#01;TRANSACTION;FILE202;ZZ2;0082;2025-03-01;15:42;0035;;0.00;0.00
Z202_01A_022025_MASSENA.CSV;;MC#01;TRANSACTION;FILE202;ZZ2;0082;2025-03-01;15:42;0036;;0.00;0.00
Z202_01A_022025_MASSENA.CSV;;MC#01;TRANSACTION;FILE202;ZZ2;0082;2025-03-01;15:42;0037;;0.00;0.00
Z202_01A_022025_MASSENA.CSV;;MC#01;TRANSACTION;FILE202;ZZ2;0082;2025-03-01;15:42;0038;;0.00;0.00
Z202_01A_022025_MASSENA.CSV;;MC#01;TRANSACTION;FILE202;ZZ2;0082;2025-03-01;15:42;0039;;0.00;0.00
Z202_01A_022025_MASSENA.CSV;;MC#01;TRANSACTION;FILE202;ZZ2;0082;2025-03-01;15:42;0040;;0.00;0.00
Z202_01A_022025_MASSENA.CSV;;MC#01;TRANSACTION;FILE202;ZZ2;0082;2025-03-01;15:42;0041;;0.00;0.00
Z202_01A_022025_MASSENA.CSV;;MC#01;TRANSACTION;FILE202;ZZ2;0082;2025-03-01;15:42;0042;;0.00;0.00
Z202_01A_022025_MASSENA.CSV;;MC#01;TRANSACTION;FILE202;ZZ2;0082;2025-03-01;15:42;0043;;0.00;0.00
Z202_01A_022025_MASSENA.CSV;;MC#01;TRANSACTION;FILE202;ZZ2;0082;2025-03-01;15:42;0044;;0.00;0.00
Z202_01A_022025_MASSENA.CSV;;MC#01;TRANSACTION;FILE202;ZZ2;0082;2025-03-01;15:42;0045;;0.00;0.00
Z202_01A_022025_MASSENA.CSV;;MC#01;TRANSACTION;FILE202;ZZ2;0082;2025-03-01;15:42;0046;;0.00;0.00
Z202_01A_022025_MASSENA.CSV;;MC#01;TRANSACTION;FILE202;ZZ2;0082;2025-03-01;15:42;0047;;0.00;0.00
Z202_01A_022025_MASSENA.CSV;;MC#01;TRANSACTION;FILE202;ZZ2;0082;2025-03-01;15:42;0048;;0.00;0.00
Z202_01A_022025_MASSENA.CSV;;MC#01;TRANSACTION;FILE202;ZZ2;0082;2025-03-01;15:42;0049;;0.00;0.00
Z202_01A_022025_MASSENA.CSV;;MC#01;TRANSACTION;FILE202;ZZ2;0082;2025-03-01;15:42;0050;;0.00;0.00
Z202_01A_042025_052025_062025_MASSENA.CSV;;MC#01;TRANSACTION;FILE202;ZZ2;0084;2025-07-01;09:59;0001;ESPECES;18.00;6815.70
Z202_01A_042025_052025_062025_MASSENA.CSV;;MC#01;TRANSACTION;FILE202;ZZ2;0084;2025-07-01;09:59;0002;SOUS-TOTAL;0.00;0.00
Z202_01A_042025_052025_062025_MASSENA.CSV;;MC#01;TRANSACTION;FILE202;ZZ2;0084;2025-07-01;09:59;0003;CARTES;16.00;5642.40
Z202_01A_042025_052025_062025_MASSENA.CSV;;MC#01;TRANSACTION;FILE202;ZZ2;0084;2025-07-01;09:59;0004;CHEQUES;0.00;0.00
Z202_01A_042025_052025_062025_MASSENA.CSV;;MC#01;TRANSACTION;FILE202;ZZ2;0084;2025-07-01;09:59;0005;AIDE;0.00;0.00
Z202_01A_042025_052025_062025_MASSENA.CSV;;MC#01;TRANSACTION;FILE202;ZZ2;0084;2025-07-01;09:59;0006;TAX PGM;0.00;0.00
Z202_01A_042025_052025_062025_MASSENA.CSV;;MC#01;TRANSACTION;FILE202;ZZ2;0084;2025-07-01;09:59;0007;SORTIECAISSE;0.00;0.00
Z202_01A_042025_052025_062025_MASSENA.CSV;;MC#01;TRANSACTION;FILE202;ZZ2;0084;2025-07-01;09:59;0008;REC&ACCOMPTE;0.00;0.00
Z202_01A_042025_052025_062025_MASSENA.CSV;;MC#01;TRANSACTION;FILE202;ZZ2;0084;2025-07-01;09:59;0009;SIGN-OFF;0.00;0.00
Z202_01A_042025_052025_062025_MASSENA.CSV;;MC#01;TRANSACTION;FILE202;ZZ2;0084;2025-07-01;09:59;0010;NUM CAISSIER;0.00;0.00
Z202_01A_042025_052025_062025_MASSENA.CSV;;MC#01;TRANSACTION;FILE202;ZZ2;0084;2025-07-01;09:59;0011;SHIFT/No;0.00;0.00
Z202_01A_042025_052025_062025_MASSENA.CSV;;MC#01;TRANSACTION;FILE202;ZZ2;0084;2025-07-01;09:59;0012;DWN;0.00;0.00
Z202_01A_042025_052025_062025_MASSENA.CSV;;MC#01;TRANSACTION;FILE202;ZZ2;0084;2025-07-01;09:59;0013;REMISE %-;0.00;0.00
Z202_01A_042025_052025_062025_MASSENA.CSV;;MC#01;TRANSACTION;FILE202;ZZ2;0084;2025-07-01;09:59;0014;REMISE -;0.00;0.00
Z202_01A_042025_052025_062025_MASSENA.CSV;;MC#01;TRANSACTION;FILE202;ZZ2;0084;2025-07-01;09:59;0015;PLU;0.00;0.00
Z202_01A_042025_052025_062025_MASSENA.CSV;;MC#01;TRANSACTION;FILE202;ZZ2;0084;2025-07-01;09:59;0016;PRIX;0.00;0.00
Z202_01A_042025_052025_062025_MASSENA.CSV;;MC#01;TRANSACTION;FILE202;ZZ2;0084;2025-07-01;09:59;0017;TICKETON/OFF;0.00;0.00
Z202_01A_042025_052025_062025_MASSENA.CSV;;MC#01;TRANSACTION;FILE202;ZZ2;0084;2025-07-01;09:59;0018;CORRECTION;0.00;0.00
Z202_01A_042025_052025_062025_MASSENA.CSV;;MC#01;TRANSACTION;FILE202;ZZ2;0084;2025-07-01;09:59;0019;RETOUR;0.00;0.00
Z202_01A_042025_052025_062025_MASSENA.CSV;;MC#01;TRANSACTION;FILE202;ZZ2;0084;2025-07-01;09:59;0020;OUVERTURE;0.00;0.00
Z202_01A_042025_052025_062025_MASSENA.CSV;;MC#01;TRANSACTION;FILE202;ZZ2;0084;2025-07-01;09:59;0021;RAPPELTICKET;0.00;0.00
Z202_01A_042025_052025_062025_MASSENA.CSV;;MC#01;TRANSACTION;FILE202;ZZ2;0084;2025-07-01;09:59;0022;00;0.00;0.00
Z202_01A_042025_052025_062025_MASSENA.CSV;;MC#01;TRANSACTION;FILE202;ZZ2;0084;2025-07-01;09:59;0023;.;0.00;0.00
Z202_01A_042025_052025_062025_MASSENA.CSV;;MC#01;TRANSACTION;FILE202;ZZ2;0084;2025-07-01;09:59;0024;IMPRIME TVA;0.00;0.00
Z202_01A_042025_052025_062025_MASSENA.CSV;;MC#01;TRANSACTION;FILE202;ZZ2;0084;2025-07-01;09:59;0025;TIROIR;0.00;0.00
Z202_01A_042025_052025_062025_MASSENA.CSV;;MC#01;TRANSACTION;FILE202;ZZ2;0084;2025-07-01;09:59;0026;COUPON;0.00;0.00
Z202_01A_042025_052025_062025_MASSENA.CSV;;MC#01;TRANSACTION;FILE202;ZZ2;0084;2025-07-01;09:59;0027;UP;0.00;0.00
Z202_01A_042025_052025_062025_MASSENA.CSV;;MC#01;TRANSACTION;FILE202;ZZ2;0084;2025-07-01;09:59;0028;CHANGE;0.00;0.00
Z202_01A_042025_052025_062025_MASSENA.CSV;;MC#01;TRANSACTION;FILE202;ZZ2;0084;2025-07-01;09:59;0029;X;0.00;0.00
Z202_01A_042025_052025_062025_MASSENA.CSV;;MC#01;TRANSACTION;FILE202;ZZ2;0084;2025-07-01;09:59;0030;REFERENCE;0.00;0.00
Z202_01A_042025_052025_062025_MASSENA.CSV;;MC#01;TRANSACTION;FILE202;ZZ2;0084;2025-07-01;09:59;0031;REF./TIROIR;1.00;0.00
Z202_01A_042025_052025_062025_MASSENA.CSV;;MC#01;TRANSACTION;FILE202;ZZ2;0084;2025-07-01;09:59;0032;ANNULATION;0.00;0.00
Z202_01A_042025_052025_062025_MASSENA.CSV;;MC#01;TRANSACTION;FILE202;ZZ2;0084;2025-07-01;09:59;0033;;0.00;0.00
Z202_01A_042025_052025_062025_MASSENA.CSV;;MC#01;TRANSACTION;FILE202;ZZ2;0084;2025-07-01;09:59;0034;;0.00;0.00
Z202_01A_042025_052025_062025_MASSENA.CSV;;MC#01;TRANSACTION;FILE202;ZZ2;0084;2025-07-01;09:59;0035;;0.00;0.00
Z202_01A_042025_052025_062025_MASSENA.CSV;;MC#01;TRANSACTION;FILE202;ZZ2;0084;2025-07-01;09:59;0036;;0.00;0.00
Z202_01A_042025_052025_062025_MASSENA.CSV;;MC#01;TRANSACTION;FILE202;ZZ2;0084;2025-07-01;09:59;0037;;0.00;0.00
Z202_01A_042025_052025_062025_MASSENA.CSV;;MC#01;TRANSACTION;FILE202;ZZ2;0084;2025-07-01;09:59;0038;;0.00;0.00
Z202_01A_042025_052025_062025_MASSENA.CSV;;MC#01;TRANSACTION;FILE202;ZZ2;0084;2025-07-01;09:59;0039;;0.00;0.00
Z202_01A_042025_052025_062025_MASSENA.CSV;;MC#01;TRANSACTION;FILE202;ZZ2;0084;2025-07-01;09:59;0040;;0.00;0.00
Z202_01A_042025_052025_062025_MASSENA.CSV;;MC#01;TRANSACTION;FILE202;ZZ2;0084;2025-07-01;09:59;0041;;0.00;0.00
Z202_01A_042025_052025_062025_MASSENA.CSV;;MC#01;TRANSACTION;FILE202;ZZ2;0084;2025-07-01;09:59;0042;;0.00;0.00
Z202_01A_042025_052025_062025_MASSENA.CSV;;MC#01;TRANSACTION;FILE202;ZZ2;0084;2025-07-01;09:59;0043;;0.00;0.00
Z202_01A_042025_052025_062025_MASSENA.CSV;;MC#01;TRANSACTION;FILE202;ZZ2;0084;2025-07-01;09:59;0044;;0.00;0.00
Z202_01A_042025_052025_062025_MASSENA.CSV;;MC#01;TRANSACTION;FILE202;ZZ2;0084;2025-07-01;09:59;0045;;0.00;0.00
Z202_01A_042025_052025_062025_MASSENA.CSV;;MC#01;TRANSACTION;FILE202;ZZ2;0084;2025-07-01;09:59;0046;;0.00;0.00
Z202_01A_042025_052025_062025_MASSENA.CSV;;MC#01;TRANSACTION;FILE202;ZZ2;0084;2025-07-01;09:59;0047;;0.00;0.00
Z202_01A_042025_052025_062025_MASSENA.CSV;;MC#01;TRANSACTION;FILE202;ZZ2;0084;2025-07-01;09:59;0048;;0.00;0.00
Z202_01A_042025_052025_062025_MASSENA.CSV;;MC#01;TRANSACTION;FILE202;ZZ2;0084;2025-07-01;09:59;0049;;0.00;0.00
Z202_01A_042025_052025_062025_MASSENA.CSV;;MC#01;TRANSACTION;FILE202;ZZ2;0084;2025-07-01;09:59;0050;;0.00;0.00
Z202_02A_082025_MASSENA.CSV;;MC#01;TRANSACTION;FILE202;ZZ2;0086;2025-09-02;17:21;0001;ESPECES;6.00;1914.00
Z202_02A_082025_MASSENA.CSV;;MC#01;TRANSACTION;FILE202;ZZ2;0086;2025-09-02;17:21;0002;SOUS-TOTAL;0.00;0.00
Z202_02A_082025_MASSENA.CSV;;MC#01;TRANSACTION;FILE202;ZZ2;0086;2025-09-02;17:21;0003;CARTES;3.00;2072.00
Z202_02A_082025_MASSENA.CSV;;MC#01;TRANSACTION;FILE202;ZZ2;0086;2025-09-02;17:21;0004;CHEQUES;0.00;0.00
Z202_02A_082025_MASSENA.CSV;;MC#01;TRANSACTION;FILE202;ZZ2;0086;2025-09-02;17:21;0005;AIDE;0.00;0.00
Z202_02A_082025_MASSENA.CSV;;MC#01;TRANSACTION;FILE202;ZZ2;0086;2025-09-02;17:21;0006;TAX PGM;0.00;0.00
Z202_02A_082025_MASSENA.CSV;;MC#01;TRANSACTION;FILE202;ZZ2;0086;2025-09-02;17:21;0007;SORTIECAISSE;0.00;0.00
Z202_02A_082025_MASSENA.CSV;;MC#01;TRANSACTION;FILE202;ZZ2;0086;2025-09-02;17:21;0008;REC&ACCOMPTE;0.00;0.00
Z202_02A_082025_MASSENA.CSV;;MC#01;TRANSACTION;FILE202;ZZ2;0086;2025-09-02;17:21;0009;SIGN-OFF;0.00;0.00
Z202_02A_082025_MASSENA.CSV;;MC#01;TRANSACTION;FILE202;ZZ2;0086;2025-09-02;17:21;0010;NUM CAISSIER;0.00;0.00
Z202_02A_082025_MASSENA.CSV;;MC#01;TRANSACTION;FILE202;ZZ2;0086;2025-09-02;17:21;0011;SHIFT/No;0.00;0.00
Z202_02A_082025_MASSENA.CSV;;MC#01;TRANSACTION;FILE202;ZZ2;0086;2025-09-02;17:21;0012;DWN;0.00;0.00
Z202_02A_082025_MASSENA.CSV;;MC#01;TRANSACTION;FILE202;ZZ2;0086;2025-09-02;17:21;0013;REMISE %-;0.00;0.00
Z202_02A_082025_MASSENA.CSV;;MC#01;TRANSACTION;FILE202;ZZ2;0086;2025-09-02;17:21;0014;REMISE -;0.00;0.00
Z202_02A_082025_MASSENA.CSV;;MC#01;TRANSACTION;FILE202;ZZ2;0086;2025-09-02;17:21;0015;PLU;0.00;0.00
Z202_02A_082025_MASSENA.CSV;;MC#01;TRANSACTION;FILE202;ZZ2;0086;2025-09-02;17:21;0016;PRIX;0.00;0.00
Z202_02A_082025_MASSENA.CSV;;MC#01;TRANSACTION;FILE202;ZZ2;0086;2025-09-02;17:21;0017;TICKETON/OFF;0.00;0.00
Z202_02A_082025_MASSENA.CSV;;MC#01;TRANSACTION;FILE202;ZZ2;0086;2025-09-02;17:21;0018;CORRECTION;0.00;0.00
Z202_02A_082025_MASSENA.CSV;;MC#01;TRANSACTION;FILE202;ZZ2;0086;2025-09-02;17:21;0019;RETOUR;0.00;0.00
Z202_02A_082025_MASSENA.CSV;;MC#01;TRANSACTION;FILE202;ZZ2;0086;2025-09-02;17:21;0020;OUVERTURE;0.00;0.00
Z202_02A_082025_MASSENA.CSV;;MC#01;TRANSACTION;FILE202;ZZ2;0086;2025-09-02;17:21;0021;RAPPELTICKET;0.00;0.00
Z202_02A_082025_MASSENA.CSV;;MC#01;TRANSACTION;FILE202;ZZ2;0086;2025-09-02;17:21;0022;00;0.00;0.00
Z202_02A_082025_MASSENA.CSV;;MC#01;TRANSACTION;FILE202;ZZ2;0086;2025-09-02;17:21;0023;.;0.00;0.00
Z202_02A_082025_MASSENA.CSV;;MC#01;TRANSACTION;FILE202;ZZ2;0086;2025-09-02;17:21;0024;IMPRIME TVA;0.00;0.00
Z202_02A_082025_MASSENA.CSV;;MC#01;TRANSACTION;FILE202;ZZ2;0086;2025-09-02;17:21;0025;TIROIR;0.00;0.00
Z202_02A_082025_MASSENA.CSV;;MC#01;TRANSACTION;FILE202;ZZ2;0086;2025-09-02;17:21;0026;COUPON;0.00;0.00
Z202_02A_082025_MASSENA.CSV;;MC#01;TRANSACTION;FILE202;ZZ2;0086;2025-09-02;17:21;0027;UP;0.00;0.00
Z202_02A_082025_MASSENA.CSV;;MC#01;TRANSACTION;FILE202;ZZ2;0086;2025-09-02;17:21;0028;CHANGE;0.00;0.00
Z202_02A_082025_MASSENA.CSV;;MC#01;TRANSACTION;FILE202;ZZ2;0086;2025-09-02;17:21;0029;X;0.00;0.00
Z202_02A_082025_MASSENA.CSV;;MC#01;TRANSACTION;FILE202;ZZ2;0086;2025-09-02;17:21;0030;REFERENCE;0.00;0.00
Z202_02A_082025_MASSENA.CSV;;MC#01;TRANSACTION;FILE202;ZZ2;0086;2025-09-02;17:21;0031;REF./TIROIR;0.00;0.00
Z202_02A_082025_MASSENA.CSV;;MC#01;TRANSACTION;FILE202;ZZ2;0086;2025-09-02;17:21;0032;ANNULATION;0.00;0.00
Z202_02A_082025_MASSENA.CSV;;MC#01;TRANSACTION;FILE202;ZZ2;0086;2025-09-02;17:21;0033;;0.00;0.00
Z202_02A_082025_MASSENA.CSV;;MC#01;TRANSACTION;FILE202;ZZ2;0086;2025-09-02;17:21;0034;;0.00;0.00
Z202_02A_082025_MASSENA.CSV;;MC#01;TRANSACTION;FILE202;ZZ2;0086;2025-09-02;17:21;0035;;0.00;0.00
Z202_02A_082025_MASSENA.CSV;;MC#01;TRANSACTION;FILE202;ZZ2;0086;2025-09-02;17:21;0036;;0.00;0.00
Z202_02A_082025_MASSENA.CSV;;MC#01;TRANSACTION;FILE202;ZZ2;0086;2025-09-02;17:21;0037;;0.00;0.00
Z202_02A_082025_MASSENA.CSV;;MC#01;TRANSACTION;FILE202;ZZ2;0086;2025-09-02;17:21;0038;;0.00;0.00
Z202_02A_082025_MASSENA.CSV;;MC#01;TRANSACTION;FILE202;ZZ2;0086;2025-09-02;17:21;0039;;0.00;0.00
Z202_02A_082025_MASSENA.CSV;;MC#01;TRANSACTION;FILE202;ZZ2;0086;2025-09-02;17:21;0040;;0.00;0.00
Z202_02A_082025_MASSENA.CSV;;MC#01;TRANSACTION;FILE202;ZZ2;0086;2025-09-02;17:21;0041;;0.00;0.00
Z202_02A_082025_MASSENA.CSV;;MC#01;TRANSACTION;FILE202;ZZ2;0086;2025-09-02;17:21;0042;;0.00;0.00
Z202_02A_082025_MASSENA.CSV;;MC#01;TRANSACTION;FILE202;ZZ2;0086;2025-09-02;17:21;0043;;0.00;0.00
Z202_02A_082025_MASSENA.CSV;;MC#01;TRANSACTION;FILE202;ZZ2;0086;2025-09-02;17:21;0044;;0.00;0.00
Z202_02A_082025_MASSENA.CSV;;MC#01;TRANSACTION;FILE202;ZZ2;0086;2025-09-02;17:21;0045;;0.00;0.00
Z202_02A_082025_MASSENA.CSV;;MC#01;TRANSACTION;FILE202;ZZ2;0086;2025-09-02;17:21;0046;;0.00;0.00
Z202_02A_082025_MASSENA.CSV;;MC#01;TRANSACTION;FILE202;ZZ2;0086;2025-09-02;17:21;0047;;0.00;0.00
Z202_02A_082025_MASSENA.CSV;;MC#01;TRANSACTION;FILE202;ZZ2;0086;2025-09-02;17:21;0048;;0.00;0.00
Z202_02A_082025_MASSENA.CSV;;MC#01;TRANSACTION;FILE202;ZZ2;0086;2025-09-02;17:21;0049;;0.00;0.00
Z202_02A_082025_MASSENA.CSV;;MC#01;TRANSACTION;FILE202;ZZ2;0086;2025-09-02;17:21;0050;;0.00;0.00
Z202_03A_012025_MASSENA.CSV;;MC#01;TRANSACTION;FILE202;ZZ2;0081;2025-02-03;12:19;0001;ESPECES;18.00;6334.70
Z202_03A_012025_MASSENA.CSV;;MC#01;TRANSACTION;FILE202;ZZ2;0081;2025-02-03;12:19;0002;SOUS-TOTAL;0.00;0.00
Z202_03A_012025_MASSENA.CSV;;MC#01;TRANSACTION;FILE202;ZZ2;0081;2025-02-03;12:19;0003;CARTES;11.00;3089.50
Z202_03A_012025_MASSENA.CSV;;MC#01;TRANSACTION;FILE202;ZZ2;0081;2025-02-03;12:19;0004;CHEQUES;0.00;0.00
Z202_03A_012025_MASSENA.CSV;;MC#01;TRANSACTION;FILE202;ZZ2;0081;2025-02-03;12:19;0005;AIDE;0.00;0.00
Z202_03A_012025_MASSENA.CSV;;MC#01;TRANSACTION;FILE202;ZZ2;0081;2025-02-03;12:19;0006;TAX PGM;0.00;0.00
Z202_03A_012025_MASSENA.CSV;;MC#01;TRANSACTION;FILE202;ZZ2;0081;2025-02-03;12:19;0007;SORTIECAISSE;0.00;0.00
Z202_03A_012025_MASSENA.CSV;;MC#01;TRANSACTION;FILE202;ZZ2;0081;2025-02-03;12:19;0008;REC&ACCOMPTE;0.00;0.00
Z202_03A_012025_MASSENA.CSV;;MC#01;TRANSACTION;FILE202;ZZ2;0081;2025-02-03;12:19;0009;SIGN-OFF;0.00;0.00
Z202_03A_012025_MASSENA.CSV;;MC#01;TRANSACTION;FILE202;ZZ2;0081;2025-02-03;12:19;0010;NUM CAISSIER;0.00;0.00
Z202_03A_012025_MASSENA.CSV;;MC#01;TRANSACTION;FILE202;ZZ2;0081;2025-02-03;12:19;0011;SHIFT/No;0.00;0.00
Z202_03A_012025_MASSENA.CSV;;MC#01;TRANSACTION;FILE202;ZZ2;0081;2025-02-03;12:19;0012;DWN;0.00;0.00
Z202_03A_012025_MASSENA.CSV;;MC#01;TRANSACTION;FILE202;ZZ2;0081;2025-02-03;12:19;0013;REMISE %-;0.00;0.00
Z202_03A_012025_MASSENA.CSV;;MC#01;TRANSACTION;FILE202;ZZ2;0081;2025-02-03;12:19;0014;REMISE -;0.00;0.00
Z202_03A_012025_MASSENA.CSV;;MC#01;TRANSACTION;FILE202;ZZ2;0081;2025-02-03;12:19;0015;PLU;0.00;0.00
Z202_03A_012025_MASSENA.CSV;;MC#01;TRANSACTION;FILE202;ZZ2;0081;2025-02-03;12:19;0016;PRIX;0.00;0.00
Z202_03A_012025_MASSENA.CSV;;MC#01;TRANSACTION;FILE202;ZZ2;0081;2025-02-03;12:19;0017;TICKETON/OFF;0.00;0.00
Z202_03A_012025_MASSENA.CSV;;MC#01;TRANSACTION;FILE202;ZZ2;0081;2025-02-03;12:19;0018;CORRECTION;0.00;0.00
Z202_03A_012025_MASSENA.CSV;;MC#01;TRANSACTION;FILE202;ZZ2;0081;2025-02-03;12:19;0019;RETOUR;0.00;0.00
Z202_03A_012025_MASSENA.CSV;;MC#01;TRANSACTION;FILE202;ZZ2;0081;2025-02-03;12:19;0020;OUVERTURE;0.00;0.00
Z202_03A_012025_MASSENA.CSV;;MC#01;TRANSACTION;FILE202;ZZ2;0081;2025-02-03;12:19;0021;RAPPELTICKET;0.00;0.00
Z202_03A_012025_MASSENA.CSV;;MC#01;TRANSACTION;FILE202;ZZ2;0081;2025-02-03;12:19;0022;00;0.00;0.00
Z202_03A_012025_MASSENA.CSV;;MC#01;TRANSACTION;FILE202;ZZ2;0081;2025-02-03;12:19;0023;.;0.00;0.00
Z202_03A_012025_MASSENA.CSV;;MC#01;TRANSACTION;FILE202;ZZ2;0081;2025-02-03;12:19;0024;IMPRIME TVA;0.00;0.00
Z202_03A_012025_MASSENA.CSV;;MC#01;TRANSACTION;FILE202;ZZ2;0081;2025-02-03;12:19;0025;TIROIR;0.00;0.00
Z202_03A_012025_MASSENA.CSV;;MC#01;TRANSACTION;FILE202;ZZ2;0081;2025-02-03;12:19;0026;COUPON;0.00;0.00
Z202_03A_012025_MASSENA.CSV;;MC#01;TRANSACTION;FILE202;ZZ2;0081;2025-02-03;12:19;0027;UP;0.00;0.00
Z202_03A_012025_MASSENA.CSV;;MC#01;TRANSACTION;FILE202;ZZ2;0081;2025-02-03;12:19;0028;CHANGE;0.00;0.00
Z202_03A_012025_MASSENA.CSV;;MC#01;TRANSACTION;FILE202;ZZ2;0081;2025-02-03;12:19;0029;X;0.00;0.00
Z202_03A_012025_MASSENA.CSV;;MC#01;TRANSACTION;FILE202;ZZ2;0081;2025-02-03;12:19;0030;REFERENCE;0.00;0.00
Z202_03A_012025_MASSENA.CSV;;MC#01;TRANSACTION;FILE202;ZZ2;0081;2025-02-03;12:19;0031;REF./TIROIR;0.00;0.00
Z202_03A_012025_MASSENA.CSV;;MC#01;TRANSACTION;FILE202;ZZ2;0081;2025-02-03;12:19;0032;ANNULATION;0.00;0.00
Z202_03A_012025_MASSENA.CSV;;MC#01;TRANSACTION;FILE202;ZZ2;0081;2025-02-03;12:19;0033;;0.00;0.00
Z202_03A_012025_MASSENA.CSV;;MC#01;TRANSACTION;FILE202;ZZ2;0081;2025-02-03;12:19;0034;;0.00;0.00
Z202_03A_012025_MASSENA.CSV;;MC#01;TRANSACTION;FILE202;ZZ2;0081;2025-02-03;12:19;0035;;0.00;0.00
Z202_03A_012025_MASSENA.CSV;;MC#01;TRANSACTION;FILE202;ZZ2;0081;2025-02-03;12:19;0036;;0.00;0.00
Z202_03A_012025_MASSENA.CSV;;MC#01;TRANSACTION;FILE202;ZZ2;0081;2025-02-03;12:19;0037;;0.00;0.00
Z202_03A_012025_MASSENA.CSV;;MC#01;TRANSACTION;FILE202;ZZ2;0081;2025-02-03;12:19;0038;;0.00;0.00
Z202_03A_012025_MASSENA.CSV;;MC#01;TRANSACTION;FILE202;ZZ2;0081;2025-02-03;12:19;0039;;0.00;0.00
Z202_03A_012025_MASSENA.CSV;;MC#01;TRANSACTION;FILE202;ZZ2;0081;2025-02-03;12:19;0040;;0.00;0.00
Z202_03A_012025_MASSENA.CSV;;MC#01;TRANSACTION;FILE202;ZZ2;0081;2025-02-03;12:19;0041;;0.00;0.00
Z202_03A_012025_MASSENA.CSV;;MC#01;TRANSACTION;FILE202;ZZ2;0081;2025-02-03;12:19;0042;;0.00;0.00
Z202_03A_012025_MASSENA.CSV;;MC#01;TRANSACTION;FILE202;ZZ2;0081;2025-02-03;12:19;0043;;0.00;0.00
Z202_03A_012025_MASSENA.CSV;;MC#01;TRANSACTION;FILE202;ZZ2;0081;2025-02-03;12:19;0044;;0.00;0.00
Z202_03A_012025_MASSENA.CSV;;MC#01;TRANSACTION;FILE202;ZZ2;0081;2025-02-03;12:19;0045;;0.00;0.00
Z202_03A_012025_MASSENA.CSV;;MC#01;TRANSACTION;FILE202;ZZ2;0081;2025-02-03;12:19;0046;;0.00;0.00
Z202_03A_012025_MASSENA.CSV;;MC#01;TRANSACTION;FILE202;ZZ2;0081;2025-02-03;12:19;0047;;0.00;0.00
Z202_03A_012025_MASSENA.CSV;;MC#01;TRANSACTION;FILE202;ZZ2;0081;2025-02-03;12:19;0048;;0.00;0.00
Z202_03A_012025_MASSENA.CSV;;MC#01;TRANSACTION;FILE202;ZZ2;0081;2025-02-03;12:19;0049;;0.00;0.00
Z202_03A_012025_MASSENA.CSV;;MC#01;TRANSACTION;FILE202;ZZ2;0081;2025-02-03;12:19;0050;;0.00;0.00
Z202_29A_032025_MASSENA.CSV;;MC#01;TRANSACTION;FILE202;ZZ2;0083;2025-03-29;23:25;0001;ESPECES;21.00;11051.70
Z202_29A_032025_MASSENA.CSV;;MC#01;TRANSACTION;FILE202;ZZ2;0083;2025-03-29;23:25;0002;SOUS-TOTAL;0.00;0.00
Z202_29A_032025_MASSENA.CSV;;MC#01;TRANSACTION;FILE202;ZZ2;0083;2025-03-29;23:25;0003;CARTES;9.00;9581.00
Z202_29A_032025_MASSENA.CSV;;MC#01;TRANSACTION;FILE202;ZZ2;0083;2025-03-29;23:25;0004;CHEQUES;0.00;0.00
Z202_29A_032025_MASSENA.CSV;;MC#01;TRANSACTION;FILE202;ZZ2;0083;2025-03-29;23:25;0005;AIDE;0.00;0.00
Z202_29A_032025_MASSENA.CSV;;MC#01;TRANSACTION;FILE202;ZZ2;0083;2025-03-29;23:25;0006;TAX PGM;0.00;0.00
Z202_29A_032025_MASSENA.CSV;;MC#01;TRANSACTION;FILE202;ZZ2;0083;2025-03-29;23:25;0007;SORTIECAISSE;0.00;0.00
Z202_29A_032025_MASSENA.CSV;;MC#01;TRANSACTION;FILE202;ZZ2;0083;2025-03-29;23:25;0008;REC&ACCOMPTE;0.00;0.00
Z202_29A_032025_MASSENA.CSV;;MC#01;TRANSACTION;FILE202;ZZ2;0083;2025-03-29;23:25;0009;SIGN-OFF;0.00;0.00
Z202_29A_032025_MASSENA.CSV;;MC#01;TRANSACTION;FILE202;ZZ2;0083;2025-03-29;23:25;0010;NUM CAISSIER;0.00;0.00
Z202_29A_032025_MASSENA.CSV;;MC#01;TRANSACTION;FILE202;ZZ2;0083;2025-03-29;23:25;0011;SHIFT/No;0.00;0.00
Z202_29A_032025_MASSENA.CSV;;MC#01;TRANSACTION;FILE202;ZZ2;0083;2025-03-29;23:25;0012;DWN;0.00;0.00
Z202_29A_032025_MASSENA.CSV;;MC#01;TRANSACTION;FILE202;ZZ2;0083;2025-03-29;23:25;0013;REMISE %-;0.00;0.00
Z202_29A_032025_MASSENA.CSV;;MC#01;TRANSACTION;FILE202;ZZ2;0083;2025-03-29;23:25;0014;REMISE -;0.00;0.00
Z202_29A_032025_MASSENA.CSV;;MC#01;TRANSACTION;FILE202;ZZ2;0083;2025-03-29;23:25;0015;PLU;0.00;0.00
Z202_29A_032025_MASSENA.CSV;;MC#01;TRANSACTION;FILE202;ZZ2;0083;2025-03-29;23:25;0016;PRIX;0.00;0.00
Z202_29A_032025_MASSENA.CSV;;MC#01;TRANSACTION;FILE202;ZZ2;0083;2025-03-29;23:25;0017;TICKETON/OFF;0.00;0.00
Z202_29A_032025_MASSENA.CSV;;MC#01;TRANSACTION;FILE202;ZZ2;0083;2025-03-29;23:25;0018;CORRECTION;0.00;0.00
Z202_29A_032025_MASSENA.CSV;;MC#01;TRANSACTION;FILE202;ZZ2;0083;2025-03-29;23:25;0019;RETOUR;0.00;0.00
Z202_29A_032025_MASSENA.CSV;;MC#01;TRANSACTION;FILE202;ZZ2;0083;2025-03-29;23:25;0020;OUVERTURE;0.00;0.00
Z202_29A_032025_MASSENA.CSV;;MC#01;TRANSACTION;FILE202;ZZ2;0083;2025-03-29;23:25;0021;RAPPELTICKET;0.00;0.00
Z202_29A_032025_MASSENA.CSV;;MC#01;TRANSACTION;FILE202;ZZ2;0083;2025-03-29;23:25;0022;00;0.00;0.00
Z202_29A_032025_MASSENA.CSV;;MC#01;TRANSACTION;FILE202;ZZ2;0083;2025-03-29;23:25;0023;.;0.00;0.00
Z202_29A_032025_MASSENA.CSV;;MC#01;TRANSACTION;FILE202;ZZ2;0083;2025-03-29;23:25;0024;IMPRIME TVA;0.00;0.00
Z202_29A_032025_MASSENA.CSV;;MC#01;TRANSACTION;FILE202;ZZ2;0083;2025-03-29;23:25;0025;TIROIR;0.00;0.00
Z202_29A_032025_MASSENA.CSV;;MC#01;TRANSACTION;FILE202;ZZ2;0083;2025-03-29;23:25;0026;COUPON;0.00;0.00
Z202_29A_032025_MASSENA.CSV;;MC#01;TRANSACTION;FILE202;ZZ2;0083;2025-03-29;23:25;0027;UP;0.00;0.00
Z202_29A_032025_MASSENA.CSV;;MC#01;TRANSACTION;FILE202;ZZ2;0083;2025-03-29;23:25;0028;CHANGE;0.00;0.00
Z202_29A_032025_MASSENA.CSV;;MC#01;TRANSACTION;FILE202;ZZ2;0083;2025-03-29;23:25;0029;X;0.00;0.00
Z202_29A_032025_MASSENA.CSV;;MC#01;TRANSACTION;FILE202;ZZ2;0083;2025-03-29;23:25;0030;REFERENCE;0.00;0.00
Z202_29A_032025_MASSENA.CSV;;MC#01;TRANSACTION;FILE202;ZZ2;0083;2025-03-29;23:25;0031;REF./TIROIR;0.00;0.00
Z202_29A_032025_MASSENA.CSV;;MC#01;TRANSACTION;FILE202;ZZ2;0083;2025-03-29;23:25;0032;ANNULATION;0.00;0.00
Z202_29A_032025_MASSENA.CSV;;MC#01;TRANSACTION;FILE202;ZZ2;0083;2025-03-29;23:25;0033;;0.00;0.00
Z202_29A_032025_MASSENA.CSV;;MC#01;TRANSACTION;FILE202;ZZ2;0083;2025-03-29;23:25;0034;;0.00;0.00
Z202_29A_032025_MASSENA.CSV;;MC#01;TRANSACTION;FILE202;ZZ2;0083;2025-03-29;23:25;0035;;0.00;0.00
Z202_29A_032025_MASSENA.CSV;;MC#01;TRANSACTION;FILE202;ZZ2;0083;2025-03-29;23:25;0036;;0.00;0.00
Z202_29A_032025_MASSENA.CSV;;MC#01;TRANSACTION;FILE202;ZZ2;0083;2025-03-29;23:25;0037;;0.00;0.00
Z202_29A_032025_MASSENA.CSV;;MC#01;TRANSACTION;FILE202;ZZ2;0083;2025-03-29;23:25;0038;;0.00;0.00
Z202_29A_032025_MASSENA.CSV;;MC#01;TRANSACTION;FILE202;ZZ2;0083;2025-03-29;23:25;0039;;0.00;0.00
Z202_29A_032025_MASSENA.CSV;;MC#01;TRANSACTION;FILE202;ZZ2;0083;2025-03-29;23:25;0040;;0.00;0.00
Z202_29A_032025_MASSENA.CSV;;MC#01;TRANSACTION;FILE202;ZZ2;0083;2025-03-29;23:25;0041;;0.00;0.00
Z202_29A_032025_MASSENA.CSV;;MC#01;TRANSACTION;FILE202;ZZ2;0083;2025-03-29;23:25;0042;;0.00;0.00
Z202_29A_032025_MASSENA.CSV;;MC#01;TRANSACTION;FILE202;ZZ2;0083;2025-03-29;23:25;0043;;0.00;0.00
Z202_29A_032025_MASSENA.CSV;;MC#01;TRANSACTION;FILE202;ZZ2;0083;2025-03-29;23:25;0044;;0.00;0.00
Z202_29A_032025_MASSENA.CSV;;MC#01;TRANSACTION;FILE202;ZZ2;0083;2025-03-29;23:25;0045;;0.00;0.00
Z202_29A_032025_MASSENA.CSV;;MC#01;TRANSACTION;FILE202;ZZ2;0083;2025-03-29;23:25;0046;;0.00;0.00
Z202_29A_032025_MASSENA.CSV;;MC#01;TRANSACTION;FILE202;ZZ2;0083;2025-03-29;23:25;0047;;0.00;0.00
Z202_29A_032025_MASSENA.CSV;;MC#01;TRANSACTION;FILE202;ZZ2;0083;2025-03-29;23:25;0048;;0.00;0.00
Z202_29A_032025_MASSENA.CSV;;MC#01;TRANSACTION;FILE202;ZZ2;0083;2025-03-29;23:25;0049;;0.00;0.00
Z202_29A_032025_MASSENA.CSV;;MC#01;TRANSACTION;FILE202;ZZ2;0083;2025-03-29;23:25;0050;;0.00;0.00
Z202_31A_072025_MASSENA.CSV;;MC#01;TRANSACTION;FILE202;ZZ2;0085;2025-07-31;18:39;0001;ESPECES;23.00;17603.90
Z202_31A_072025_MASSENA.CSV;;MC#01;TRANSACTION;FILE202;ZZ2;0085;2025-07-31;18:39;0002;SOUS-TOTAL;0.00;0.00
Z202_31A_072025_MASSENA.CSV;;MC#01;TRANSACTION;FILE202;ZZ2;0085;2025-07-31;18:39;0003;CARTES;4.00;2581.00
Z202_31A_072025_MASSENA.CSV;;MC#01;TRANSACTION;FILE202;ZZ2;0085;2025-07-31;18:39;0004;CHEQUES;0.00;0.00
Z202_31A_072025_MASSENA.CSV;;MC#01;TRANSACTION;FILE202;ZZ2;0085;2025-07-31;18:39;0005;AIDE;0.00;0.00
Z202_31A_072025_MASSENA.CSV;;MC#01;TRANSACTION;FILE202;ZZ2;0085;2025-07-31;18:39;0006;TAX PGM;0.00;0.00
Z202_31A_072025_MASSENA.CSV;;MC#01;TRANSACTION;FILE202;ZZ2;0085;2025-07-31;18:39;0007;SORTIECAISSE;0.00;0.00
Z202_31A_072025_MASSENA.CSV;;MC#01;TRANSACTION;FILE202;ZZ2;0085;2025-07-31;18:39;0008;REC&ACCOMPTE;0.00;0.00
Z202_31A_072025_MASSENA.CSV;;MC#01;TRANSACTION;FILE202;ZZ2;0085;2025-07-31;18:39;0009;SIGN-OFF;0.00;0.00
Z202_31A_072025_MASSENA.CSV;;MC#01;TRANSACTION;FILE202;ZZ2;0085;2025-07-31;18:39;0010;NUM CAISSIER;0.00;0.00
Z202_31A_072025_MASSENA.CSV;;MC#01;TRANSACTION;FILE202;ZZ2;0085;2025-07-31;18:39;0011;SHIFT/No;0.00;0.00
Z202_31A_072025_MASSENA.CSV;;MC#01;TRANSACTION;FILE202;ZZ2;0085;2025-07-31;18:39;0012;DWN;0.00;0.00
Z202_31A_072025_MASSENA.CSV;;MC#01;TRANSACTION;FILE202;ZZ2;0085;2025-07-31;18:39;0013;REMISE %-;0.00;0.00
Z202_31A_072025_MASSENA.CSV;;MC#01;TRANSACTION;FILE202;ZZ2;0085;2025-07-31;18:39;0014;REMISE -;0.00;0.00
Z202_31A_072025_MASSENA.CSV;;MC#01;TRANSACTION;FILE202;ZZ2;0085;2025-07-31;18:39;0015;PLU;0.00;0.00
Z202_31A_072025_MASSENA.CSV;;MC#01;TRANSACTION;FILE202;ZZ2;0085;2025-07-31;18:39;0016;PRIX;0.00;0.00
Z202_31A_072025_MASSENA.CSV;;MC#01;TRANSACTION;FILE202;ZZ2;0085;2025-07-31;18:39;0017;TICKETON/OFF;0.00;0.00
Z202_31A_072025_MASSENA.CSV;;MC#01;TRANSACTION;FILE202;ZZ2;0085;2025-07-31;18:39;0018;CORRECTION;0.00;0.00
Z202_31A_072025_MASSENA.CSV;;MC#01;TRANSACTION;FILE202;ZZ2;0085;2025-07-31;18:39;0019;RETOUR;0.00;0.00
Z202_31A_072025_MASSENA.CSV;;MC#01;TRANSACTION;FILE202;ZZ2;0085;2025-07-31;18:39;0020;OUVERTURE;0.00;0.00
Z202_31A_072025_MASSENA.CSV;;MC#01;TRANSACTION;FILE202;ZZ2;0085;2025-07-31;18:39;0021;RAPPELTICKET;0.00;0.00
Z202_31A_072025_MASSENA.CSV;;MC#01;TRANSACTION;FILE202;ZZ2;0085;2025-07-31;18:39;0022;00;0.00;0.00
Z202_31A_072025_MASSENA.CSV;;MC#01;TRANSACTION;FILE202;ZZ2;0085;2025-07-31;18:39;0023;.;0.00;0.00
Z202_31A_072025_MASSENA.CSV;;MC#01;TRANSACTION;FILE202;ZZ2;0085;2025-07-31;18:39;0024;IMPRIME TVA;0.00;0.00
Z202_31A_072025_MASSENA.CSV;;MC#01;TRANSACTION;FILE202;ZZ2;0085;2025-07-31;18:39;0025;TIROIR;0.00;0.00
Z202_31A_072025_MASSENA.CSV;;MC#01;TRANSACTION;FILE202;ZZ2;0085;2025-07-31;18:39;0026;COUPON;0.00;0.00
Z202_31A_072025_MASSENA.CSV;;MC#01;TRANSACTION;FILE202;ZZ2;0085;2025-07-31;18:39;0027;UP;0.00;0.00
Z202_31A_072025_MASSENA.CSV;;MC#01;TRANSACTION;FILE202;ZZ2;0085;2025-07-31;18:39;0028;CHANGE;0.00;0.00
Z202_31A_072025_MASSENA.CSV;;MC#01;TRANSACTION;FILE202;ZZ2;0085;2025-07-31;18:39;0029;X;0.00;0.00
Z202_31A_072025_MASSENA.CSV;;MC#01;TRANSACTION;FILE202;ZZ2;0085;2025-07-31;18:39;0030;REFERENCE;0.00;0.00
Z202_31A_072025_MASSENA.CSV;;MC#01;TRANSACTION;FILE202;ZZ2;0085;2025-07-31;18:39;0031;REF./TIROIR;0.00;0.00
Z202_31A_072025_MASSENA.CSV;;MC#01;TRANSACTION;FILE202;ZZ2;0085;2025-07-31;18:39;0032;ANNULATION;0.00;0.00
Z202_31A_072025_MASSENA.CSV;;MC#01;TRANSACTION;FILE202;ZZ2;0085;2025-07-31;18:39;0033;;0.00;0.00
Z202_31A_072025_MASSENA.CSV;;MC#01;TRANSACTION;FILE202;ZZ2;0085;2025-07-31;18:39;0034;;0.00;0.00
Z202_31A_072025_MASSENA.CSV;;MC#01;TRANSACTION;FILE202;ZZ2;0085;2025-07-31;18:39;0035;;0.00;0.00
Z202_31A_072025_MASSENA.CSV;;MC#01;TRANSACTION;FILE202;ZZ2;0085;2025-07-31;18:39;0036;;0.00;0.00
Z202_31A_072025_MASSENA.CSV;;MC#01;TRANSACTION;FILE202;ZZ2;0085;2025-07-31;18:39;0037;;0.00;0.00
Z202_31A_072025_MASSENA.CSV;;MC#01;TRANSACTION;FILE202;ZZ2;0085;2025-07-31;18:39;0038;;0.00;0.00
Z202_31A_072025_MASSENA.CSV;;MC#01;TRANSACTION;FILE202;ZZ2;0085;2025-07-31;18:39;0039;;0.00;0.00
Z202_31A_072025_MASSENA.CSV;;MC#01;TRANSACTION;FILE202;ZZ2;0085;2025-07-31;18:39;0040;;0.00;0.00
Z202_31A_072025_MASSENA.CSV;;MC#01;TRANSACTION;FILE202;ZZ2;0085;2025-07-31;18:39;0041;;0.00;0.00
Z202_31A_072025_MASSENA.CSV;;MC#01;TRANSACTION;FILE202;ZZ2;0085;2025-07-31;18:39;0042;;0.00;0.00
Z202_31A_072025_MASSENA.CSV;;MC#01;TRANSACTION;FILE202;ZZ2;0085;2025-07-31;18:39;0043;;0.00;0.00
Z202_31A_072025_MASSENA.CSV;;MC#01;TRANSACTION;FILE202;ZZ2;0085;2025-07-31;18:39;0044;;0.00;0.00
Z202_31A_072025_MASSENA.CSV;;MC#01;TRANSACTION;FILE202;ZZ2;0085;2025-07-31;18:39;0045;;0.00;0.00
Z202_31A_072025_MASSENA.CSV;;MC#01;TRANSACTION;FILE202;ZZ2;0085;2025-07-31;18:39;0046;;0.00;0.00
Z202_31A_072025_MASSENA.CSV;;MC#01;TRANSACTION;FILE202;ZZ2;0085;2025-07-31;18:39;0047;;0.00;0.00
Z202_31A_072025_MASSENA.CSV;;MC#01;TRANSACTION;FILE202;ZZ2;0085;2025-07-31;18:39;0048;;0.00;0.00
Z202_31A_072025_MASSENA.CSV;;MC#01;TRANSACTION;FILE202;ZZ2;0085;2025-07-31;18:39;0049;;0.00;0.00
Z202_31A_072025_MASSENA.CSV;;MC#01;TRANSACTION;FILE202;ZZ2;0085;2025-07-31;18:39;0050;;0.00;0.00
