nomfichier|E_NUM_INTERNE|E_NUM_TICKET|E_DATE_TICKET|E_HEURE_TICKET|E_HT1|E_HT2|E_HT3|E_HT4|E_TVA1|E_TVA2|E_TVA3|E_TVA4|E_HT_NON_TAXABLE|E_TTC|E_MDP_CB|E_MDP_ESPECES|E_MDP_CHEQUES
EJ010223.TXT|000977|000609|2023-01-04|12:01|747.50||||149.50|||||897.00||897.00|
EJ010223.TXT|000978|000610|2023-01-06|11:30|498.33||||99.67|||||598.00|598.00||
EJ010223.TXT|000979|000611|2023-01-06|13:38|483.33||||96.67|||||580.00|580.00||
EJ010223.TXT|000980|000612|2023-01-06|13:38|1450.00||||290.00|||||1740.00|1740.00||
EJ010223.TXT|000981|000613|2023-01-06|13:58|1450.00||||290.00|||||1740.00|1740.00||
EJ010223.TXT|000982|000614|2023-01-06|13:59|2900.00||||580.00|||||3480.00|3480.00||
EJ010223.TXT|000983|000615|2023-01-11|12:38|73.33||||14.67|||||88.00|88.00||
EJ010223.TXT|000984|000616|2023-01-11|14:46|311.50||||62.30|||||373.80|373.80||
EJ010223.TXT|000985|000617|2023-01-13|10:27|249.17||||49.83|||||299.00|299.00||
EJ010223.TXT|000986|000618|2023-01-13|10:48|146.67||||29.33|||||176.00|176.00||
EJ010223.TXT|000987|000619|2023-01-13|13:05|498.33||||99.67|||||598.00|598.00||
EJ010223.TXT|000988|000620|2023-01-14|16:39|498.33||||99.67|||||598.00|598.00||
EJ010223.TXT|000989|000621|2023-01-14|16:53|288.33||||57.67|||||346.00|346.00||
EJ010223.TXT|000990|000622|2023-01-16|17:36|658.33||||131.67|||||790.00||790.00|
EJ010223.TXT|000991|000623|2023-01-16|17:44|241.67||||48.33|||||290.00||290.00|
EJ010223.TXT|000992|000624|2023-01-16|17:44|241.67||||48.33|||||290.00||290.00|
EJ010223.TXT|000993|000625|2023-01-16|17:44|241.67||||48.33|||||290.00||290.00|
EJ010223.TXT|000994|000626|2023-01-17|10:05|747.50||||149.50|||||897.00|897.00||
EJ010223.TXT|000995|000627|2023-01-17|11:17|115.83||||23.17|||||139.00|139.00||
EJ010223.TXT|000996|000628|2023-01-17|11:23|2900.00||||580.00|||||3480.00|3480.00||
EJ010223.TXT|000997|000629|2023-01-17|12:30|144.17||||28.83|||||173.00|173.00||
EJ010223.TXT|000998|000630|2023-01-17|13:47|498.33||||99.67|||||598.00||598.00|
EJ010223.TXT|000999|000631|2023-01-18|12:59|149.00||||29.80|||||178.80|178.80||
EJ010223.TXT|001000|000632|2023-01-18|17:24|73.33||||14.67|||||88.00|88.00||
EJ010223.TXT|001001|000633|2023-01-19|12:34|498.33||||99.67|||||598.00||598.00|
EJ010223.TXT|001002|000634|2023-01-21|14:43|498.33||||99.67|||||598.00|598.00||
EJ010223.TXT|001003|000635|2023-01-25|09:58|249.17||||49.83|||||299.00||299.00|
EJ010223.TXT|001004|000636|2023-01-25|16:08|498.33||||99.67|||||598.00|598.00||
EJ010223.TXT|001005|000637|2023-01-25|16:46|498.33||||99.67|||||598.00||598.00|
EJ010223.TXT|001006|000638|2023-01-26|16:05|498.33||||99.67|||||598.00||598.00|
EJ010223.TXT|001007|000639|2023-01-27|13:19|498.33||||99.67|||||598.00|598.00||
EJ010223.TXT|001008|000640|2023-01-27|17:19|498.33||||99.67|||||598.00|598.00||
EJ010323.TXT|001015|000641|2023-02-01|15:26|24.83||||4.97|||||29.80||29.80|
EJ010323.TXT|001017|000642|2023-02-02|12:55|274.17||||54.83|||||329.00|329.00||
EJ010323.TXT|001020|000643|2023-02-02|14:04|274.17||||54.83|||||329.00||329.00|
EJ010323.TXT|001021|000644|2023-02-04|15:31|548.33||||109.67|||||658.00||658.00|
EJ010323.TXT|001022|000645|2023-02-04|15:34|548.33||||109.67|||||658.00|658.00||
EJ010323.TXT|001023|000646|2023-02-04|16:26|822.50||||164.50|||||987.00||987.00|
EJ010323.TXT|001024|000647|2023-02-04|16:35|548.33||||109.67|||||658.00|658.00||
EJ010323.TXT|001025|000648|2023-02-06|13:29|1495.00||||299.00|||||1794.00|1794.00||
EJ010323.TXT|001026|000649|2023-02-06|17:56|897.50||||179.50|||||1077.00||1077.00|
EJ010323.TXT|001027|000650|2023-02-09|15:16|548.33||||109.67|||||658.00|58.00|600.00|
EJ010323.TXT|001029|000651|2023-02-10|17:03|1449.17||||289.83|||||1739.00|1739.00||
EJ010323.TXT|001030|000652|2023-02-13|11:49|646.67||||129.33|||||776.00||776.00|
EJ010323.TXT|001031|000653|2023-02-15|10:22|1600.00||||320.00|||||1920.00|920.00|1000.00|
EJ010323.TXT|001033|000654|2023-02-15|10:50|274.17||||54.83|||||329.00|||329.00
EJ010323.TXT|001034|000655|2023-02-15|13:58|465.00||||93.00|||||558.00|558.00||
EJ010323.TXT|001035|000656|2023-02-15|15:51|548.33||||109.67|||||658.00|158.00|500.00|
EJ010323.TXT|001038|000657|2023-02-17|13:43|548.33||||109.67|||||658.00||658.00|
EJ010323.TXT|001039|000658|2023-02-17|13:43|548.33||||109.67|||||658.00||658.00|
EJ010323.TXT|001040|000659|2023-02-18|17:47|533.33||||106.67|||||640.00||640.00|
EJ010323.TXT|001041|000660|2023-02-21|11:02|548.33||||109.67|||||658.00|658.00||
EJ010323.TXT|001042|000661|2023-02-21|11:03|548.33||||109.67|||||658.00|658.00||
EJ010323.TXT|001043|000662|2023-02-21|11:09|274.17||||54.83|||||329.00|329.00||
EJ010323.TXT|001044|000663|2023-02-21|13:53|2466.67||||493.33|||||2960.00|2960.00||
EJ010323.TXT|001045|000664|2023-02-25|15:57|274.17||||54.83|||||329.00||329.00|
EJ010323.TXT|001046|000665|2023-02-25|15:58|274.17||||54.83|||||329.00||329.00|
EJ010423.TXT|001055|000666|2023-03-03|15:04|329.17||||65.83|||||395.00|395.00||
EJ010423.TXT|001056|000667|2023-03-03|16:02|274.17||||54.83|||||329.00|329.00||
EJ010423.TXT|001057|000668|2023-03-06|17:27|274.17||||54.83|||||329.00||329.00|
EJ010423.TXT|001058|000669|2023-03-08|10:18|548.33||||109.67|||||658.00||658.00|
EJ010423.TXT|001059|000670|2023-03-11|17:07|199.17||||39.83|||||239.00||239.00|
EJ010423.TXT|001060|000671|2023-03-16|11:14|548.33||||109.67|||||658.00|8.00|650.00|
EJ010423.TXT|001062|000672|2023-03-16|11:24|822.50||||164.50|||||987.00|987.00||
EJ010423.TXT|001063|000673|2023-03-17|17:35|3200.00||||640.00|||||3840.00|3840.00||
EJ010423.TXT|001064|000674|2023-03-18|14:58|548.33||||109.67|||||658.00|58.00|600.00|
EJ010423.TXT|001066|000675|2023-03-18|16:53|1770.00||||354.00|||||2124.00|2124.00||
EJ010423.TXT|001067|000676|2023-03-20|13:47|548.33||||109.67|||||658.00||658.00|
EJ010423.TXT|001070|000677|2023-03-25|14:47|797.50||||159.50|||||957.00||957.00|
EJ010423.TXT|001071|000678|2023-03-25|15:18|797.50||||159.50|||||957.00||957.00|
EJ010423.TXT|001072|000679|2023-03-25|15:26|800.00||||160.00|||||960.00||960.00|
EJ010423.TXT|001074|000680|2023-03-25|15:31|2400.00||||480.00|||||2880.00|2880.00||
EJ010423.TXT|001075|000681|2023-03-25|15:41|548.33||||109.67|||||658.00|658.00||
EJ010423.TXT|001076|000682|2023-03-25|16:05|797.50||||159.50|||||957.00||957.00|
EJ010423.TXT|001077|000683|2023-03-25|16:06|797.50||||159.50|||||957.00||957.00|
EJ010423.TXT|001078|000684|2023-03-25|16:09|274.17||||54.83|||||329.00|329.00||
EJ010423.TXT|001079|000685|2023-03-25|16:19|531.67||||106.33|||||638.00|638.00||
EJ010423.TXT|001080|000686|2023-03-26|17:15|797.50||||159.50|||||957.00||957.00|
EJ010423.TXT|001081|000687|2023-03-26|17:18|797.50||||159.50|||||957.00||957.00|
EJ010423.TXT|001082|000688|2023-03-28|09:40|548.33||||109.67|||||658.00|658.00||
EJ010423.TXT|001083|000689|2023-03-29|11:47|548.33||||109.67|||||658.00|658.00||
EJ010423.TXT|001084|000690|2023-03-31|08:58|1645.00||||329.00|||||1974.00|1974.00||
EJ020523.TXT|001092|000691|2023-04-04|12:37|398.33||||79.67|||||478.00|478.00||
EJ020523.TXT|001098|000692|2023-04-07|12:24|548.33||||109.67|||||658.00|658.00||
EJ020523.TXT|001099|000693|2023-04-12|12:43|274.17||||54.83|||||329.00|329.00||
EJ020523.TXT|001100|000694|2023-04-14|12:11|73.33||||14.67|||||88.00||88.00|
EJ020523.TXT|001107|000695|2023-04-22|15:55|548.33||||109.67|||||658.00|658.00||
EJ020523.TXT|001109|000696|2023-04-25|15:17|73.33||||14.67|||||88.00||88.00|
EJ020523.TXT|001110|000697|2023-04-25|15:48|822.50||||164.50|||||987.00||987.00|
EJ020523.TXT|001111|000698|2023-04-25|15:57|822.50||||164.50|||||987.00||987.00|
EJ020523.TXT|001112|000699|2023-04-25|17:02|5298.33||||1059.67|||||6358.00|6358.00||
EJ020523.TXT|001114|000700|2023-04-26|09:36|548.33||||109.67|||||658.00||658.00|
EJ020523.TXT|001115|000701|2023-04-26|09:50|146.67||||29.33|||||176.00||176.00|
EJ020523.TXT|001119|000702|2023-04-27|12:23|49.17||||9.83|||||59.00|59.00||
EJ020523.TXT|001120|000703|2023-04-27|16:00|615.00||||123.00|||||738.00|738.00||
EJ020523.TXT|001122|000704|2023-04-29|16:12|597.50||||119.50|||||717.00|717.00||
EJ020523.TXT|001123|000705|2023-04-29|16:55|381.67||||76.33|||||458.00||458.00|
EJ010623.TXT|001130|000706|2023-05-02|12:22|548.33||||109.67|||||658.00|658.00||
EJ010623.TXT|001131|000707|2023-05-02|13:04|581.67||||116.33|||||698.00|698.00||
EJ010623.TXT|001132|000708|2023-05-03|12:24|274.17||||54.83|||||329.00|329.00||
EJ010623.TXT|001134|000709|2023-05-04|14:46|548.33||||109.67|||||658.00|658.00||
EJ010623.TXT|001136|000710|2023-05-12|14:37|115.00||||23.00|||||138.00|138.00||
EJ010623.TXT|001137|000711|2023-05-12|16:20|1645.00||||329.00|||||1974.00|1974.00||
EJ010623.TXT|001138|000712|2023-05-13|13:45|548.33||||109.67|||||658.00|658.00||
EJ010623.TXT|001139|000713|2023-05-13|14:04|548.33||||109.67|||||658.00||658.00|
EJ010623.TXT|001140|000714|2023-05-13|14:43|266.67||||53.33|||||320.00|320.00||
EJ010623.TXT|001141|000715|2023-05-13|15:13|65.83||||13.17|||||79.00|79.00||
EJ010623.TXT|001142|000716|2023-05-16|13:26|548.33||||109.67|||||658.00||658.00|
EJ010623.TXT|001144|000717|2023-05-19|09:52|1733.33||||346.67|||||2080.00|2080.00||
EJ010623.TXT|001145|000718|2023-05-19|11:25|822.50||||164.50|||||987.00||987.00|
EJ010623.TXT|001146|000719|2023-05-19|15:19|274.17||||54.83|||||329.00|329.00||
EJ010623.TXT|001147|000720|2023-05-20|15:12|548.33||||109.67|||||658.00|658.00||
EJ010623.TXT|001148|000721|2023-05-22|13:01|82.50||||16.50|||||99.00|99.00||
EJ010623.TXT|001149|000722|2023-05-23|13:58|199.17||||39.83|||||239.00|239.00||
EJ010623.TXT|001150|000723|2023-05-27|13:56|548.33||||109.67|||||658.00||658.00|
EJ010623.TXT|001152|000724|2023-05-27|14:45|1769.17||||353.83|||||2123.00|2123.00||
EJ010623.TXT|001153|000725|2023-05-27|14:51|124.17||||24.83|||||149.00|149.00||
EJ010623.TXT|001154|000726|2023-05-27|15:50|548.33||||109.67|||||658.00|658.00||
EJ010623.TXT|001155|000727|2023-05-27|16:21|199.17||||39.83|||||239.00|239.00||
EJ010623.TXT|001156|000728|2023-05-29|12:21|65.83||||13.17|||||79.00|79.00||
EJ010623.TXT|001157|000729|2023-05-30|14:56|350.00||||70.00|||||420.00|420.00||
EJ010723.TXT|001162|000730|2023-06-02|10:37|3200.00||||640.00|||||3840.00|3840.00||
EJ010723.TXT|001164|000731|2023-06-02|16:54|274.17||||54.83|||||329.00|329.00||
EJ010723.TXT|001165|000732|2023-06-02|16:59|65.83||||13.17|||||79.00|79.00||
EJ010723.TXT|001166|000733|2023-06-03|13:47|307.50||||61.50|||||369.00|369.00||
EJ010723.TXT|001167|000734|2023-06-05|13:43|49.17||||9.83|||||59.00|59.00||
EJ010723.TXT|001168|000735|2023-06-08|09:45|822.50||||164.50|||||987.00|987.00||
EJ010723.TXT|001169|000736|2023-06-08|09:51|822.50||||164.50|||||987.00|987.00||
EJ010723.TXT|001170|000737|2023-06-08|14:06|274.17||||54.83|||||329.00|329.00||
EJ010723.TXT|001171|000738|2023-06-09|13:15|2.74||||0.55|||||3.29||3.29|
EJ010723.TXT|001172|000739|2023-06-09|13:16|274.17||||54.83|||||329.00||329.00|
EJ010723.TXT|001174|000740|2023-06-09|15:11|1656.65||||331.33|||||1987.98|1987.98||
EJ010723.TXT|001175|000741|2023-06-09|15:17|1165.00||||233.00|||||1398.00|1398.00||
EJ010723.TXT|001176|000742|2023-06-09|15:19|1645.00||||329.00|||||1974.00|1974.00||
EJ010723.TXT|001177|000743|2023-06-09|15:29|615.00||||123.00|||||738.00|738.00||
EJ010723.TXT|001178|000744|2023-06-13|13:37|1747.50||||349.50|||||2097.00|2097.00||
EJ010723.TXT|001179|000745|2023-06-14|14:56|331.67||||66.33|||||398.00||398.00|
EJ010723.TXT|001180|000746|2023-06-14|16:43|548.33||||109.67|||||658.00|658.00||
EJ010723.TXT|001181|000747|2023-06-16|14:32|548.33||||109.67|||||658.00|658.00||
EJ010723.TXT|001182|000748|2023-06-17|13:56|3290.00||||658.00|||||3948.00|2948.00|1000.00|
EJ010723.TXT|001184|000749|2023-06-19|12:10|548.33||||109.67|||||658.00|658.00||
EJ010723.TXT|001186|000750|2023-06-24|15:57|274.17||||54.83|||||329.00|329.00||
EJ010723.TXT|001187|000751|2023-06-27|14:36|1713.33||||342.67|||||2056.00|2056.00||
EJ010723.TXT|001188|000752|2023-06-27|14:46|1165.00||||233.00|||||1398.00|1398.00||
EJ010723.TXT|001189|000753|2023-06-28|15:03|2481.67||||496.33|||||2978.00|2978.00||
EJ010723.TXT|001190|000754|2023-06-30|09:08|274.17||||54.83|||||329.00|329.00||
EJ010823.TXT|001194|000755|2023-07-01|13:41|2370.00||||474.00|||||2844.00|2844.00||
EJ010823.TXT|001195|000756|2023-07-01|14:04|548.33||||109.67|||||658.00|658.00||
EJ010823.TXT|001196|000757|2023-07-01|14:05|274.17||||54.83|||||329.00|329.00||
EJ010823.TXT|001197|000758|2023-07-01|15:09|548.33||||109.67|||||658.00|658.00||
EJ010823.TXT|001198|000759|2023-07-01|15:10|395.00||||79.00|||||474.00|474.00||
EJ010823.TXT|001202|000760|2023-07-03|15:57|1645.00||||329.00|||||1974.00|1974.00||
EJ010823.TXT|001203|000761|2023-07-04|12:07|548.33||||109.67|||||658.00|658.00||
EJ010823.TXT|001204|000762|2023-07-05|15:23|548.33||||109.67|||||658.00|658.00||
EJ010823.TXT|001205|000763|2023-07-05|16:19|124.17||||24.83|||||149.00|149.00||
EJ010823.TXT|001206|000764|2023-07-06|13:21|1123.33||||224.67|||||1348.00|1348.00||
EJ010823.TXT|001207|000765|2023-07-07|12:06|274.17||||54.83|||||329.00|329.00||
EJ010823.TXT|001208|000766|2023-07-07|15:20|199.17||||39.83|||||239.00|239.00||
EJ010823.TXT|001209|000767|2023-07-07|16:42|548.33||||109.67|||||658.00|658.00||
EJ010823.TXT|001210|000768|2023-07-07|16:57|365.83||||73.17|||||439.00|439.00||
EJ010823.TXT|001211|000769|2023-07-08|12:46|199.17||||39.83|||||239.00||239.00|
EJ010823.TXT|001212|000770|2023-07-08|15:26|199.17||||39.83|||||239.00|239.00||
EJ010823.TXT|001213|000771|2023-07-12|11:51|398.33||||79.67|||||478.00|478.00||
EJ010823.TXT|001214|000772|2023-07-12|13:37|274.17||||54.83|||||329.00|329.00||
EJ010823.TXT|001215|000773|2023-07-15|13:55|274.17||||54.83|||||329.00|329.00||
EJ010823.TXT|001216|000774|2023-07-15|14:25|395.00||||79.00|||||474.00|474.00||
EJ010823.TXT|001217|000775|2023-07-15|15:40|1733.33||||346.67|||||2080.00|2080.00||
EJ010823.TXT|001218|000776|2023-07-15|15:40|866.67||||173.33|||||1040.00|1040.00||
EJ010823.TXT|001219|000777|2023-07-15|16:46|1096.67||||219.33|||||1316.00|1316.00||
EJ010823.TXT|001220|000778|2023-07-19|16:31|199.17||||39.83|||||239.00||239.00|
EJ010823.TXT|001222|000779|2023-07-20|09:36|274.17||||54.83|||||329.00|329.00||
EJ010823.TXT|001223|000780|2023-07-21|16:41|2830.00||||566.00|||||3396.00|3396.00||
EJ010823.TXT|001224|000781|2023-07-21|16:45|274.17||||54.83|||||329.00|329.00||
EJ010823.TXT|001225|000782|2023-07-22|13:27|733.33||||146.67|||||880.00|880.00||
EJ010823.TXT|001226|000783|2023-07-22|14:42|548.33||||109.67|||||658.00|658.00||
EJ010823.TXT|001228|000784|2023-07-25|13:52|474.17||||94.83|||||569.00||569.00|
EJ010823.TXT|001229|000785|2023-07-25|14:04|274.17||||54.83|||||329.00|329.00||
EJ010823.TXT|001230|000786|2023-07-26|09:34|582.50||||116.50|||||699.00|699.00||
EJ010823.TXT|001234|000787|2023-07-26|13:22|548.33||||109.67|||||658.00||658.00|
EJ010823.TXT|001235|000788|2023-07-27|15:29|548.33||||109.67|||||658.00|658.00||
EJ010823.TXT|001236|000789|2023-07-27|15:33|548.33||||109.67|||||658.00|658.00||
EJ010823.TXT|001237|000790|2023-07-27|15:35|548.33||||109.67|||||658.00|658.00||
EJ010823.TXT|001238|000791|2023-07-27|15:37|548.33||||109.67|||||658.00|658.00||
EJ010823.TXT|001239|000792|2023-07-29|14:30|131.67||||26.33|||||158.00|158.00||
EJ010823.TXT|001240|000793|2023-07-29|15:41|548.33||||109.67|||||658.00|658.00||
EJ010823.TXT|001246|000794|2023-07-29|15:56|548.33||||109.67|||||658.00|658.00||
EJ010823.TXT|001249|000795|2023-07-31|12:34|822.50||||164.50|||||987.00|987.00||
EJ010923.TXT|001260|000796|2023-08-02|10:14|274.17||||54.83|||||329.00|329.00||
EJ010923.TXT|001261|000797|2023-08-04|14:28|1096.67||||219.33|||||1316.00|1316.00||
EJ010923.TXT|001262|000798|2023-08-05|14:05|548.33||||109.67|||||658.00|658.00||
EJ010923.TXT|001263|000799|2023-08-05|15:38|1096.67||||219.33|||||1316.00|1316.00||
EJ010923.TXT|001264|000800|2023-08-10|13:03|175.00||||35.00|||||210.00||210.00|
EJ010923.TXT|001265|000801|2023-08-12|13:23|548.33||||109.67|||||658.00|658.00||
EJ010923.TXT|001266|000802|2023-08-12|14:52|274.17||||54.83|||||329.00||329.00|
EJ010923.TXT|001269|000803|2023-08-14|15:02|1645.00||||329.00|||||1974.00||1974.00|
EJ010923.TXT|001270|000804|2023-08-16|13:36|274.17||||54.83|||||329.00|329.00||
EJ010923.TXT|001271|000805|2023-08-18|16:41|73.33||||14.67|||||88.00||88.00|
EJ010923.TXT|001272|000806|2023-08-19|13:14|568.33||||113.67|||||682.00|682.00||
EJ010923.TXT|001273|000807|2023-08-19|16:25|1096.67||||219.33|||||1316.00|1016.00|300.00|
EJ010923.TXT|001274|000808|2023-08-19|16:41|974.17||||194.83|||||1169.00|1169.00||
EJ010923.TXT|001275|000809|2023-08-25|11:21|66.33||||13.27|||||79.60||79.60|
EJ010923.TXT|001276|000810|2023-08-28|14:30|1919.17||||383.83|||||2303.00|2303.00||
EJ010923.TXT|001277|000811|2023-08-28|15:40|582.50||||116.50|||||699.00||699.00|
EJ010923.TXT|001278|000812|2023-08-29|08:52|199.17||||39.83|||||239.00||239.00|
EJ021023.TXT|001283|000813|2023-09-01|11:29|248.33||||49.67|||||298.00|298.00||
EJ021023.TXT|001284|000814|2023-09-01|14:53|274.17||||54.83|||||329.00|329.00||
EJ021023.TXT|001285|000815|2023-09-01|14:56|73.33||||14.67|||||88.00|88.00||
EJ021023.TXT|001287|000816|2023-09-01|15:39|274.17||||54.83|||||329.00|329.00||
EJ021023.TXT|001288|000817|2023-09-01|15:39|572.50||||114.50|||||687.00|687.00||
EJ021023.TXT|001289|000818|2023-09-01|16:38|274.17||||54.83|||||329.00|329.00||
EJ021023.TXT|001293|000819|2023-09-04|14:23|548.33||||109.67|||||658.00|658.00||
EJ021023.TXT|001296|000820|2023-09-06|09:30|3200.00||||640.00|||||3840.00|3840.00||
EJ021023.TXT|001297|000821|2023-09-06|10:10|82.50||||16.50|||||99.00|99.00||
EJ021023.TXT|001300|000822|2023-09-07|15:54|124.17||||24.83|||||149.00|149.00||
EJ021023.TXT|001301|000823|2023-09-07|16:30|274.17||||54.83|||||329.00|329.00||
EJ021023.TXT|001302|000824|2023-09-09|15:52|65.83||||13.17|||||79.00|79.00||
EJ021023.TXT|001304|000825|2023-09-14|10:05|1096.67||||219.33|||||1316.00|1316.00||
EJ021023.TXT|001306|000826|2023-09-14|13:01|548.33||||109.67|||||658.00|658.00||
EJ021023.TXT|001307|000827|2023-09-14|13:02|1165.00||||233.00|||||1398.00|1398.00||
EJ021023.TXT|001308|000828|2023-09-14|14:25|274.17||||54.83|||||329.00||329.00|
EJ021023.TXT|001310|000829|2023-09-20|09:37|147.50||||29.50|||||177.00|177.00||
EJ021023.TXT|001311|000830|2023-09-20|12:01|548.33||||109.67|||||658.00|658.00||
EJ021023.TXT|001312|000831|2023-09-20|16:07|548.33||||109.67|||||658.00|658.00||
EJ021023.TXT|001316|000832|2023-09-22|16:08|548.33||||109.67|||||658.00|658.00||
EJ021023.TXT|001319|000833|2023-09-23|14:10|849.17||||169.83|||||1019.00|1019.00||
EJ021023.TXT|001320|000834|2023-09-23|14:11|2014.17||||402.83|||||2417.00|2417.00||
EJ021023.TXT|001322|000835|2023-09-23|16:41|597.50||||119.50|||||717.00|717.00||
EJ021023.TXT|001323|000836|2023-09-25|16:38|65.83||||13.17|||||79.00|79.00||
EJ021023.TXT|001324|000837|2023-09-26|15:20|548.33||||109.67|||||658.00|658.00||
EJ021023.TXT|001326|000838|2023-09-29|15:31|380.67||||76.13|||||456.80||456.80|
EJ021023.TXT|001327|000839|2023-09-29|16:46|33.17||||6.63|||||39.80|39.80||
EJ021023.TXT|001328|000840|2023-09-30|13:47|548.33||||109.67|||||658.00|658.00||
EJ021023.TXT|001329|000841|2023-09-30|13:47|274.17||||54.83|||||329.00|329.00||
EJ021023.TXT|001330|000842|2023-09-30|16:09|274.17||||54.83|||||329.00|329.00||
EJ021023.TXT|001331|000843|2023-10-02|09:01|329.17||||65.83|||||395.00|395.00||
EJ021123.TXT|001340|000844|2023-10-03|12:25|548.33||||109.67|||||658.00|658.00||
EJ021123.TXT|001342|000845|2023-10-03|14:17||||||||||0.00||0.00|
EJ021123.TXT|001343|000846|2023-10-03|14:53|548.33||||109.67|||||658.00|658.00||
EJ021123.TXT|001344|000847|2023-10-03|15:05|548.33||||109.67|||||658.00|658.00||
EJ021123.TXT|001345|000848|2023-10-04|13:44|274.17||||54.83|||||329.00||329.00|
EJ021123.TXT|001346|000849|2023-10-05|12:26|274.17||||54.83|||||329.00||329.00|
EJ021123.TXT|001347|000850|2023-10-05|13:53|548.33||||109.67|||||658.00|658.00||
EJ021123.TXT|001348|000851|2023-10-06|12:13|274.17||||54.83|||||329.00|329.00||
EJ021123.TXT|001349|000852|2023-10-06|14:10|866.67||||173.33|||||1040.00|1040.00||
EJ021123.TXT|001350|000853|2023-10-06|15:09|1165.00||||233.00|||||1398.00|1398.00||
EJ021123.TXT|001351|000854|2023-10-09|12:41|1096.67||||219.33|||||1316.00|1316.00||
EJ021123.TXT|001352|000855|2023-10-09|14:55|548.33||||109.67|||||658.00|658.00||
EJ021123.TXT|001355|000856|2023-10-12|15:56|522.50||||104.50|||||627.00|627.00||
EJ021123.TXT|001356|000857|2023-10-13|12:23|274.17||||54.83|||||329.00|329.00||
EJ021123.TXT|001357|000858|2023-10-14|14:43|548.33||||109.67|||||658.00|658.00||
EJ021123.TXT|001358|000859|2023-10-16|16:08|548.33||||109.67|||||658.00|658.00||
EJ021123.TXT|001359|000860|2023-10-17|11:15|3241.67||||648.33|||||3890.00|3890.00||
EJ021123.TXT|001360|000861|2023-10-18|16:43|266.67||||53.33|||||320.00||320.00|
EJ021123.TXT|001361|000862|2023-10-19|12:41|225.00||||45.00|||||270.00||270.00|
EJ021123.TXT|001362|000863|2023-10-19|16:53|274.17||||54.83|||||329.00|329.00||
EJ021123.TXT|001363|000864|2023-10-21|13:40|672.50||||134.50|||||807.00||807.00|
EJ021123.TXT|001366|000865|2023-10-23|12:31|274.17||||54.83|||||329.00||329.00|
EJ021123.TXT|001369|000866|2023-10-24|12:41|465.00||||93.00|||||558.00||558.00|
EJ021123.TXT|001370|000867|2023-10-25|14:51|2766.67||||553.33|||||3320.00|3320.00||
EJ021123.TXT|001371|000868|2023-10-25|16:43|548.33||||109.67|||||658.00|658.00||
EJ021123.TXT|001375|000869|2023-10-26|13:00|533.33||||106.67|||||640.00|640.00||
EJ021123.TXT|001376|000870|2023-10-26|15:20|548.33||||109.67|||||658.00|658.00||
EJ021123.TXT|001377|000871|2023-10-28|15:47|199.17||||39.83|||||239.00|239.00||
EJ061223.TXT|001383|000872|2023-11-02|16:46|533.33||||106.67|||||640.00|640.00||
EJ061223.TXT|001384|000873|2023-11-06|13:11|658.33||||131.67|||||790.00|790.00||
EJ061223.TXT|001385|000874|2023-11-06|13:29|54.17||||10.83|||||65.00|65.00||
EJ061223.TXT|001386|000875|2023-11-07|11:11|548.33||||109.67|||||658.00|128.00|530.00|
EJ061223.TXT|001387|000876|2023-11-07|11:56|165.00||||33.00|||||198.00||198.00|
EJ061223.TXT|001393|000877|2023-11-10|15:31|688.29||||137.66|||||825.95||825.95|
EJ061223.TXT|001394|000878|2023-11-10|15:31|1179.17||||235.83|||||1415.00||1415.00|
EJ061223.TXT|001395|000879|2023-11-10|15:32|1179.17||||235.83|||||1415.00||1415.00|
EJ061223.TXT|001396|000880|2023-11-10|15:32|1179.17||||235.83|||||1415.00||1415.00|
EJ061223.TXT|001397|000881|2023-11-10|15:33|657.50||||131.50|||||789.00||789.00|
EJ061223.TXT|001398|000882|2023-11-10|15:33|521.67||||104.33|||||626.00||626.00|
EJ061223.TXT|001399|000883|2023-11-10|15:33|690.83||||138.17|||||829.00||829.00|
EJ061223.TXT|001400|000884|2023-11-10|15:33|488.33||||97.67|||||586.00||586.00|
EJ061223.TXT|001402|000885|2023-11-13|11:59|548.33||||109.67|||||658.00||658.00|
EJ061223.TXT|001403|000886|2023-11-14|11:32|566.67||||113.33|||||680.00||680.00|
EJ061223.TXT|001404|000887|2023-11-16|16:39|548.33||||109.67|||||658.00||658.00|
EJ061223.TXT|001405|000888|2023-11-16|16:39|285.00||||57.00|||||342.00||342.00|
EJ061223.TXT|001406|000889|2023-11-16|16:40|811.67||||162.33|||||974.00|974.00||
EJ061223.TXT|001407|000890|2023-11-17|10:45|136.67||||27.33|||||164.00|164.00||
EJ061223.TXT|001408|000891|2023-11-21|14:34|440.00||||88.00|||||528.00|528.00||
EJ061223.TXT|001409|000892|2023-11-23|15:35|1645.00||||329.00|||||1974.00|1974.00||
EJ061223.TXT|001410|000893|2023-11-27|12:36|548.33||||109.67|||||658.00|658.00||
EJ061223.TXT|001411|000894|2023-11-27|14:15|516.67||||103.33|||||620.00||620.00|
EJ061223.TXT|001412|000895|2023-11-27|14:20|516.67||||103.33|||||620.00||620.00|
EJ061223.TXT|001413|000896|2023-11-28|11:32|822.50||||164.50|||||987.00|987.00||
EJ061223.TXT|001414|000897|2023-11-28|13:38|548.33||||109.67|||||658.00|658.00||
EJ061223.TXT|001415|000898|2023-11-29|10:27|548.33||||109.67|||||658.00|658.00||
EJ061223.TXT|001416|000899|2023-11-30|15:53|739.17||||147.83|||||887.00|887.00||
EJ061223.TXT|001417|000900|2023-12-01|12:25|531.67||||106.33|||||638.00||638.00|
EJ061223.TXT|001418|000901|2023-12-01|15:48|1096.67||||219.33|||||1316.00|1316.00||
EJ061223.TXT|001419|000902|2023-12-02|16:22|190.83||||38.17|||||229.00|229.00||
EJ061223.TXT|001420|000903|2023-12-06|14:10|1595.00||||319.00|||||1914.00|1914.00||
EJ050124.TXT|001428|000904|2023-12-08|14:17|-465.00||||-93.00|||||-558.00|-558.00||
EJ050124.TXT|001429|000905|2023-12-09|16:52|-597.50||||-119.50|||||-717.00|-717.00||
EJ050124.TXT|001430|000906|2023-12-11|15:32|-1096.67||||-219.33|||||-1316.00|-1316.00||
EJ050124.TXT|001431|000907|2023-12-12|17:06|-274.17||||-54.83|||||-329.00||-329.00|
EJ050124.TXT|001432|000908|2023-12-14|14:45|-797.50||||-159.50|||||-957.00||-957.00|
EJ050124.TXT|001433|000909|2023-12-14|16:07|-124.17||||-24.83|||||-149.00||-149.00|
EJ050124.TXT|001434|000910|2023-12-15|11:02|-797.50||||-159.50|||||-957.00|-957.00||
EJ050124.TXT|001435|000911|2023-12-15|17:21|-548.33||||-109.67|||||-658.00|-658.00||
EJ050124.TXT|001436|000912|2023-12-16|15:24|-548.33||||-109.67|||||-658.00||-658.00|
EJ050124.TXT|001437|000913|2023-12-16|17:07|-82.50||||-16.50|||||-99.00|-99.00||
EJ050124.TXT|001438|000914|2023-12-18|11:34|-274.17||||-54.83|||||-329.00|-329.00||
EJ050124.TXT|001439|000915|2023-12-18|11:36|-274.17||||-54.83|||||-329.00|-329.00||
EJ050124.TXT|001440|000916|2023-12-19|16:04|-37.50||||-7.50|||||-45.00|-45.00||
EJ050124.TXT|001441|000917|2023-12-20|12:42|-274.17||||-54.83|||||-329.00|-329.00||
EJ050124.TXT|001442|000918|2023-12-20|12:50|-350.00||||-70.00|||||-420.00|-420.00||
EJ050124.TXT|001443|000919|2023-12-20|14:22|-54.17||||-10.83|||||-65.00|-65.00||
EJ050124.TXT|001444|000920|2023-12-20|16:51|-274.17||||-54.83|||||-329.00||-329.00|
EJ050124.TXT|001445|000921|2023-12-21|14:26|-548.33||||-109.67|||||-658.00||-658.00|
EJ050124.TXT|001446|000922|2023-12-21|14:27|-548.33||||-109.67|||||-658.00||-658.00|
EJ050124.TXT|001447|000923|2023-12-22|11:26|-548.33||||-109.67|||||-658.00||-658.00|
EJ050124.TXT|001448|000924|2023-12-22|15:41|-1645.00||||-329.00|||||-1974.00|-1974.00||
EJ050124.TXT|001449|000925|2023-12-22|15:57|-274.17||||-54.83|||||-329.00|-329.00||
EJ050124.TXT|001450|000926|2023-12-22|16:42|-37.50||||-7.50|||||-45.00||-45.00|
EJ050124.TXT|001451|000927|2023-12-26|15:13|-822.50||||-164.50|||||-987.00||-987.00|
EJ050124.TXT|001452|000928|2023-12-26|15:13|-274.17||||-54.83|||||-329.00||-329.00|
EJ050124.TXT|001453|000929|2023-12-26|15:16|-248.33||||-49.67|||||-298.00||-298.00|
EJ050124.TXT|001454|000930|2023-12-27|15:07|-548.33||||-109.67|||||-658.00||-658.00|
EJ050124.TXT|001456|000931|2023-12-29|10:55|-548.33||||-109.67|||||-658.00||-658.00|
EJ050124.TXT|001457|000932|2023-12-29|13:19|-548.33||||-109.67|||||-658.00||-658.00|
EJ050124.TXT|001458|000933|2023-12-29|13:31|-566.67||||-113.33|||||-680.00||-680.00|
EJ050124.TXT|001459|000934|2023-12-30|14:35|-199.17||||-39.83|||||-239.00||-239.00|
EJ050124.TXT|001460|000935|2023-12-30|15:43|-548.33||||-109.67|||||-658.00||-658.00|
EJ050124.TXT|001461|000936|2023-12-30|17:01|-797.50||||-159.50|||||-957.00||-957.00|
EJ050124.TXT|001462|000937|2023-12-30|17:02|-797.50||||-159.50|||||-957.00||-957.00|
EJ050124.TXT|001465|000938|2024-01-04|17:15|-146.67||||-29.33|||||-176.00|-176.00||
EJ010224.TXT|001473|000939|2024-01-06|14:08|274.17||||54.83|||||329.00||329.00|
EJ010224.TXT|001475|000940|2024-01-09|11:25|124.17||||24.83|||||149.00|149.00||
EJ010224.TXT|001476|000941|2024-01-09|12:16|548.33||||109.67|||||658.00|658.00||
EJ010224.TXT|001477|000942|2024-01-11|13:05|1913.33||||382.67|||||2296.00|2296.00||
EJ010224.TXT|001478|000943|2024-01-11|13:46|1296.67||||259.33|||||1556.00|1556.00||
EJ010224.TXT|001479|000944|2024-01-11|15:37|29.08||||5.82|||||34.90|34.90||
EJ010224.TXT|001480|000945|2024-01-12|16:31|90.83||||18.17|||||109.00||109.00|
EJ010224.TXT|001481|000946|2024-01-12|17:05|548.33||||109.67|||||658.00|658.00||
EJ010224.TXT|001482|000947|2024-01-12|17:14|548.33||||109.67|||||658.00|658.00||
EJ010224.TXT|001484|000948|2024-01-18|14:04|1732.50||||346.50|||||2079.00|2079.00||
EJ010224.TXT|001485|000949|2024-01-19|12:41|3200.00||||640.00|||||3840.00|3840.00||
EJ010224.TXT|001486|000950|2024-01-19|12:41|1066.67||||213.33|||||1280.00|1280.00||
EJ010224.TXT|001487|000951|2024-01-19|13:59|57.50||||11.50|||||69.00|69.00||
EJ010224.TXT|001488|000952|2024-01-20|14:59|548.33||||109.67|||||658.00|658.00||
EJ010224.TXT|001489|000953|2024-01-20|15:19|82.50||||16.50|||||99.00|99.00||
EJ010224.TXT|001490|000954|2024-01-20|17:16|274.17||||54.83|||||329.00|329.00||
EJ010224.TXT|001491|000955|2024-01-23|14:49|124.17||||24.83|||||149.00|94.00|55.00|
EJ010224.TXT|001492|000956|2024-01-26|16:10|822.50||||164.50|||||987.00|987.00||
EJ010224.TXT|001493|000957|2024-01-27|14:32|1096.67||||219.33|||||1316.00|1316.00||
EJ010224.TXT|001494|000958|2024-01-27|16:20|274.17||||54.83|||||329.00|329.00||
EJ010224.TXT|001495|000959|2024-01-27|16:59|548.33||||109.67|||||658.00|658.00||
EJ010224.TXT|001496|000960|2024-01-27|17:17|603.33||||120.67|||||724.00|724.00||
EJ010224.TXT|001497|000961|2024-01-27|17:23|91.50||||18.30|||||109.80|109.80||
EJ010224.TXT|001498|000962|2024-01-29|14:52|73.33||||14.67|||||88.00|88.00||
EJ010224.TXT|001499|000963|2024-01-30|15:29|548.33||||109.67|||||658.00|658.00||
EJ010224.TXT|001500|000964|2024-01-30|17:41|548.33||||109.67|||||658.00|658.00||
EJ010224.TXT|001503|000965|2024-01-31|11:00|175.00||||35.00|||||210.00||210.00|
EJ010324.TXT|001509|000966|2024-02-01|11:10|1645.00||||329.00|||||1974.00|1974.00||
EJ010324.TXT|001510|000967|2024-02-01|14:37|199.17||||39.83|||||239.00||239.00|
EJ010324.TXT|001511|000968|2024-02-01|16:17|531.67||||106.33|||||638.00|638.00||
EJ010324.TXT|001515|000969|2024-02-02|16:46|190.83||||38.17|||||229.00|229.00||
EJ010324.TXT|001516|000970|2024-02-03|15:24|274.17||||54.83|||||329.00|329.00||
EJ010324.TXT|001517|000971|2024-02-03|17:34|329.17||||65.83|||||395.00||395.00|
EJ010324.TXT|001518|000972|2024-02-05|12:32|199.17||||39.83|||||239.00|239.00||
EJ010324.TXT|001520|000973|2024-02-05|12:40|199.17||||39.83|||||239.00|239.00||
EJ010324.TXT|001523|000974|2024-02-06|12:54|274.17||||54.83|||||329.00|329.00||
EJ010324.TXT|001524|000975|2024-02-06|13:36|190.83||||38.17|||||229.00|229.00||
EJ010324.TXT|001525|000976|2024-02-06|16:24|1645.00||||329.00|||||1974.00|1974.00||
EJ010324.TXT|001526|000977|2024-02-06|16:55|274.17||||54.83|||||329.00|329.00||
EJ010324.TXT|001527|000978|2024-02-07|10:37|190.83||||38.17|||||229.00||229.00|
EJ010324.TXT|001528|000979|2024-02-07|12:29|548.33||||109.67|||||658.00|658.00||
EJ010324.TXT|001529|000980|2024-02-07|15:20|548.33||||109.67|||||658.00||658.00|
EJ010324.TXT|001530|000981|2024-02-07|15:56|3505.83||||701.17|||||4207.00|4207.00||
EJ010324.TXT|001532|000982|2024-02-08|15:29|87.25||||17.45|||||104.70|104.70||
EJ010324.TXT|001533|000983|2024-02-08|15:31|124.17||||24.83|||||149.00|149.00||
EJ010324.TXT|001534|000984|2024-02-09|10:18|663.33||||132.67|||||796.00|796.00||
EJ010324.TXT|001536|000985|2024-02-09|12:54|124.17||||24.83|||||149.00|149.00||
EJ010324.TXT|001538|000986|2024-02-09|14:12|274.17||||54.83|||||329.00||329.00|
EJ010324.TXT|001539|000987|2024-02-09|15:14|398.33||||79.67|||||478.00|478.00||
EJ010324.TXT|001540|000988|2024-02-09|16:52|548.33||||109.67|||||658.00||658.00|
EJ010324.TXT|001541|000989|2024-02-09|17:11|350.00||||70.00|||||420.00|420.00||
EJ010324.TXT|001542|000990|2024-02-12|10:09|274.17||||54.83|||||329.00|329.00||
EJ010324.TXT|001543|000991|2024-02-14|14:51|274.17||||54.83|||||329.00|329.00||
EJ010324.TXT|001544|000992|2024-02-15|15:34|548.33||||109.67|||||658.00|658.00||
EJ010324.TXT|001545|000993|2024-02-15|16:06|548.33||||109.67|||||658.00|658.00||
EJ010324.TXT|001546|000994|2024-02-15|16:18|548.33||||109.67|||||658.00|440.00|218.00|
EJ010324.TXT|001548|000995|2024-02-16|14:44|3290.00||||658.00|||||3948.00|3948.00||
EJ010324.TXT|001549|000996|2024-02-16|15:35|136.50||||27.30|||||163.80||163.80|
EJ010324.TXT|001550|000997|2024-02-17|14:59|658.33||||131.67|||||790.00|790.00||
EJ010324.TXT|001551|000998|2024-02-19|16:17|2193.33||||438.67|||||2632.00|2632.00||
EJ010324.TXT|001552|000999|2024-02-20|16:08|1096.67||||219.33|||||1316.00|1316.00||
EJ010324.TXT|001553|001000|2024-02-21|11:06|199.17||||39.83|||||239.00||239.00|
EJ010324.TXT|001555|001001|2024-02-21|11:52|212.50||||42.50|||||255.00|255.00||
EJ010324.TXT|001556|001002|2024-02-22|17:50|473.33||||94.67|||||568.00|568.00||
EJ010324.TXT|001560|001003|2024-02-28|13:03|548.33||||109.67|||||658.00||658.00|
EJ010324.TXT|001561|001004|2024-02-28|14:31|546.67||||109.33|||||656.00|656.00||
EJ010324.TXT|001562|001005|2024-02-29|17:01|548.33||||109.67|||||658.00|658.00||
EJ020424.TXT|001568|001006|2024-03-01|15:01|548.33||||109.67|||||658.00|658.00||
EJ020424.TXT|001569|001007|2024-03-01|15:20|822.50||||164.50|||||987.00||987.00|
EJ020424.TXT|001572|001008|2024-03-05|12:27|822.50||||164.50|||||987.00||987.00|
EJ020424.TXT|001573|001009|2024-03-05|12:27|822.50||||164.50|||||987.00||987.00|
EJ020424.TXT|001575|001010|2024-03-06|17:55|1096.67||||219.33|||||1316.00|1316.00||
EJ020424.TXT|001576|001011|2024-03-07|16:26|398.33||||79.67|||||478.00|478.00||
EJ020424.TXT|001577|001012|2024-03-08|14:28|548.33||||109.67|||||658.00||658.00|
EJ020424.TXT|001578|001013|2024-03-08|16:46|1096.67||||219.33|||||1316.00|1316.00||
EJ020424.TXT|001579|001014|2024-03-09|15:02|922.50||||184.50|||||1107.00|1107.00||
EJ020424.TXT|001580|001015|2024-03-12|15:55|545.00||||109.00|||||654.00|654.00||
EJ020424.TXT|001581|001016|2024-03-13|15:54|548.33||||109.67|||||658.00||658.00|
EJ020424.TXT|001582|001017|2024-03-13|16:28|45.75||||9.15|||||54.90|54.90||
EJ020424.TXT|001583|001018|2024-03-14|12:24|274.17||||54.83|||||329.00|329.00||
EJ020424.TXT|001584|001019|2024-03-14|14:15|822.50||||164.50|||||987.00||987.00|
EJ020424.TXT|001585|001020|2024-03-16|15:56|274.17||||54.83|||||329.00|329.00||
EJ020424.TXT|001586|001021|2024-03-16|16:11|190.83||||38.17|||||229.00|229.00||
EJ020424.TXT|001587|001022|2024-03-16|16:30|274.17||||54.83|||||329.00||329.00|
EJ020424.TXT|001588|001023|2024-03-16|17:38|566.67||||113.33|||||680.00||680.00|
EJ020424.TXT|001589|001024|2024-03-19|15:31|244.92||||48.98|||||293.90||293.90|
EJ020424.TXT|001590|001025|2024-03-20|14:37|267.50||||53.50|||||321.00|321.00||
EJ020424.TXT|001591|001026|2024-03-20|14:37|272.50||||54.50|||||327.00|327.00||
EJ020424.TXT|001592|001027|2024-03-21|16:18|82.50||||16.50|||||99.00|99.00||
EJ020424.TXT|001593|001028|2024-03-22|17:20|33.25||||6.65|||||39.90|39.90||
EJ020424.TXT|001594|001029|2024-03-23|15:17|822.50||||164.50|||||987.00||987.00|
EJ020424.TXT|001595|001030|2024-03-23|15:17|822.50||||164.50|||||987.00||987.00|
EJ020424.TXT|001596|001031|2024-03-23|15:32|548.33||||109.67|||||658.00|658.00||
EJ020424.TXT|001597|001032|2024-03-26|13:58|863.33||||172.67|||||1036.00|1036.00||
EJ020424.TXT|001598|001033|2024-03-28|11:58|274.17||||54.83|||||329.00|329.00||
EJ020424.TXT|001599|001034|2024-03-29|16:02|274.17||||54.83|||||329.00|329.00||
EJ020424.TXT|001600|001035|2024-03-30|16:36|82.25||||16.45|||||98.70|98.70||
EJ020524.TXT|001605|001036|2024-04-04|13:58|548.33||||109.67|||||658.00|658.00||
EJ020524.TXT|001606|001037|2024-04-05|09:01|548.33||||109.67|||||658.00|658.00||
EJ020524.TXT|001612|001038|2024-04-08|14:35|658.33||||131.67|||||790.00|790.00||
EJ020524.TXT|001613|001039|2024-04-10|10:50|548.33||||109.67|||||658.00|658.00||
EJ020524.TXT|001614|001040|2024-04-10|10:52|548.33||||109.67|||||658.00|658.00||
EJ020524.TXT|001617|001041|2024-04-11|11:26|3190.00||||638.00|||||3828.00|3828.00||
EJ020524.TXT|001618|001042|2024-04-11|12:53|548.33||||109.67|||||658.00|658.00||
EJ020524.TXT|001619|001043|2024-04-12|14:50|279.65||||55.93|||||335.58|335.58||
EJ020524.TXT|001620|001044|2024-04-12|14:52|548.33||||109.67|||||658.00|658.00||
EJ020524.TXT|001621|001045|2024-04-15|09:33|548.33||||109.67|||||658.00|658.00||
EJ020524.TXT|001622|001046|2024-04-15|09:33|548.33||||109.67|||||658.00|658.00||
EJ020524.TXT|001623|001047|2024-04-16|16:31|548.33||||109.67|||||658.00|658.00||
EJ020524.TXT|001625|001048|2024-04-18|10:03|416.33||||83.27|||||499.60||499.60|
EJ020524.TXT|001627|001049|2024-04-18|11:25|190.83||||38.17|||||229.00|229.00||
EJ020524.TXT|001628|001050|2024-04-18|11:49|66.50||||13.30|||||79.80|79.80||
EJ020524.TXT|001629|001051|2024-04-18|12:47|60.83||||12.17|||||73.00|73.00||
EJ020524.TXT|001630|001052|2024-04-20|13:16|548.33||||109.67|||||658.00||658.00|
EJ020524.TXT|001632|001053|2024-04-22|10:36|41.58||||8.32|||||49.90|49.90||
EJ020524.TXT|001633|001054|2024-04-22|10:53|582.50||||116.50|||||699.00|699.00||
EJ020524.TXT|001634|001055|2024-04-23|13:45|2600.00||||520.00|||||3120.00|3120.00||
EJ020524.TXT|001635|001056|2024-04-24|12:23|329.17||||65.83|||||395.00||395.00|
EJ020524.TXT|001637|001057|2024-04-25|11:05|274.17||||54.83|||||329.00|329.00||
EJ020524.TXT|001638|001058|2024-04-25|12:38|548.33||||109.67|||||658.00|658.00||
EJ020524.TXT|001639|001059|2024-04-26|10:26|548.33||||109.67|||||658.00||658.00|
EJ020524.TXT|001644|001060|2024-04-26|13:49|183.00||||36.60|||||219.60||219.60|
EJ020524.TXT|001645|001061|2024-04-26|14:18|2375.00||||475.00|||||2850.00|2850.00||
EJ020524.TXT|001646|001062|2024-04-26|14:39|536.25||||107.25|||||643.50||643.50|
EJ020524.TXT|001647|001063|2024-04-26|16:00|274.17||||54.83|||||329.00|329.00||
EJ020524.TXT|001648|001064|2024-04-27|16:42|274.17||||54.83|||||329.00||329.00|
EJ010624.TXT|001655|001065|2024-05-02|15:00|548.33||||109.67|||||658.00|658.00||
EJ010624.TXT|001658|001066|2024-05-04|14:40|274.17||||54.83|||||329.00||329.00|
EJ010624.TXT|001659|001067|2024-05-04|14:53|274.17||||54.83|||||329.00|329.00||
EJ010624.TXT|001661|001068|2024-05-06|13:11|730.00||||146.00|||||876.00|876.00||
EJ010624.TXT|001662|001069|2024-05-10|11:21|324.08||||64.82|||||388.90|388.90||
EJ010624.TXT|001663|001070|2024-05-10|13:12|1096.67||||219.33|||||1316.00|1316.00||
EJ010624.TXT|001664|001071|2024-05-11|16:07|274.17||||54.83|||||329.00|329.00||
EJ010624.TXT|001665|001072|2024-05-13|12:30|274.17||||54.83|||||329.00||329.00|
EJ010624.TXT|001667|001073|2024-05-14|12:48|274.17||||54.83|||||329.00|329.00||
EJ010624.TXT|001668|001074|2024-05-14|12:48|199.17||||39.83|||||239.00|239.00||
EJ010624.TXT|001669|001075|2024-05-15|12:20|548.33||||109.67|||||658.00|658.00||
EJ010624.TXT|001670|001076|2024-05-15|15:00|548.33||||109.67|||||658.00||658.00|
EJ010624.TXT|001671|001077|2024-05-15|16:06|83.17||||16.63|||||99.80|99.80||
EJ010624.TXT|001673|001078|2024-05-22|15:48|1096.67||||219.33|||||1316.00||1316.00|
EJ010624.TXT|001674|001079|2024-05-23|12:51|1644.50||||328.90|||||1973.40|1973.40||
EJ010624.TXT|001675|001080|2024-05-23|14:25|548.33||||109.67|||||658.00||658.00|
EJ010624.TXT|001676|001081|2024-05-23|14:37|822.50||||164.50|||||987.00|987.00||
EJ010624.TXT|001677|001082|2024-05-23|16:28|548.33||||109.67|||||658.00|658.00||
EJ010624.TXT|001678|001083|2024-05-25|14:37|45.75||||9.15|||||54.90|54.90||
EJ010624.TXT|001679|001084|2024-05-27|16:38|548.33||||109.67|||||658.00|658.00||
EJ010624.TXT|001681|001085|2024-05-28|14:43|274.17||||54.83|||||329.00||329.00|
EJ010624.TXT|001683|001086|2024-05-29|09:27|548.33||||109.67|||||658.00|658.00||
EJ010624.TXT|001684|001087|2024-05-29|13:59|548.33||||109.67|||||658.00|658.00||
EJ010624.TXT|001685|001088|2024-05-29|14:10|274.17||||54.83|||||329.00||329.00|
EJ010624.TXT|001686|001089|2024-06-01|13:35|1733.33||||346.67|||||2080.00|2080.00||
EJ010724.TXT|001690|001090|2024-06-01|15:02|66.50||||13.30|||||79.80||79.80|
EJ010724.TXT|001691|001091|2024-06-01|16:23|73.33||||14.67|||||88.00|88.00||
EJ010724.TXT|001692|001092|2024-06-01|16:27|41.58||||8.32|||||49.90|49.90||
EJ010724.TXT|001696|001093|2024-06-03|10:10|274.17||||54.83|||||329.00|329.00||
EJ010724.TXT|001701|001094|2024-06-03|14:20|548.33||||109.67|||||658.00|658.00||
EJ010724.TXT|001706|001095|2024-06-06|14:23|274.17||||54.83|||||329.00|329.00||
EJ010724.TXT|001707|001096|2024-06-13|14:18|274.17||||54.83|||||329.00|329.00||
EJ010724.TXT|001708|001097|2024-06-13|14:19|274.17||||54.83|||||329.00|329.00||
EJ010724.TXT|001709|001098|2024-06-13|14:19|274.17||||54.83|||||329.00|329.00||
EJ010724.TXT|001710|001099|2024-06-13|14:19|274.17||||54.83|||||329.00|329.00||
EJ010724.TXT|001711|001100|2024-06-14|14:54|582.50||||116.50|||||699.00||699.00|
EJ010724.TXT|001713|001101|2024-06-15|14:45|415.00||||83.00|||||498.00||498.00|
EJ010724.TXT|001714|001102|2024-06-15|16:09|274.17||||54.83|||||329.00||329.00|
EJ010724.TXT|001715|001103|2024-06-18|08:59|548.33||||109.67|||||658.00||658.00|
EJ010724.TXT|001717|001104|2024-06-20|10:19|548.33||||109.67|||||658.00|658.00||
EJ010724.TXT|001718|001105|2024-06-25|15:12|20500.00||||4100.00|||||24600.00|24600.00||
EJ010724.TXT|001719|001106|2024-06-26|10:55|531.67||||106.33|||||638.00||638.00|
EJ010724.TXT|001720|001107|2024-06-26|12:56|274.17||||54.83|||||329.00|329.00||
EJ010724.TXT|001721|001108|2024-06-26|13:17|548.33||||109.67|||||658.00|658.00||
EJ010724.TXT|001722|001109|2024-06-26|15:56|90.83||||18.17|||||109.00||109.00|
EJ010724.TXT|001724|001110|2024-06-28|11:37|40.75||||8.15|||||48.90|48.90||
EJ010724.TXT|001725|001111|2024-06-29|13:34|329.17||||65.83|||||395.00|395.00||
EJ010724.TXT|001726|001112|2024-06-29|14:05|548.33||||109.67|||||658.00|658.00||
EJ010824.TXT|001732|001113|2024-07-01|16:08|397.50||||79.50|||||477.00||477.00|
EJ010824.TXT|001733|001114|2024-07-02|09:55|20500.00||||4100.00|||||24600.00|24600.00||
EJ010824.TXT|001734|001115|2024-07-02|12:08|274.17||||54.83|||||329.00|329.00||
EJ010824.TXT|001735|001116|2024-07-03|15:17|274.17||||54.83|||||329.00||329.00|
EJ010824.TXT|001736|001117|2024-07-08|09:03|347.50||||69.50|||||417.00||417.00|
EJ010824.TXT|001737|001118|2024-07-09|10:48|274.17||||54.83|||||329.00|329.00||
EJ010824.TXT|001738|001119|2024-07-10|10:31|1096.67||||219.33|||||1316.00|1316.00||
EJ010824.TXT|001741|001120|2024-07-10|13:58|2075.00||||415.00|||||2490.00||2490.00|
EJ010824.TXT|001742|001121|2024-07-10|14:05|548.33||||109.67|||||658.00|658.00||
EJ010824.TXT|001746|001122|2024-07-11|12:05|548.33||||109.67|||||658.00|658.00||
EJ010824.TXT|001747|001123|2024-07-17|15:43|548.33||||109.67|||||658.00||658.00|
EJ010824.TXT|001748|001124|2024-07-17|16:40|1096.67||||219.33|||||1316.00|1316.00||
EJ010824.TXT|001750|001125|2024-07-19|11:02|822.50||||164.50|||||987.00||987.00|
EJ010824.TXT|001751|001126|2024-07-19|11:03|822.50||||164.50|||||987.00||987.00|
EJ010824.TXT|001752|001127|2024-07-19|11:03|822.50||||164.50|||||987.00||987.00|
EJ010824.TXT|001753|001128|2024-07-19|11:03|822.50||||164.50|||||987.00||987.00|
EJ010824.TXT|001754|001129|2024-07-19|11:05|210.00||||42.00|||||252.00||252.00|
EJ010824.TXT|001755|001130|2024-07-19|15:43|274.17||||54.83|||||329.00||329.00|
EJ010824.TXT|001759|001131|2024-07-22|15:11|265.83||||53.17|||||319.00|50.00|269.00|
EJ010824.TXT|001764|001132|2024-07-23|15:57|329.17||||65.83|||||395.00||395.00|
EJ010824.TXT|001765|001133|2024-07-23|15:58|329.17||||65.83|||||395.00||395.00|
EJ010824.TXT|001766|001134|2024-07-23|16:14|474.17||||94.83|||||569.00|569.00||
EJ010824.TXT|001767|001135|2024-07-23|16:15|274.17||||54.83|||||329.00||329.00|
EJ010824.TXT|001768|001136|2024-07-26|12:26|548.33||||109.67|||||658.00|658.00||
EJ010824.TXT|001769|001137|2024-07-27|14:34|274.17||||54.83|||||329.00|329.00||
EJ010824.TXT|001770|001138|2024-07-29|12:10|274.17||||54.83|||||329.00|329.00||
EJ010824.TXT|001771|001139|2024-07-29|15:17|548.33||||109.67|||||658.00|658.00||
EJ010824.TXT|001773|001140|2024-07-30|09:16|548.33||||109.67|||||658.00||658.00|
EJ010824.TXT|001775|001141|2024-07-31|12:57|274.17||||54.83|||||329.00||329.00|
EJ300824.TXT|001783|001142|2024-08-01|13:59|1645.00||||329.00|||||1974.00|1974.00||
EJ300824.TXT|001784|001143|2024-08-02|09:49|175.00||||35.00|||||210.00|80.00|130.00|
EJ300824.TXT|001785|001144|2024-08-02|09:51|796.67||||159.33|||||956.00|856.00|100.00|
EJ300824.TXT|001787|001145|2024-08-02|15:08|1165.00||||233.00|||||1398.00|1398.00||
EJ300824.TXT|001788|001146|2024-08-02|15:09|324.17||||64.83|||||389.00|389.00||
EJ300824.TXT|001790|001147|2024-08-03|14:26|548.33||||109.67|||||658.00|658.00||
EJ300824.TXT|001791|001148|2024-08-03|14:38|274.17||||54.83|||||329.00|329.00||
EJ300824.TXT|001792|001149|2024-08-05|09:32|582.50||||116.50|||||699.00|699.00||
EJ300824.TXT|001793|001150|2024-08-05|11:49|822.50||||164.50|||||987.00|987.00||
EJ300824.TXT|001795|001151|2024-08-06|08:56|548.33||||109.67|||||658.00|658.00||
EJ300824.TXT|001798|001152|2024-08-06|16:05|199.17||||39.83|||||239.00|239.00||
EJ300824.TXT|001799|001153|2024-08-07|09:41|75.00||||15.00|||||90.00|90.00||
EJ300824.TXT|001801|001154|2024-08-10|13:37|74.92||||14.98|||||89.90|89.90||
EJ300824.TXT|001802|001155|2024-08-16|14:13|415.00||||83.00|||||498.00|498.00||
EJ300824.TXT|001803|001156|2024-08-17|14:58|1566.67||||313.33|||||1880.00|1880.00||
EJ300824.TXT|001804|001157|2024-08-17|15:20|548.33||||109.67|||||658.00|278.00|380.00|
EJ300824.TXT|001806|001158|2024-08-17|15:45|191.42||||38.28|||||229.70|229.70||
EJ300824.TXT|001807|001159|2024-08-19|15:02|548.33||||109.67|||||658.00||658.00|
EJ300824.TXT|001808|001160|2024-08-20|11:43|496.67||||99.33|||||596.00|596.00||
EJ300824.TXT|001809|001161|2024-08-21|12:54|2338.33||||467.67|||||2806.00|2806.00||
EJ300824.TXT|001810|001162|2024-08-22|10:38|274.17||||54.83|||||329.00||329.00|
EJ300824.TXT|001811|001163|2024-08-23|15:17|49.92||||9.98|||||59.90|59.90||
EJ300824.TXT|001812|001164|2024-08-26|09:32|1096.67||||219.33|||||1316.00|316.00|1000.00|
EJ300824.TXT|001814|001165|2024-08-29|11:10|17500.00||||3500.00|||||21000.00|21000.00||
EJ300924.TXT|001822|001166|2024-09-02|14:49|411.83||||82.37|||||494.20||494.20|
EJ300924.TXT|001825|001167|2024-09-03|09:38|190.83||||38.17|||||229.00||229.00|
EJ300924.TXT|001826|001168|2024-09-03|15:10|1096.67||||219.33|||||1316.00|316.00|1000.00|
EJ300924.TXT|001829|001169|2024-09-06|12:13|45.75||||9.15|||||54.90|54.90||
EJ300924.TXT|001830|001170|2024-09-06|12:18|548.33||||109.67|||||658.00||658.00|
EJ300924.TXT|001831|001171|2024-09-06|16:36|750.00||||150.00|||||900.00||900.00|
EJ300924.TXT|001832|001172|2024-09-06|16:37|106.67||||21.33|||||128.00|128.00||
EJ300924.TXT|001833|001173|2024-09-06|16:49|140.83||||28.17|||||169.00|169.00||
EJ300924.TXT|001834|001174|2024-09-09|12:33|548.33||||109.67|||||658.00|658.00||
EJ300924.TXT|001835|001175|2024-09-10|14:31|548.33||||109.67|||||658.00|658.00||
EJ300924.TXT|001837|001176|2024-09-13|12:15|73.33||||14.67|||||88.00||88.00|
EJ300924.TXT|001838|001177|2024-09-17|11:36|796.67||||159.33|||||956.00|956.00||
EJ300924.TXT|001839|001178|2024-09-18|09:38|548.33||||109.67|||||658.00||658.00|
EJ300924.TXT|001840|001179|2024-09-18|10:12|548.33||||109.67|||||658.00|658.00||
EJ300924.TXT|001841|001180|2024-09-18|15:18|1894.83||||378.97|||||2273.80|1273.80|1000.00|
EJ300924.TXT|001843|001181|2024-09-21|13:24|1896.67||||379.33|||||2276.00|2276.00||
EJ300924.TXT|001844|001182|2024-09-21|13:48|822.50||||164.50|||||987.00|987.00||
EJ300924.TXT|001845|001183|2024-09-21|16:17|548.33||||109.67|||||658.00|658.00||
EJ300924.TXT|001846|001184|2024-09-24|10:07|796.67||||159.33|||||956.00|956.00||
EJ300924.TXT|001847|001185|2024-09-25|10:06|1530.00||||306.00|||||1836.00|1836.00||
EJ300924.TXT|001849|001186|2024-09-26|09:53|2261.67||||452.33|||||2714.00|2714.00||
EJ300924.TXT|001850|001187|2024-09-28|13:07|548.33||||109.67|||||658.00|658.00||
EJ021124.TXT|001856|001188|2024-10-01|11:37|49.92||||9.98|||||59.90|59.90||
EJ021124.TXT|001857|001189|2024-10-02|13:48|73.33||||14.67|||||88.00|88.00||
EJ021124.TXT|001860|001190|2024-10-04|16:03|45.75||||9.15|||||54.90|54.90||
EJ021124.TXT|001861|001191|2024-10-07|10:14|21000.00||||4200.00|||||25200.00|25200.00||
EJ021124.TXT|001862|001192|2024-10-09|15:23|274.17||||54.83|||||329.00|329.00||
EJ021124.TXT|001863|001193|2024-10-10|13:18|2413.33||||482.67|||||2896.00|1896.00|1000.00|
EJ021124.TXT|001867|001194|2024-10-16|14:16|82.33||||16.47|||||98.80||98.80|
EJ021124.TXT|001868|001195|2024-10-18|15:57|3200.00||||640.00|||||3840.00|3840.00||
EJ021124.TXT|001869|001196|2024-10-22|13:53|274.17||||54.83|||||329.00|329.00||
EJ021124.TXT|001870|001197|2024-10-22|14:42|175.00||||35.00|||||210.00||210.00|
EJ021124.TXT|001871|001198|2024-10-28|11:38|274.17||||54.83|||||329.00||329.00|
EJ021124.TXT|001872|001199|2024-10-29|16:48|2298.33||||459.67|||||2758.00|2758.00||
EJ021124.TXT|001873|001200|2024-10-31|12:57|124.17||||24.83|||||149.00|149.00||
EJ021124.TXT|001874|001201|2024-11-02|14:11|830.00||||166.00|||||996.00||996.00|
EJ021224.TXT|001881|001202|2024-11-13|12:46|1096.67||||219.33|||||1316.00|1316.00||
EJ021224.TXT|001885|001203|2024-11-21|13:23|73.33||||14.67|||||88.00|88.00||
EJ021224.TXT|001886|001204|2024-11-21|13:33|199.17||||39.83|||||239.00|239.00||
EJ021224.TXT|001887|001205|2024-11-22|13:01|57.42||||11.48|||||68.90|68.90||
EJ021224.TXT|001888|001206|2024-11-22|15:52|548.33||||109.67|||||658.00|658.00||
EJ021224.TXT|001889|001207|2024-11-26|10:35|1096.67||||219.33|||||1316.00|1316.00||
EJ021224.TXT|001891|001208|2024-11-28|14:31|1096.67||||219.33|||||1316.00|1316.00||
EJ311224.TXT|001900|001209|2024-12-03|14:03|531.67||||106.33|||||638.00|638.00||
EJ311224.TXT|001901|001210|2024-12-05|10:42|531.67||||106.33|||||638.00|638.00||
EJ311224.TXT|001902|001211|2024-12-05|13:27|175.00||||35.00|||||210.00|210.00||
EJ311224.TXT|001903|001212|2024-12-06|14:23|548.33||||109.67|||||658.00|658.00||
EJ311224.TXT|001904|001213|2024-12-06|15:51|199.17||||39.83|||||239.00|239.00||
EJ311224.TXT|001905|001214|2024-12-06|17:09|548.33||||109.67|||||658.00||658.00|
EJ311224.TXT|001906|001215|2024-12-17|10:06|548.33||||109.67|||||658.00|658.00||
EJ311224.TXT|001907|001216|2024-12-17|10:06|548.33||||109.67|||||658.00|658.00||
EJ311224.TXT|001908|001217|2024-12-17|12:32|58.25||||11.65|||||69.90|69.90||
EJ311224.TXT|001909|001218|2024-12-19|13:54|574.00||||114.80|||||688.80|688.80||
EJ311224.TXT|001910|001219|2024-12-20|15:26|948.33||||189.67|||||1138.00|1138.00||
EJ311224.TXT|001911|001220|2024-12-23|16:49|58.25||||11.65|||||69.90|69.90||
EJ311224.TXT|001912|001221|2024-12-23|17:18|274.17||||54.83|||||329.00|329.00||
EJ311224.TXT|001913|001222|2024-12-28|14:18|274.17||||54.83|||||329.00||329.00|
EJ311224.TXT|001914|001223|2024-12-28|15:24|822.50||||164.50|||||987.00||987.00|
EJ311224.TXT|001915|001224|2024-12-30|15:06|2392.50||||478.50|||||2871.00|1871.00|1000.00|
EJ311224.TXT|001917|001225|2024-12-31|10:55|73.33||||14.67|||||88.00||88.00|
EJ010225.TXT|001925|001226|2025-01-04|14:58|548.33||||109.67|||||658.00||658.00|
EJ010225.TXT|001926|001227|2025-01-06|10:57|4275.00||||855.00|||||5130.00|5130.00||
EJ010225.TXT|001927|001228|2025-01-07|17:38|548.33||||109.67|||||658.00|658.00||
EJ010225.TXT|001928|001229|2025-01-10|17:10|395.00||||79.00|||||474.00|474.00||
EJ010225.TXT|001929|001230|2025-01-15|16:06|340.67||||68.13|||||408.80||408.80|
EJ010225.TXT|001931|001231|2025-01-21|14:24|274.17||||54.83|||||329.00|329.00||
EJ010225.TXT|001932|001232|2025-01-21|14:27|274.17||||54.83|||||329.00|329.00||
EJ010225.TXT|001933|001233|2025-01-21|17:18|73.33||||14.67|||||88.00|88.00||
EJ010225.TXT|001935|001234|2025-01-22|15:13|49.92||||9.98|||||59.90|59.90||
EJ010225.TXT|001937|001235|2025-01-23|10:20|548.33||||109.67|||||658.00||658.00|
EJ010225.TXT|001938|001236|2025-01-24|15:36|49.92||||9.98|||||59.90||59.90|
EJ010225.TXT|001939|001237|2025-01-25|16:41|548.33||||109.67|||||658.00|658.00||
EJ010225.TXT|001940|001238|2025-01-25|16:59|73.33||||14.67|||||88.00|88.00||
EJ010225.TXT|001941|001239|2025-01-25|17:48|347.50||||69.50|||||417.00|417.00||
EJ010225.TXT|001942|001240|2025-01-27|12:13|489.17||||97.83|||||587.00||587.00|
EJ010225.TXT|001945|001241|2025-01-28|11:34|274.17||||54.83|||||329.00|329.00||
EJ010225.TXT|001946|001242|2025-01-28|15:48|299.83||||59.97|||||359.80||359.80|
EJ010225.TXT|001950|001243|2025-01-29|16:28|49.92||||9.98|||||59.90|59.90||
EJ010225.TXT|001951|001244|2025-02-01|15:51|274.17||||54.83|||||329.00|329.00||
EJ010325.TXT|001960|001245|2025-02-07|15:24|274.17||||54.83|||||329.00||329.00|
EJ010325.TXT|001962|001246|2025-02-08|16:55|41.58||||8.32|||||49.90|49.90||
EJ010325.TXT|001963|001247|2025-02-10|11:23|274.17||||54.83|||||329.00||329.00|
EJ010325.TXT|001964|001248|2025-02-10|13:35|830.00||||166.00|||||996.00||996.00|
EJ010325.TXT|001965|001249|2025-02-11|16:48|57.50||||11.50|||||69.00||69.00|
EJ010325.TXT|001968|001250|2025-02-13|11:18|274.17||||54.83|||||329.00||329.00|
EJ010325.TXT|001969|001251|2025-02-15|14:16|124.17||||24.83|||||149.00||149.00|
EJ010325.TXT|001971|001252|2025-02-15|17:35|398.33||||79.67|||||478.00|478.00||
EJ010325.TXT|001973|001253|2025-02-17|13:42|548.33||||109.67|||||658.00|658.00||
EJ010325.TXT|001974|001254|2025-02-19|13:56|274.17||||54.83|||||329.00||329.00|
EJ010325.TXT|001975|001255|2025-02-22|17:57|49.92||||9.98|||||59.90|59.90||
EJ010325.TXT|001976|001256|2025-02-26|16:49|395.00||||79.00|||||474.00|474.00||
EJ010325.TXT|001979|001257|2025-02-28|14:59|274.17||||54.83|||||329.00|329.00||
EJ010425.TXT|001991|001258|2025-03-07|15:21|199.17||||39.83|||||239.00|239.00||
EJ010425.TXT|001992|001259|2025-03-12|15:03|123.25||||24.65|||||147.90|147.90||
EJ010425.TXT|001993|001260|2025-03-13|12:01|41.58||||8.32|||||49.90|49.90||
EJ010425.TXT|001994|001261|2025-03-13|14:51|274.17||||54.83|||||329.00|329.00||
EJ010425.TXT|001995|001262|2025-03-14|16:44|548.33||||109.67|||||658.00|658.00||
EJ010425.TXT|001997|001263|2025-03-15|17:33|124.17||||24.83|||||149.00|149.00||
EJ010425.TXT|001998|001264|2025-03-15|17:39|274.17||||54.83|||||329.00||329.00|
EJ010425.TXT|001999|001265|2025-03-15|17:58|1195.83||||239.17|||||1435.00|1435.00||
EJ010425.TXT|002000|001266|2025-03-20|16:21|36.67||||7.33|||||44.00|44.00||
EJ010425.TXT|002001|001267|2025-03-21|11:01|73.33||||14.67|||||88.00|88.00||
EJ010425.TXT|002002|001268|2025-03-22|13:59|146.67||||29.33|||||176.00||176.00|
EJ010425.TXT|002003|001269|2025-03-27|12:55|174.08||||34.82|||||208.90|208.90||
EJ020525.TXT|002007|001270|2025-04-01|17:04|822.50||||164.50|||||987.00||987.00|
EJ020525.TXT|002012|001271|2025-04-02|14:28|797.50||||159.50|||||957.00||957.00|
EJ020525.TXT|002014|001272|2025-04-04|10:29|548.33||||109.67|||||658.00|658.00||
EJ020525.TXT|002017|001273|2025-04-08|13:37|781.67||||156.33|||||938.00||938.00|
EJ020525.TXT|002018|001274|2025-04-09|12:38|57.50||||11.50|||||69.00|69.00||
EJ020525.TXT|002019|001275|2025-04-10|12:01|274.17||||54.83|||||329.00||329.00|
EJ020525.TXT|002021|001276|2025-04-10|15:43|274.17||||54.83|||||329.00|329.00||
EJ020525.TXT|002022|001277|2025-04-11|13:52|274.17||||54.83|||||329.00|329.00||
EJ020525.TXT|002023|001278|2025-04-14|09:40|726.67||||145.33|||||872.00||872.00|
EJ020525.TXT|002024|001279|2025-04-14|16:51|398.33||||79.67|||||478.00|478.00||
EJ020525.TXT|002025|001280|2025-04-15|11:52|548.33||||109.67|||||658.00||658.00|
EJ020525.TXT|002028|001281|2025-04-16|09:19|790.83||||158.17|||||949.00||949.00|
EJ020525.TXT|002029|001282|2025-04-17|11:57|73.33||||14.67|||||88.00|88.00||
EJ020525.TXT|002031|001283|2025-04-19|13:51|248.33||||49.67|||||298.00|298.00||
EJ020525.TXT|002032|001284|2025-04-22|09:22|783.33||||156.67|||||940.00||940.00|
EJ020525.TXT|002036|001285|2025-04-25|16:45|724.17||||144.83|||||869.00||869.00|
EJ020525.TXT|002037|001286|2025-04-26|13:11|822.50||||164.50|||||987.00||987.00|
EJ020525.TXT|002038|001287|2025-04-28|10:28|548.33||||109.67|||||658.00||658.00|
EJ020525.TXT|002039|001288|2025-04-29|16:20|1096.67||||219.33|||||1316.00|1316.00||
EJ020525.TXT|002040|001289|2025-04-30|08:48|405.00||||81.00|||||486.00||486.00|
EJ020625.TXT|002045|001290|2025-05-02|09:50|265.83||||53.17|||||319.00||319.00|
EJ020625.TXT|002047|001291|2025-05-02|16:26|293.33||||58.67|||||352.00|352.00||
EJ020625.TXT|002048|001292|2025-05-05|13:29|33.33||||6.67|||||40.00|||40.00
EJ020625.TXT|002049|001293|2025-05-09|12:49|73.33||||14.67|||||88.00|88.00||
EJ020625.TXT|002057|001294|2025-05-15|16:08|465.83||||93.17|||||559.00||559.00|
EJ020625.TXT|002058|001295|2025-05-15|16:08|465.83||||93.17|||||559.00||559.00|
EJ020625.TXT|002059|001296|2025-05-16|09:50|36.67||||7.33|||||44.00|44.00||
EJ020625.TXT|002060|001297|2025-05-16|14:48|274.17||||54.83|||||329.00||329.00|
EJ020625.TXT|002062|001298|2025-05-17|14:04|274.17||||54.83|||||329.00|329.00||
EJ020625.TXT|002063|001299|2025-05-19|16:20|41.58||||8.32|||||49.90|49.90||
EJ020625.TXT|002064|001300|2025-05-20|14:19|207.50||||41.50|||||249.00|249.00||
EJ020625.TXT|002067|001301|2025-05-26|08:55|548.33||||109.67|||||658.00||658.00|
EJ020625.TXT|002068|001302|2025-05-28|16:08|41.58||||8.32|||||49.90|49.90||
EJ020625.TXT|002069|001303|2025-05-30|16:12|149.92||||29.98|||||179.90|179.90||
EJ010825.TXT|002078|001304|2025-06-03|11:05|548.33||||109.67|||||658.00|658.00||
EJ010825.TXT|002079|001305|2025-06-03|11:37|49.92||||9.98|||||59.90|59.90||
EJ010825.TXT|002080|001306|2025-06-12|14:27|274.17||||54.83|||||329.00||329.00|
EJ010825.TXT|002081|001307|2025-06-12|16:25|548.33||||109.67|||||658.00|658.00||
EJ010825.TXT|002082|001308|2025-06-16|13:03|415.00||||83.00|||||498.00|498.00||
EJ010825.TXT|002083|001309|2025-06-17|15:58|274.17||||54.83|||||329.00||329.00|
EJ010825.TXT|002084|001310|2025-06-20|14:36|274.17||||54.83|||||329.00|329.00||
EJ010825.TXT|002085|001311|2025-06-27|09:08|73.33||||14.67|||||88.00|88.00||
EJ010825.TXT|002086|001312|2025-07-01|10:01|531.67||||106.33|||||638.00|638.00||
EJ010825.TXT|002088|001313|2025-07-03|14:15|248.33||||49.67|||||298.00||298.00|
EJ010825.TXT|002089|001314|2025-07-10|14:53|866.67||||173.33|||||1040.00|1040.00||
EJ010825.TXT|002090|001315|2025-07-11|15:57|274.17||||54.83|||||329.00|329.00||
EJ010825.TXT|002092|001316|2025-07-16|12:41|474.17||||94.83|||||569.00||569.00|
EJ010825.TXT|002093|001317|2025-07-16|12:44|474.17||||94.83|||||569.00||569.00|
EJ010825.TXT|002094|001318|2025-07-16|12:44|474.17||||94.83|||||569.00||569.00|
EJ010825.TXT|002095|001319|2025-07-16|12:44|474.17||||94.83|||||569.00||569.00|
EJ010825.TXT|002096|001320|2025-07-16|12:44|474.17||||94.83|||||569.00||569.00|
EJ010825.TXT|002097|001321|2025-07-28|14:18|73.33||||14.67|||||88.00||88.00|
EJ010825.TXT|002098|001322|2025-07-29|10:07|274.17||||54.83|||||329.00|229.00|100.00|
EJ010825.TXT|002100|001323|2025-07-30|12:18|1107.50||||221.50|||||1329.00|329.00|1000.00|
EJ010825.TXT|002102|001324|2025-08-01|09:37|190.83||||38.17|||||229.00|229.00||
EJ010925.TXT|002106|001325|2025-08-06|16:08|73.33||||14.67|||||88.00|88.00||
EJ010925.TXT|002107|001326|2025-08-08|12:03|473.33||||94.67|||||568.00|568.00||
EJ010925.TXT|002108|001327|2025-08-22|16:41|329.17||||65.83|||||395.00||395.00|
EJ010925.TXT|002109|001328|2025-08-22|16:52|590.00||||118.00|||||708.00||708.00|
EJ010925.TXT|002110|001329|2025-08-23|14:18|274.17||||54.83|||||329.00||329.00|
EJ010925.TXT|002113|001330|2025-08-29|15:06|73.33||||14.67|||||88.00|88.00||
