nomfichier|E_MODELE|E_MACHINE|E_RAPPORT|E_FICHIER|E_MODE|E_COMPTEUR_Z|E_DATE|E_HEURE|D_ENREGISTREMENT|D_DESIGNATION|D_QUANTITE|D_MONTANT
Z001_01_012023_MATURIN.CSV||MC#01|FONC FIXES|FILE001|Z|0019|2023-02-01|10:06|0001|CA BRUT|90|23212.60
Z001_01_012023_MATURIN.CSV||MC#01|FONC FIXES|FILE001|Z|0019|2023-02-01|10:06|0002|CA NET|32|23212.60
Z001_01_012023_MATURIN.CSV||MC#01|FONC FIXES|FILE001|Z|0019|2023-02-01|10:06|0003|ESP.TIROIR|0|5248.00
Z001_01_012023_MATURIN.CSV||MC#01|FONC FIXES|FILE001|Z|0019|2023-02-01|10:06|0004|CB.TIROIR|0|17964.60
Z001_01_012023_MATURIN.CSV||MC#01|FONC FIXES|FILE001|Z|0019|2023-02-01|10:06|0005|CHQ.TIROIR|0|0.00
Z001_01_012023_MATURIN.CSV||MC#01|FONC FIXES|FILE001|Z|0019|2023-02-01|10:06|0006|CR.TIROIR(1)|0|0.00
Z001_01_012023_MATURIN.CSV||MC#01|FONC FIXES|FILE001|Z|0019|2023-02-01|10:06|0007|CR.TIROIR(2)|0|0.00
Z001_01_012023_MATURIN.CSV||MC#01|FONC FIXES|FILE001|Z|0019|2023-02-01|10:06|0008|CR.TIROIR(3)|0|0.00
Z001_01_012023_MATURIN.CSV||MC#01|FONC FIXES|FILE001|Z|0019|2023-02-01|10:06|0009|CR.TIROIR(4)|0|0.00
Z001_01_012023_MATURIN.CSV||MC#01|FONC FIXES|FILE001|Z|0019|2023-02-01|10:06|0010|ESP.TIROIR2|0|0.00
Z001_01_012023_MATURIN.CSV||MC#01|FONC FIXES|FILE001|Z|0019|2023-02-01|10:06|0011|CB.TIROIR2|0|0.00
Z001_01_012023_MATURIN.CSV||MC#01|FONC FIXES|FILE001|Z|0019|2023-02-01|10:06|0012|CHQ.TIROIR2|0|0.00
Z001_01_012023_MATURIN.CSV||MC#01|FONC FIXES|FILE001|Z|0019|2023-02-01|10:06|0013|CR.TIROI2(1)|0|0.00
Z001_01_012023_MATURIN.CSV||MC#01|FONC FIXES|FILE001|Z|0019|2023-02-01|10:06|0014|CR.TIROI2(2)|0|0.00
Z001_01_012023_MATURIN.CSV||MC#01|FONC FIXES|FILE001|Z|0019|2023-02-01|10:06|0015|CR.TIROI2(3)|0|0.00
Z001_01_012023_MATURIN.CSV||MC#01|FONC FIXES|FILE001|Z|0019|2023-02-01|10:06|0016|CR.TIROI2(4)|0|0.00
Z001_01_012023_MATURIN.CSV||MC#01|FONC FIXES|FILE001|Z|0019|2023-02-01|10:06|0017|RETOUR CLE|0|0.00
Z001_01_012023_MATURIN.CSV||MC#01|FONC FIXES|FILE001|Z|0019|2023-02-01|10:06|0018|CLIENTS|32|0.00
Z001_01_012023_MATURIN.CSV||MC#01|FONC FIXES|FILE001|Z|0019|2023-02-01|10:06|0019|PANIER MOYEN|0|0.00
Z001_01_012023_MATURIN.CSV||MC#01|FONC FIXES|FILE001|Z|0019|2023-02-01|10:06|0020|COMMISSION 1|0|0.00
Z001_01_012023_MATURIN.CSV||MC#01|FONC FIXES|FILE001|Z|0019|2023-02-01|10:06|0021|COMMISSION 2|0|0.00
Z001_01_012023_MATURIN.CSV||MC#01|FONC FIXES|FILE001|Z|0019|2023-02-01|10:06|0022|CHANGE ESP 1|0|0.00
Z001_01_012023_MATURIN.CSV||MC#01|FONC FIXES|FILE001|Z|0019|2023-02-01|10:06|0023|CHANGE CHEQ1|0|0.00
Z001_01_012023_MATURIN.CSV||MC#01|FONC FIXES|FILE001|Z|0019|2023-02-01|10:06|0024|CHANGE ESP 2|0|0.00
Z001_01_012023_MATURIN.CSV||MC#01|FONC FIXES|FILE001|Z|0019|2023-02-01|10:06|0025|CHANGE CHEQ2|0|0.00
Z001_01_012023_MATURIN.CSV||MC#01|FONC FIXES|FILE001|Z|0019|2023-02-01|10:06|0026|TOTAL REMISE|0|0.00
Z001_01_012023_MATURIN.CSV||MC#01|FONC FIXES|FILE001|Z|0019|2023-02-01|10:06|0027||0|0.00
Z001_01_012023_MATURIN.CSV||MC#01|FONC FIXES|FILE001|Z|0019|2023-02-01|10:06|0028|RETOUR+ANNUL|0|0.00
Z001_01_012023_MATURIN.CSV||MC#01|FONC FIXES|FILE001|Z|0019|2023-02-01|10:06|0029|TL ARRONDI|0|0.00
Z001_01_012023_MATURIN.CSV||MC#01|FONC FIXES|FILE001|Z|0019|2023-02-01|10:06|0030|TL ARRONDI|0|0.00
Z001_01_012023_MATURIN.CSV||MC#01|FONC FIXES|FILE001|Z|0019|2023-02-01|10:06|0031|NUL TICKET|0|0.00
Z001_01_012023_MATURIN.CSV||MC#01|FONC FIXES|FILE001|Z|0019|2023-02-01|10:06|0032||0|0.00
Z001_01_012023_MATURIN.CSV||MC#01|FONC FIXES|FILE001|Z|0019|2023-02-01|10:06|0033|HORS TAXE 1|0|19343.80
Z001_01_012023_MATURIN.CSV||MC#01|FONC FIXES|FILE001|Z|0019|2023-02-01|10:06|0034|TVA 1|0|3868.80
Z001_01_012023_MATURIN.CSV||MC#01|FONC FIXES|FILE001|Z|0019|2023-02-01|10:06|0035|HORS TAXE 2|0|0.00
Z001_01_012023_MATURIN.CSV||MC#01|FONC FIXES|FILE001|Z|0019|2023-02-01|10:06|0036|TVA 2|0|0.00
Z001_01_012023_MATURIN.CSV||MC#01|FONC FIXES|FILE001|Z|0019|2023-02-01|10:06|0037|HORS TAXE 3|0|0.00
Z001_01_012023_MATURIN.CSV||MC#01|FONC FIXES|FILE001|Z|0019|2023-02-01|10:06|0038|TVA 3|0|0.00
Z001_01_012023_MATURIN.CSV||MC#01|FONC FIXES|FILE001|Z|0019|2023-02-01|10:06|0039|HORS TAXE 4|0|0.00
Z001_01_012023_MATURIN.CSV||MC#01|FONC FIXES|FILE001|Z|0019|2023-02-01|10:06|0040|TVA 4|0|0.00
Z001_01_012023_MATURIN.CSV||MC#01|FONC FIXES|FILE001|Z|0019|2023-02-01|10:06|0041|NON TAXABLE|0|0.00
Z001_01_022023_MATURIN.CSV||MC#01|FONC FIXES|FILE001|Z|0020|2023-03-01|10:42|0001|CA BRUT|59|20376.80
Z001_01_022023_MATURIN.CSV||MC#01|FONC FIXES|FILE001|Z|0020|2023-03-01|10:42|0002|CA NET|25|20376.80
Z001_01_022023_MATURIN.CSV||MC#01|FONC FIXES|FILE001|Z|0020|2023-03-01|10:42|0003|ESP.TIROIR|0|8570.80
Z001_01_022023_MATURIN.CSV||MC#01|FONC FIXES|FILE001|Z|0020|2023-03-01|10:42|0004|CB.TIROIR|0|11477.00
Z001_01_022023_MATURIN.CSV||MC#01|FONC FIXES|FILE001|Z|0020|2023-03-01|10:42|0005|CHQ.TIROIR|0|329.00
Z001_01_022023_MATURIN.CSV||MC#01|FONC FIXES|FILE001|Z|0020|2023-03-01|10:42|0006|CR.TIROIR(1)|0|0.00
Z001_01_022023_MATURIN.CSV||MC#01|FONC FIXES|FILE001|Z|0020|2023-03-01|10:42|0007|CR.TIROIR(2)|0|0.00
Z001_01_022023_MATURIN.CSV||MC#01|FONC FIXES|FILE001|Z|0020|2023-03-01|10:42|0008|CR.TIROIR(3)|0|0.00
Z001_01_022023_MATURIN.CSV||MC#01|FONC FIXES|FILE001|Z|0020|2023-03-01|10:42|0009|CR.TIROIR(4)|0|0.00
Z001_01_022023_MATURIN.CSV||MC#01|FONC FIXES|FILE001|Z|0020|2023-03-01|10:42|0010|ESP.TIROIR2|0|0.00
Z001_01_022023_MATURIN.CSV||MC#01|FONC FIXES|FILE001|Z|0020|2023-03-01|10:42|0011|CB.TIROIR2|0|0.00
Z001_01_022023_MATURIN.CSV||MC#01|FONC FIXES|FILE001|Z|0020|2023-03-01|10:42|0012|CHQ.TIROIR2|0|0.00
Z001_01_022023_MATURIN.CSV||MC#01|FONC FIXES|FILE001|Z|0020|2023-03-01|10:42|0013|CR.TIROI2(1)|0|0.00
Z001_01_022023_MATURIN.CSV||MC#01|FONC FIXES|FILE001|Z|0020|2023-03-01|10:42|0014|CR.TIROI2(2)|0|0.00
Z001_01_022023_MATURIN.CSV||MC#01|FONC FIXES|FILE001|Z|0020|2023-03-01|10:42|0015|CR.TIROI2(3)|0|0.00
Z001_01_022023_MATURIN.CSV||MC#01|FONC FIXES|FILE001|Z|0020|2023-03-01|10:42|0016|CR.TIROI2(4)|0|0.00
Z001_01_022023_MATURIN.CSV||MC#01|FONC FIXES|FILE001|Z|0020|2023-03-01|10:42|0017|RETOUR CLE|0|0.00
Z001_01_022023_MATURIN.CSV||MC#01|FONC FIXES|FILE001|Z|0020|2023-03-01|10:42|0018|CLIENTS|25|0.00
Z001_01_022023_MATURIN.CSV||MC#01|FONC FIXES|FILE001|Z|0020|2023-03-01|10:42|0019|PANIER MOYEN|0|0.00
Z001_01_022023_MATURIN.CSV||MC#01|FONC FIXES|FILE001|Z|0020|2023-03-01|10:42|0020|COMMISSION 1|0|0.00
Z001_01_022023_MATURIN.CSV||MC#01|FONC FIXES|FILE001|Z|0020|2023-03-01|10:42|0021|COMMISSION 2|0|0.00
Z001_01_022023_MATURIN.CSV||MC#01|FONC FIXES|FILE001|Z|0020|2023-03-01|10:42|0022|CHANGE ESP 1|0|0.00
Z001_01_022023_MATURIN.CSV||MC#01|FONC FIXES|FILE001|Z|0020|2023-03-01|10:42|0023|CHANGE CHEQ1|0|0.00
Z001_01_022023_MATURIN.CSV||MC#01|FONC FIXES|FILE001|Z|0020|2023-03-01|10:42|0024|CHANGE ESP 2|0|0.00
Z001_01_022023_MATURIN.CSV||MC#01|FONC FIXES|FILE001|Z|0020|2023-03-01|10:42|0025|CHANGE CHEQ2|0|0.00
Z001_01_022023_MATURIN.CSV||MC#01|FONC FIXES|FILE001|Z|0020|2023-03-01|10:42|0026|TOTAL REMISE|0|0.00
Z001_01_022023_MATURIN.CSV||MC#01|FONC FIXES|FILE001|Z|0020|2023-03-01|10:42|0027||0|0.00
Z001_01_022023_MATURIN.CSV||MC#01|FONC FIXES|FILE001|Z|0020|2023-03-01|10:42|0028|RETOUR+ANNUL|0|0.00
Z001_01_022023_MATURIN.CSV||MC#01|FONC FIXES|FILE001|Z|0020|2023-03-01|10:42|0029|TL ARRONDI|0|0.00
Z001_01_022023_MATURIN.CSV||MC#01|FONC FIXES|FILE001|Z|0020|2023-03-01|10:42|0030|TL ARRONDI|0|0.00
Z001_01_022023_MATURIN.CSV||MC#01|FONC FIXES|FILE001|Z|0020|2023-03-01|10:42|0031|NUL TICKET|0|0.00
Z001_01_022023_MATURIN.CSV||MC#01|FONC FIXES|FILE001|Z|0020|2023-03-01|10:42|0032||0|0.00
Z001_01_022023_MATURIN.CSV||MC#01|FONC FIXES|FILE001|Z|0020|2023-03-01|10:42|0033|HORS TAXE 1|0|16980.66
Z001_01_022023_MATURIN.CSV||MC#01|FONC FIXES|FILE001|Z|0020|2023-03-01|10:42|0034|TVA 1|0|3396.14
Z001_01_022023_MATURIN.CSV||MC#01|FONC FIXES|FILE001|Z|0020|2023-03-01|10:42|0035|HORS TAXE 2|0|0.00
Z001_01_022023_MATURIN.CSV||MC#01|FONC FIXES|FILE001|Z|0020|2023-03-01|10:42|0036|TVA 2|0|0.00
Z001_01_022023_MATURIN.CSV||MC#01|FONC FIXES|FILE001|Z|0020|2023-03-01|10:42|0037|HORS TAXE 3|0|0.00
Z001_01_022023_MATURIN.CSV||MC#01|FONC FIXES|FILE001|Z|0020|2023-03-01|10:42|0038|TVA 3|0|0.00
Z001_01_022023_MATURIN.CSV||MC#01|FONC FIXES|FILE001|Z|0020|2023-03-01|10:42|0039|HORS TAXE 4|0|0.00
Z001_01_022023_MATURIN.CSV||MC#01|FONC FIXES|FILE001|Z|0020|2023-03-01|10:42|0040|TVA 4|0|0.00
Z001_01_022023_MATURIN.CSV||MC#01|FONC FIXES|FILE001|Z|0020|2023-03-01|10:42|0041|NON TAXABLE|0|0.00
Z001_01_032023_MATURIN.CSV||MC#01|FONC FIXES|FILE001|Z|0021|2023-04-01|13:48|0001|CA BRUT|75|25372.00
Z001_01_032023_MATURIN.CSV||MC#01|FONC FIXES|FILE001|Z|0021|2023-04-01|13:48|0002|CA NET|25|25372.00
Z001_01_032023_MATURIN.CSV||MC#01|FONC FIXES|FILE001|Z|0021|2023-04-01|13:48|0003|ESP.TIROIR|0|9836.00
Z001_01_032023_MATURIN.CSV||MC#01|FONC FIXES|FILE001|Z|0021|2023-04-01|13:48|0004|CB.TIROIR|0|15536.00
Z001_01_032023_MATURIN.CSV||MC#01|FONC FIXES|FILE001|Z|0021|2023-04-01|13:48|0005|CHQ.TIROIR|0|0.00
Z001_01_032023_MATURIN.CSV||MC#01|FONC FIXES|FILE001|Z|0021|2023-04-01|13:48|0006|CR.TIROIR(1)|0|0.00
Z001_01_032023_MATURIN.CSV||MC#01|FONC FIXES|FILE001|Z|0021|2023-04-01|13:48|0007|CR.TIROIR(2)|0|0.00
Z001_01_032023_MATURIN.CSV||MC#01|FONC FIXES|FILE001|Z|0021|2023-04-01|13:48|0008|CR.TIROIR(3)|0|0.00
Z001_01_032023_MATURIN.CSV||MC#01|FONC FIXES|FILE001|Z|0021|2023-04-01|13:48|0009|CR.TIROIR(4)|0|0.00
Z001_01_032023_MATURIN.CSV||MC#01|FONC FIXES|FILE001|Z|0021|2023-04-01|13:48|0010|ESP.TIROIR2|0|0.00
Z001_01_032023_MATURIN.CSV||MC#01|FONC FIXES|FILE001|Z|0021|2023-04-01|13:48|0011|CB.TIROIR2|0|0.00
Z001_01_032023_MATURIN.CSV||MC#01|FONC FIXES|FILE001|Z|0021|2023-04-01|13:48|0012|CHQ.TIROIR2|0|0.00
Z001_01_032023_MATURIN.CSV||MC#01|FONC FIXES|FILE001|Z|0021|2023-04-01|13:48|0013|CR.TIROI2(1)|0|0.00
Z001_01_032023_MATURIN.CSV||MC#01|FONC FIXES|FILE001|Z|0021|2023-04-01|13:48|0014|CR.TIROI2(2)|0|0.00
Z001_01_032023_MATURIN.CSV||MC#01|FONC FIXES|FILE001|Z|0021|2023-04-01|13:48|0015|CR.TIROI2(3)|0|0.00
Z001_01_032023_MATURIN.CSV||MC#01|FONC FIXES|FILE001|Z|0021|2023-04-01|13:48|0016|CR.TIROI2(4)|0|0.00
Z001_01_032023_MATURIN.CSV||MC#01|FONC FIXES|FILE001|Z|0021|2023-04-01|13:48|0017|RETOUR CLE|0|0.00
Z001_01_032023_MATURIN.CSV||MC#01|FONC FIXES|FILE001|Z|0021|2023-04-01|13:48|0018|CLIENTS|25|0.00
Z001_01_032023_MATURIN.CSV||MC#01|FONC FIXES|FILE001|Z|0021|2023-04-01|13:48|0019|PANIER MOYEN|0|0.00
Z001_01_032023_MATURIN.CSV||MC#01|FONC FIXES|FILE001|Z|0021|2023-04-01|13:48|0020|COMMISSION 1|0|0.00
Z001_01_032023_MATURIN.CSV||MC#01|FONC FIXES|FILE001|Z|0021|2023-04-01|13:48|0021|COMMISSION 2|0|0.00
Z001_01_032023_MATURIN.CSV||MC#01|FONC FIXES|FILE001|Z|0021|2023-04-01|13:48|0022|CHANGE ESP 1|0|0.00
Z001_01_032023_MATURIN.CSV||MC#01|FONC FIXES|FILE001|Z|0021|2023-04-01|13:48|0023|CHANGE CHEQ1|0|0.00
Z001_01_032023_MATURIN.CSV||MC#01|FONC FIXES|FILE001|Z|0021|2023-04-01|13:48|0024|CHANGE ESP 2|0|0.00
Z001_01_032023_MATURIN.CSV||MC#01|FONC FIXES|FILE001|Z|0021|2023-04-01|13:48|0025|CHANGE CHEQ2|0|0.00
Z001_01_032023_MATURIN.CSV||MC#01|FONC FIXES|FILE001|Z|0021|2023-04-01|13:48|0026|TOTAL REMISE|0|0.00
Z001_01_032023_MATURIN.CSV||MC#01|FONC FIXES|FILE001|Z|0021|2023-04-01|13:48|0027||0|0.00
Z001_01_032023_MATURIN.CSV||MC#01|FONC FIXES|FILE001|Z|0021|2023-04-01|13:48|0028|RETOUR+ANNUL|0|0.00
Z001_01_032023_MATURIN.CSV||MC#01|FONC FIXES|FILE001|Z|0021|2023-04-01|13:48|0029|TL ARRONDI|0|0.00
Z001_01_032023_MATURIN.CSV||MC#01|FONC FIXES|FILE001|Z|0021|2023-04-01|13:48|0030|TL ARRONDI|0|0.00
Z001_01_032023_MATURIN.CSV||MC#01|FONC FIXES|FILE001|Z|0021|2023-04-01|13:48|0031|NUL TICKET|0|0.00
Z001_01_032023_MATURIN.CSV||MC#01|FONC FIXES|FILE001|Z|0021|2023-04-01|13:48|0032||0|0.00
Z001_01_032023_MATURIN.CSV||MC#01|FONC FIXES|FILE001|Z|0021|2023-04-01|13:48|0033|HORS TAXE 1|0|21143.33
Z001_01_032023_MATURIN.CSV||MC#01|FONC FIXES|FILE001|Z|0021|2023-04-01|13:48|0034|TVA 1|0|4228.67
Z001_01_032023_MATURIN.CSV||MC#01|FONC FIXES|FILE001|Z|0021|2023-04-01|13:48|0035|HORS TAXE 2|0|0.00
Z001_01_032023_MATURIN.CSV||MC#01|FONC FIXES|FILE001|Z|0021|2023-04-01|13:48|0036|TVA 2|0|0.00
Z001_01_032023_MATURIN.CSV||MC#01|FONC FIXES|FILE001|Z|0021|2023-04-01|13:48|0037|HORS TAXE 3|0|0.00
Z001_01_032023_MATURIN.CSV||MC#01|FONC FIXES|FILE001|Z|0021|2023-04-01|13:48|0038|TVA 3|0|0.00
Z001_01_032023_MATURIN.CSV||MC#01|FONC FIXES|FILE001|Z|0021|2023-04-01|13:48|0039|HORS TAXE 4|0|0.00
Z001_01_032023_MATURIN.CSV||MC#01|FONC FIXES|FILE001|Z|0021|2023-04-01|13:48|0040|TVA 4|0|0.00
Z001_01_032023_MATURIN.CSV||MC#01|FONC FIXES|FILE001|Z|0021|2023-04-01|13:48|0041|NON TAXABLE|0|0.00
Z001_01_052023_MATURIN.CSV||MC#01|FONC FIXES|FILE001|Z|0023|2023-06-01|08:54|0001|CA BRUT|49|15546.00
Z001_01_052023_MATURIN.CSV||MC#01|FONC FIXES|FILE001|Z|0023|2023-06-01|08:54|0002|CA NET|24|15546.00
Z001_01_052023_MATURIN.CSV||MC#01|FONC FIXES|FILE001|Z|0023|2023-06-01|08:54|0003|ESP.TIROIR|0|2961.00
Z001_01_052023_MATURIN.CSV||MC#01|FONC FIXES|FILE001|Z|0023|2023-06-01|08:54|0004|CB.TIROIR|0|12585.00
Z001_01_052023_MATURIN.CSV||MC#01|FONC FIXES|FILE001|Z|0023|2023-06-01|08:54|0005|CHQ.TIROIR|0|0.00
Z001_01_052023_MATURIN.CSV||MC#01|FONC FIXES|FILE001|Z|0023|2023-06-01|08:54|0006|CR.TIROIR(1)|0|0.00
Z001_01_052023_MATURIN.CSV||MC#01|FONC FIXES|FILE001|Z|0023|2023-06-01|08:54|0007|CR.TIROIR(2)|0|0.00
Z001_01_052023_MATURIN.CSV||MC#01|FONC FIXES|FILE001|Z|0023|2023-06-01|08:54|0008|CR.TIROIR(3)|0|0.00
Z001_01_052023_MATURIN.CSV||MC#01|FONC FIXES|FILE001|Z|0023|2023-06-01|08:54|0009|CR.TIROIR(4)|0|0.00
Z001_01_052023_MATURIN.CSV||MC#01|FONC FIXES|FILE001|Z|0023|2023-06-01|08:54|0010|ESP.TIROIR2|0|0.00
Z001_01_052023_MATURIN.CSV||MC#01|FONC FIXES|FILE001|Z|0023|2023-06-01|08:54|0011|CB.TIROIR2|0|0.00
Z001_01_052023_MATURIN.CSV||MC#01|FONC FIXES|FILE001|Z|0023|2023-06-01|08:54|0012|CHQ.TIROIR2|0|0.00
Z001_01_052023_MATURIN.CSV||MC#01|FONC FIXES|FILE001|Z|0023|2023-06-01|08:54|0013|CR.TIROI2(1)|0|0.00
Z001_01_052023_MATURIN.CSV||MC#01|FONC FIXES|FILE001|Z|0023|2023-06-01|08:54|0014|CR.TIROI2(2)|0|0.00
Z001_01_052023_MATURIN.CSV||MC#01|FONC FIXES|FILE001|Z|0023|2023-06-01|08:54|0015|CR.TIROI2(3)|0|0.00
Z001_01_052023_MATURIN.CSV||MC#01|FONC FIXES|FILE001|Z|0023|2023-06-01|08:54|0016|CR.TIROI2(4)|0|0.00
Z001_01_052023_MATURIN.CSV||MC#01|FONC FIXES|FILE001|Z|0023|2023-06-01|08:54|0017|RETOUR CLE|0|0.00
Z001_01_052023_MATURIN.CSV||MC#01|FONC FIXES|FILE001|Z|0023|2023-06-01|08:54|0018|CLIENTS|24|0.00
Z001_01_052023_MATURIN.CSV||MC#01|FONC FIXES|FILE001|Z|0023|2023-06-01|08:54|0019|PANIER MOYEN|0|0.00
Z001_01_052023_MATURIN.CSV||MC#01|FONC FIXES|FILE001|Z|0023|2023-06-01|08:54|0020|COMMISSION 1|0|0.00
Z001_01_052023_MATURIN.CSV||MC#01|FONC FIXES|FILE001|Z|0023|2023-06-01|08:54|0021|COMMISSION 2|0|0.00
Z001_01_052023_MATURIN.CSV||MC#01|FONC FIXES|FILE001|Z|0023|2023-06-01|08:54|0022|CHANGE ESP 1|0|0.00
Z001_01_052023_MATURIN.CSV||MC#01|FONC FIXES|FILE001|Z|0023|2023-06-01|08:54|0023|CHANGE CHEQ1|0|0.00
Z001_01_052023_MATURIN.CSV||MC#01|FONC FIXES|FILE001|Z|0023|2023-06-01|08:54|0024|CHANGE ESP 2|0|0.00
Z001_01_052023_MATURIN.CSV||MC#01|FONC FIXES|FILE001|Z|0023|2023-06-01|08:54|0025|CHANGE CHEQ2|0|0.00
Z001_01_052023_MATURIN.CSV||MC#01|FONC FIXES|FILE001|Z|0023|2023-06-01|08:54|0026|TOTAL REMISE|0|0.00
Z001_01_052023_MATURIN.CSV||MC#01|FONC FIXES|FILE001|Z|0023|2023-06-01|08:54|0027||0|0.00
Z001_01_052023_MATURIN.CSV||MC#01|FONC FIXES|FILE001|Z|0023|2023-06-01|08:54|0028|RETOUR+ANNUL|0|0.00
Z001_01_052023_MATURIN.CSV||MC#01|FONC FIXES|FILE001|Z|0023|2023-06-01|08:54|0029|TL ARRONDI|0|0.00
Z001_01_052023_MATURIN.CSV||MC#01|FONC FIXES|FILE001|Z|0023|2023-06-01|08:54|0030|TL ARRONDI|0|0.00
Z001_01_052023_MATURIN.CSV||MC#01|FONC FIXES|FILE001|Z|0023|2023-06-01|08:54|0031|NUL TICKET|0|0.00
Z001_01_052023_MATURIN.CSV||MC#01|FONC FIXES|FILE001|Z|0023|2023-06-01|08:54|0032||0|0.00
Z001_01_052023_MATURIN.CSV||MC#01|FONC FIXES|FILE001|Z|0023|2023-06-01|08:54|0033|HORS TAXE 1|0|12954.99
Z001_01_052023_MATURIN.CSV||MC#01|FONC FIXES|FILE001|Z|0023|2023-06-01|08:54|0034|TVA 1|0|2591.01
Z001_01_052023_MATURIN.CSV||MC#01|FONC FIXES|FILE001|Z|0023|2023-06-01|08:54|0035|HORS TAXE 2|0|0.00
Z001_01_052023_MATURIN.CSV||MC#01|FONC FIXES|FILE001|Z|0023|2023-06-01|08:54|0036|TVA 2|0|0.00
Z001_01_052023_MATURIN.CSV||MC#01|FONC FIXES|FILE001|Z|0023|2023-06-01|08:54|0037|HORS TAXE 3|0|0.00
Z001_01_052023_MATURIN.CSV||MC#01|FONC FIXES|FILE001|Z|0023|2023-06-01|08:54|0038|TVA 3|0|0.00
Z001_01_052023_MATURIN.CSV||MC#01|FONC FIXES|FILE001|Z|0023|2023-06-01|08:54|0039|HORS TAXE 4|0|0.00
Z001_01_052023_MATURIN.CSV||MC#01|FONC FIXES|FILE001|Z|0023|2023-06-01|08:54|0040|TVA 4|0|0.00
Z001_01_052023_MATURIN.CSV||MC#01|FONC FIXES|FILE001|Z|0023|2023-06-01|08:54|0041|NON TAXABLE|0|0.00
Z001_01_062023_MATURIN.CSV||MC#01|FONC FIXES|FILE001|Z|0024|2023-07-01|13:35|0001|CA BRUT|80|28916.27
Z001_01_062023_MATURIN.CSV||MC#01|FONC FIXES|FILE001|Z|0024|2023-07-01|13:35|0002|CA NET|25|28916.27
Z001_01_062023_MATURIN.CSV||MC#01|FONC FIXES|FILE001|Z|0024|2023-07-01|13:35|0003|ESP.TIROIR|0|1730.29
Z001_01_062023_MATURIN.CSV||MC#01|FONC FIXES|FILE001|Z|0024|2023-07-01|13:35|0004|CB.TIROIR|0|27185.98
Z001_01_062023_MATURIN.CSV||MC#01|FONC FIXES|FILE001|Z|0024|2023-07-01|13:35|0005|CHQ.TIROIR|0|0.00
Z001_01_062023_MATURIN.CSV||MC#01|FONC FIXES|FILE001|Z|0024|2023-07-01|13:35|0006|CR.TIROIR(1)|0|0.00
Z001_01_062023_MATURIN.CSV||MC#01|FONC FIXES|FILE001|Z|0024|2023-07-01|13:35|0007|CR.TIROIR(2)|0|0.00
Z001_01_062023_MATURIN.CSV||MC#01|FONC FIXES|FILE001|Z|0024|2023-07-01|13:35|0008|CR.TIROIR(3)|0|0.00
Z001_01_062023_MATURIN.CSV||MC#01|FONC FIXES|FILE001|Z|0024|2023-07-01|13:35|0009|CR.TIROIR(4)|0|0.00
Z001_01_062023_MATURIN.CSV||MC#01|FONC FIXES|FILE001|Z|0024|2023-07-01|13:35|0010|ESP.TIROIR2|0|0.00
Z001_01_062023_MATURIN.CSV||MC#01|FONC FIXES|FILE001|Z|0024|2023-07-01|13:35|0011|CB.TIROIR2|0|0.00
Z001_01_062023_MATURIN.CSV||MC#01|FONC FIXES|FILE001|Z|0024|2023-07-01|13:35|0012|CHQ.TIROIR2|0|0.00
Z001_01_062023_MATURIN.CSV||MC#01|FONC FIXES|FILE001|Z|0024|2023-07-01|13:35|0013|CR.TIROI2(1)|0|0.00
Z001_01_062023_MATURIN.CSV||MC#01|FONC FIXES|FILE001|Z|0024|2023-07-01|13:35|0014|CR.TIROI2(2)|0|0.00
Z001_01_062023_MATURIN.CSV||MC#01|FONC FIXES|FILE001|Z|0024|2023-07-01|13:35|0015|CR.TIROI2(3)|0|0.00
Z001_01_062023_MATURIN.CSV||MC#01|FONC FIXES|FILE001|Z|0024|2023-07-01|13:35|0016|CR.TIROI2(4)|0|0.00
Z001_01_062023_MATURIN.CSV||MC#01|FONC FIXES|FILE001|Z|0024|2023-07-01|13:35|0017|RETOUR CLE|0|0.00
Z001_01_062023_MATURIN.CSV||MC#01|FONC FIXES|FILE001|Z|0024|2023-07-01|13:35|0018|CLIENTS|25|0.00
Z001_01_062023_MATURIN.CSV||MC#01|FONC FIXES|FILE001|Z|0024|2023-07-01|13:35|0019|PANIER MOYEN|0|0.00
Z001_01_062023_MATURIN.CSV||MC#01|FONC FIXES|FILE001|Z|0024|2023-07-01|13:35|0020|COMMISSION 1|0|0.00
Z001_01_062023_MATURIN.CSV||MC#01|FONC FIXES|FILE001|Z|0024|2023-07-01|13:35|0021|COMMISSION 2|0|0.00
Z001_01_062023_MATURIN.CSV||MC#01|FONC FIXES|FILE001|Z|0024|2023-07-01|13:35|0022|CHANGE ESP 1|0|0.00
Z001_01_062023_MATURIN.CSV||MC#01|FONC FIXES|FILE001|Z|0024|2023-07-01|13:35|0023|CHANGE CHEQ1|0|0.00
Z001_01_062023_MATURIN.CSV||MC#01|FONC FIXES|FILE001|Z|0024|2023-07-01|13:35|0024|CHANGE ESP 2|0|0.00
Z001_01_062023_MATURIN.CSV||MC#01|FONC FIXES|FILE001|Z|0024|2023-07-01|13:35|0025|CHANGE CHEQ2|0|0.00
Z001_01_062023_MATURIN.CSV||MC#01|FONC FIXES|FILE001|Z|0024|2023-07-01|13:35|0026|TOTAL REMISE|0|0.00
Z001_01_062023_MATURIN.CSV||MC#01|FONC FIXES|FILE001|Z|0024|2023-07-01|13:35|0027||0|0.00
Z001_01_062023_MATURIN.CSV||MC#01|FONC FIXES|FILE001|Z|0024|2023-07-01|13:35|0028|RETOUR+ANNUL|0|0.00
Z001_01_062023_MATURIN.CSV||MC#01|FONC FIXES|FILE001|Z|0024|2023-07-01|13:35|0029|TL ARRONDI|0|0.00
Z001_01_062023_MATURIN.CSV||MC#01|FONC FIXES|FILE001|Z|0024|2023-07-01|13:35|0030|TL ARRONDI|0|0.00
Z001_01_062023_MATURIN.CSV||MC#01|FONC FIXES|FILE001|Z|0024|2023-07-01|13:35|0031|NUL TICKET|0|0.00
Z001_01_062023_MATURIN.CSV||MC#01|FONC FIXES|FILE001|Z|0024|2023-07-01|13:35|0032||0|0.00
Z001_01_062023_MATURIN.CSV||MC#01|FONC FIXES|FILE001|Z|0024|2023-07-01|13:35|0033|HORS TAXE 1|0|24096.90
Z001_01_062023_MATURIN.CSV||MC#01|FONC FIXES|FILE001|Z|0024|2023-07-01|13:35|0034|TVA 1|0|4819.37
Z001_01_062023_MATURIN.CSV||MC#01|FONC FIXES|FILE001|Z|0024|2023-07-01|13:35|0035|HORS TAXE 2|0|0.00
Z001_01_062023_MATURIN.CSV||MC#01|FONC FIXES|FILE001|Z|0024|2023-07-01|13:35|0036|TVA 2|0|0.00
Z001_01_062023_MATURIN.CSV||MC#01|FONC FIXES|FILE001|Z|0024|2023-07-01|13:35|0037|HORS TAXE 3|0|0.00
Z001_01_062023_MATURIN.CSV||MC#01|FONC FIXES|FILE001|Z|0024|2023-07-01|13:35|0038|TVA 3|0|0.00
Z001_01_062023_MATURIN.CSV||MC#01|FONC FIXES|FILE001|Z|0024|2023-07-01|13:35|0039|HORS TAXE 4|0|0.00
Z001_01_062023_MATURIN.CSV||MC#01|FONC FIXES|FILE001|Z|0024|2023-07-01|13:35|0040|TVA 4|0|0.00
Z001_01_062023_MATURIN.CSV||MC#01|FONC FIXES|FILE001|Z|0024|2023-07-01|13:35|0041|NON TAXABLE|0|0.00
Z001_01_072023_MATURIN.CSV||MC#01|FONC FIXES|FILE001|Z|0025|2023-08-01|09:14|0001|CA BRUT|77|31118.00
Z001_01_072023_MATURIN.CSV||MC#01|FONC FIXES|FILE001|Z|0025|2023-08-01|09:14|0002|CA NET|41|31118.00
Z001_01_072023_MATURIN.CSV||MC#01|FONC FIXES|FILE001|Z|0025|2023-08-01|09:14|0003|ESP.TIROIR|0|1705.00
Z001_01_072023_MATURIN.CSV||MC#01|FONC FIXES|FILE001|Z|0025|2023-08-01|09:14|0004|CB.TIROIR|0|29413.00
Z001_01_072023_MATURIN.CSV||MC#01|FONC FIXES|FILE001|Z|0025|2023-08-01|09:14|0005|CHQ.TIROIR|0|0.00
Z001_01_072023_MATURIN.CSV||MC#01|FONC FIXES|FILE001|Z|0025|2023-08-01|09:14|0006|CR.TIROIR(1)|0|0.00
Z001_01_072023_MATURIN.CSV||MC#01|FONC FIXES|FILE001|Z|0025|2023-08-01|09:14|0007|CR.TIROIR(2)|0|0.00
Z001_01_072023_MATURIN.CSV||MC#01|FONC FIXES|FILE001|Z|0025|2023-08-01|09:14|0008|CR.TIROIR(3)|0|0.00
Z001_01_072023_MATURIN.CSV||MC#01|FONC FIXES|FILE001|Z|0025|2023-08-01|09:14|0009|CR.TIROIR(4)|0|0.00
Z001_01_072023_MATURIN.CSV||MC#01|FONC FIXES|FILE001|Z|0025|2023-08-01|09:14|0010|ESP.TIROIR2|0|0.00
Z001_01_072023_MATURIN.CSV||MC#01|FONC FIXES|FILE001|Z|0025|2023-08-01|09:14|0011|CB.TIROIR2|0|0.00
Z001_01_072023_MATURIN.CSV||MC#01|FONC FIXES|FILE001|Z|0025|2023-08-01|09:14|0012|CHQ.TIROIR2|0|0.00
Z001_01_072023_MATURIN.CSV||MC#01|FONC FIXES|FILE001|Z|0025|2023-08-01|09:14|0013|CR.TIROI2(1)|0|0.00
Z001_01_072023_MATURIN.CSV||MC#01|FONC FIXES|FILE001|Z|0025|2023-08-01|09:14|0014|CR.TIROI2(2)|0|0.00
Z001_01_072023_MATURIN.CSV||MC#01|FONC FIXES|FILE001|Z|0025|2023-08-01|09:14|0015|CR.TIROI2(3)|0|0.00
Z001_01_072023_MATURIN.CSV||MC#01|FONC FIXES|FILE001|Z|0025|2023-08-01|09:14|0016|CR.TIROI2(4)|0|0.00
Z001_01_072023_MATURIN.CSV||MC#01|FONC FIXES|FILE001|Z|0025|2023-08-01|09:14|0017|RETOUR CLE|0|0.00
Z001_01_072023_MATURIN.CSV||MC#01|FONC FIXES|FILE001|Z|0025|2023-08-01|09:14|0018|CLIENTS|41|0.00
Z001_01_072023_MATURIN.CSV||MC#01|FONC FIXES|FILE001|Z|0025|2023-08-01|09:14|0019|PANIER MOYEN|0|0.00
Z001_01_072023_MATURIN.CSV||MC#01|FONC FIXES|FILE001|Z|0025|2023-08-01|09:14|0020|COMMISSION 1|0|0.00
Z001_01_072023_MATURIN.CSV||MC#01|FONC FIXES|FILE001|Z|0025|2023-08-01|09:14|0021|COMMISSION 2|0|0.00
Z001_01_072023_MATURIN.CSV||MC#01|FONC FIXES|FILE001|Z|0025|2023-08-01|09:14|0022|CHANGE ESP 1|0|0.00
Z001_01_072023_MATURIN.CSV||MC#01|FONC FIXES|FILE001|Z|0025|2023-08-01|09:14|0023|CHANGE CHEQ1|0|0.00
Z001_01_072023_MATURIN.CSV||MC#01|FONC FIXES|FILE001|Z|0025|2023-08-01|09:14|0024|CHANGE ESP 2|0|0.00
Z001_01_072023_MATURIN.CSV||MC#01|FONC FIXES|FILE001|Z|0025|2023-08-01|09:14|0025|CHANGE CHEQ2|0|0.00
Z001_01_072023_MATURIN.CSV||MC#01|FONC FIXES|FILE001|Z|0025|2023-08-01|09:14|0026|TOTAL REMISE|0|0.00
Z001_01_072023_MATURIN.CSV||MC#01|FONC FIXES|FILE001|Z|0025|2023-08-01|09:14|0027||0|0.00
Z001_01_072023_MATURIN.CSV||MC#01|FONC FIXES|FILE001|Z|0025|2023-08-01|09:14|0028|RETOUR+ANNUL|0|0.00
Z001_01_072023_MATURIN.CSV||MC#01|FONC FIXES|FILE001|Z|0025|2023-08-01|09:14|0029|TL ARRONDI|0|0.00
Z001_01_072023_MATURIN.CSV||MC#01|FONC FIXES|FILE001|Z|0025|2023-08-01|09:14|0030|TL ARRONDI|0|0.00
Z001_01_072023_MATURIN.CSV||MC#01|FONC FIXES|FILE001|Z|0025|2023-08-01|09:14|0031|NUL TICKET|0|0.00
Z001_01_072023_MATURIN.CSV||MC#01|FONC FIXES|FILE001|Z|0025|2023-08-01|09:14|0032||0|0.00
Z001_01_072023_MATURIN.CSV||MC#01|FONC FIXES|FILE001|Z|0025|2023-08-01|09:14|0033|HORS TAXE 1|0|25931.66
Z001_01_072023_MATURIN.CSV||MC#01|FONC FIXES|FILE001|Z|0025|2023-08-01|09:14|0034|TVA 1|0|5186.34
Z001_01_072023_MATURIN.CSV||MC#01|FONC FIXES|FILE001|Z|0025|2023-08-01|09:14|0035|HORS TAXE 2|0|0.00
Z001_01_072023_MATURIN.CSV||MC#01|FONC FIXES|FILE001|Z|0025|2023-08-01|09:14|0036|TVA 2|0|0.00
Z001_01_072023_MATURIN.CSV||MC#01|FONC FIXES|FILE001|Z|0025|2023-08-01|09:14|0037|HORS TAXE 3|0|0.00
Z001_01_072023_MATURIN.CSV||MC#01|FONC FIXES|FILE001|Z|0025|2023-08-01|09:14|0038|TVA 3|0|0.00
Z001_01_072023_MATURIN.CSV||MC#01|FONC FIXES|FILE001|Z|0025|2023-08-01|09:14|0039|HORS TAXE 4|0|0.00
Z001_01_072023_MATURIN.CSV||MC#01|FONC FIXES|FILE001|Z|0025|2023-08-01|09:14|0040|TVA 4|0|0.00
Z001_01_072023_MATURIN.CSV||MC#01|FONC FIXES|FILE001|Z|0025|2023-08-01|09:14|0041|NON TAXABLE|0|0.00
Z001_01_082023_MATURIN.CSV||MC#01|FONC FIXES|FILE001|Z|0026|2023-09-01|09:09|0001|CA BRUT|41|13694.60
Z001_01_082023_MATURIN.CSV||MC#01|FONC FIXES|FILE001|Z|0026|2023-09-01|09:09|0002|CA NET|17|13694.60
Z001_01_082023_MATURIN.CSV||MC#01|FONC FIXES|FILE001|Z|0026|2023-09-01|09:09|0003|ESP.TIROIR|0|3918.60
Z001_01_082023_MATURIN.CSV||MC#01|FONC FIXES|FILE001|Z|0026|2023-09-01|09:09|0004|CB.TIROIR|0|9776.00
Z001_01_082023_MATURIN.CSV||MC#01|FONC FIXES|FILE001|Z|0026|2023-09-01|09:09|0005|CHQ.TIROIR|0|0.00
Z001_01_082023_MATURIN.CSV||MC#01|FONC FIXES|FILE001|Z|0026|2023-09-01|09:09|0006|CR.TIROIR(1)|0|0.00
Z001_01_082023_MATURIN.CSV||MC#01|FONC FIXES|FILE001|Z|0026|2023-09-01|09:09|0007|CR.TIROIR(2)|0|0.00
Z001_01_082023_MATURIN.CSV||MC#01|FONC FIXES|FILE001|Z|0026|2023-09-01|09:09|0008|CR.TIROIR(3)|0|0.00
Z001_01_082023_MATURIN.CSV||MC#01|FONC FIXES|FILE001|Z|0026|2023-09-01|09:09|0009|CR.TIROIR(4)|0|0.00
Z001_01_082023_MATURIN.CSV||MC#01|FONC FIXES|FILE001|Z|0026|2023-09-01|09:09|0010|ESP.TIROIR2|0|0.00
Z001_01_082023_MATURIN.CSV||MC#01|FONC FIXES|FILE001|Z|0026|2023-09-01|09:09|0011|CB.TIROIR2|0|0.00
Z001_01_082023_MATURIN.CSV||MC#01|FONC FIXES|FILE001|Z|0026|2023-09-01|09:09|0012|CHQ.TIROIR2|0|0.00
Z001_01_082023_MATURIN.CSV||MC#01|FONC FIXES|FILE001|Z|0026|2023-09-01|09:09|0013|CR.TIROI2(1)|0|0.00
Z001_01_082023_MATURIN.CSV||MC#01|FONC FIXES|FILE001|Z|0026|2023-09-01|09:09|0014|CR.TIROI2(2)|0|0.00
Z001_01_082023_MATURIN.CSV||MC#01|FONC FIXES|FILE001|Z|0026|2023-09-01|09:09|0015|CR.TIROI2(3)|0|0.00
Z001_01_082023_MATURIN.CSV||MC#01|FONC FIXES|FILE001|Z|0026|2023-09-01|09:09|0016|CR.TIROI2(4)|0|0.00
Z001_01_082023_MATURIN.CSV||MC#01|FONC FIXES|FILE001|Z|0026|2023-09-01|09:09|0017|RETOUR CLE|0|0.00
Z001_01_082023_MATURIN.CSV||MC#01|FONC FIXES|FILE001|Z|0026|2023-09-01|09:09|0018|CLIENTS|17|0.00
Z001_01_082023_MATURIN.CSV||MC#01|FONC FIXES|FILE001|Z|0026|2023-09-01|09:09|0019|PANIER MOYEN|0|0.00
Z001_01_082023_MATURIN.CSV||MC#01|FONC FIXES|FILE001|Z|0026|2023-09-01|09:09|0020|COMMISSION 1|0|0.00
Z001_01_082023_MATURIN.CSV||MC#01|FONC FIXES|FILE001|Z|0026|2023-09-01|09:09|0021|COMMISSION 2|0|0.00
Z001_01_082023_MATURIN.CSV||MC#01|FONC FIXES|FILE001|Z|0026|2023-09-01|09:09|0022|CHANGE ESP 1|0|0.00
Z001_01_082023_MATURIN.CSV||MC#01|FONC FIXES|FILE001|Z|0026|2023-09-01|09:09|0023|CHANGE CHEQ1|0|0.00
Z001_01_082023_MATURIN.CSV||MC#01|FONC FIXES|FILE001|Z|0026|2023-09-01|09:09|0024|CHANGE ESP 2|0|0.00
Z001_01_082023_MATURIN.CSV||MC#01|FONC FIXES|FILE001|Z|0026|2023-09-01|09:09|0025|CHANGE CHEQ2|0|0.00
Z001_01_082023_MATURIN.CSV||MC#01|FONC FIXES|FILE001|Z|0026|2023-09-01|09:09|0026|TOTAL REMISE|0|0.00
Z001_01_082023_MATURIN.CSV||MC#01|FONC FIXES|FILE001|Z|0026|2023-09-01|09:09|0027||0|0.00
Z001_01_082023_MATURIN.CSV||MC#01|FONC FIXES|FILE001|Z|0026|2023-09-01|09:09|0028|RETOUR+ANNUL|0|0.00
Z001_01_082023_MATURIN.CSV||MC#01|FONC FIXES|FILE001|Z|0026|2023-09-01|09:09|0029|TL ARRONDI|0|0.00
Z001_01_082023_MATURIN.CSV||MC#01|FONC FIXES|FILE001|Z|0026|2023-09-01|09:09|0030|TL ARRONDI|0|0.00
Z001_01_082023_MATURIN.CSV||MC#01|FONC FIXES|FILE001|Z|0026|2023-09-01|09:09|0031|NUL TICKET|0|0.00
Z001_01_082023_MATURIN.CSV||MC#01|FONC FIXES|FILE001|Z|0026|2023-09-01|09:09|0032||0|0.00
Z001_01_082023_MATURIN.CSV||MC#01|FONC FIXES|FILE001|Z|0026|2023-09-01|09:09|0033|HORS TAXE 1|0|11412.18
Z001_01_082023_MATURIN.CSV||MC#01|FONC FIXES|FILE001|Z|0026|2023-09-01|09:09|0034|TVA 1|0|2282.42
Z001_01_082023_MATURIN.CSV||MC#01|FONC FIXES|FILE001|Z|0026|2023-09-01|09:09|0035|HORS TAXE 2|0|0.00
Z001_01_082023_MATURIN.CSV||MC#01|FONC FIXES|FILE001|Z|0026|2023-09-01|09:09|0036|TVA 2|0|0.00
Z001_01_082023_MATURIN.CSV||MC#01|FONC FIXES|FILE001|Z|0026|2023-09-01|09:09|0037|HORS TAXE 3|0|0.00
Z001_01_082023_MATURIN.CSV||MC#01|FONC FIXES|FILE001|Z|0026|2023-09-01|09:09|0038|TVA 3|0|0.00
Z001_01_082023_MATURIN.CSV||MC#01|FONC FIXES|FILE001|Z|0026|2023-09-01|09:09|0039|HORS TAXE 4|0|0.00
Z001_01_082023_MATURIN.CSV||MC#01|FONC FIXES|FILE001|Z|0026|2023-09-01|09:09|0040|TVA 4|0|0.00
Z001_01_082023_MATURIN.CSV||MC#01|FONC FIXES|FILE001|Z|0026|2023-09-01|09:09|0041|NON TAXABLE|0|0.00
Z001_02_042023_MATURIN.CSV||MC#01|FONC FIXES|FILE001|Z|0022|2023-05-02|09:28|0001|CA BRUT|31|13437.00
Z001_02_042023_MATURIN.CSV||MC#01|FONC FIXES|FILE001|Z|0022|2023-05-02|09:28|0002|CA NET|15|13437.00
Z001_02_042023_MATURIN.CSV||MC#01|FONC FIXES|FILE001|Z|0022|2023-05-02|09:28|0003|ESP.TIROIR|0|3442.00
Z001_02_042023_MATURIN.CSV||MC#01|FONC FIXES|FILE001|Z|0022|2023-05-02|09:28|0004|CB.TIROIR|0|9995.00
Z001_02_042023_MATURIN.CSV||MC#01|FONC FIXES|FILE001|Z|0022|2023-05-02|09:28|0005|CHQ.TIROIR|0|0.00
Z001_02_042023_MATURIN.CSV||MC#01|FONC FIXES|FILE001|Z|0022|2023-05-02|09:28|0006|CR.TIROIR(1)|0|0.00
Z001_02_042023_MATURIN.CSV||MC#01|FONC FIXES|FILE001|Z|0022|2023-05-02|09:28|0007|CR.TIROIR(2)|0|0.00
Z001_02_042023_MATURIN.CSV||MC#01|FONC FIXES|FILE001|Z|0022|2023-05-02|09:28|0008|CR.TIROIR(3)|0|0.00
Z001_02_042023_MATURIN.CSV||MC#01|FONC FIXES|FILE001|Z|0022|2023-05-02|09:28|0009|CR.TIROIR(4)|0|0.00
Z001_02_042023_MATURIN.CSV||MC#01|FONC FIXES|FILE001|Z|0022|2023-05-02|09:28|0010|ESP.TIROIR2|0|0.00
Z001_02_042023_MATURIN.CSV||MC#01|FONC FIXES|FILE001|Z|0022|2023-05-02|09:28|0011|CB.TIROIR2|0|0.00
Z001_02_042023_MATURIN.CSV||MC#01|FONC FIXES|FILE001|Z|0022|2023-05-02|09:28|0012|CHQ.TIROIR2|0|0.00
Z001_02_042023_MATURIN.CSV||MC#01|FONC FIXES|FILE001|Z|0022|2023-05-02|09:28|0013|CR.TIROI2(1)|0|0.00
Z001_02_042023_MATURIN.CSV||MC#01|FONC FIXES|FILE001|Z|0022|2023-05-02|09:28|0014|CR.TIROI2(2)|0|0.00
Z001_02_042023_MATURIN.CSV||MC#01|FONC FIXES|FILE001|Z|0022|2023-05-02|09:28|0015|CR.TIROI2(3)|0|0.00
Z001_02_042023_MATURIN.CSV||MC#01|FONC FIXES|FILE001|Z|0022|2023-05-02|09:28|0016|CR.TIROI2(4)|0|0.00
Z001_02_042023_MATURIN.CSV||MC#01|FONC FIXES|FILE001|Z|0022|2023-05-02|09:28|0017|RETOUR CLE|0|0.00
Z001_02_042023_MATURIN.CSV||MC#01|FONC FIXES|FILE001|Z|0022|2023-05-02|09:28|0018|CLIENTS|15|0.00
Z001_02_042023_MATURIN.CSV||MC#01|FONC FIXES|FILE001|Z|0022|2023-05-02|09:28|0019|PANIER MOYEN|0|0.00
Z001_02_042023_MATURIN.CSV||MC#01|FONC FIXES|FILE001|Z|0022|2023-05-02|09:28|0020|COMMISSION 1|0|0.00
Z001_02_042023_MATURIN.CSV||MC#01|FONC FIXES|FILE001|Z|0022|2023-05-02|09:28|0021|COMMISSION 2|0|0.00
Z001_02_042023_MATURIN.CSV||MC#01|FONC FIXES|FILE001|Z|0022|2023-05-02|09:28|0022|CHANGE ESP 1|0|0.00
Z001_02_042023_MATURIN.CSV||MC#01|FONC FIXES|FILE001|Z|0022|2023-05-02|09:28|0023|CHANGE CHEQ1|0|0.00
Z001_02_042023_MATURIN.CSV||MC#01|FONC FIXES|FILE001|Z|0022|2023-05-02|09:28|0024|CHANGE ESP 2|0|0.00
Z001_02_042023_MATURIN.CSV||MC#01|FONC FIXES|FILE001|Z|0022|2023-05-02|09:28|0025|CHANGE CHEQ2|0|0.00
Z001_02_042023_MATURIN.CSV||MC#01|FONC FIXES|FILE001|Z|0022|2023-05-02|09:28|0026|TOTAL REMISE|0|0.00
Z001_02_042023_MATURIN.CSV||MC#01|FONC FIXES|FILE001|Z|0022|2023-05-02|09:28|0027||0|0.00
Z001_02_042023_MATURIN.CSV||MC#01|FONC FIXES|FILE001|Z|0022|2023-05-02|09:28|0028|RETOUR+ANNUL|0|0.00
Z001_02_042023_MATURIN.CSV||MC#01|FONC FIXES|FILE001|Z|0022|2023-05-02|09:28|0029|TL ARRONDI|0|0.00
Z001_02_042023_MATURIN.CSV||MC#01|FONC FIXES|FILE001|Z|0022|2023-05-02|09:28|0030|TL ARRONDI|0|0.00
Z001_02_042023_MATURIN.CSV||MC#01|FONC FIXES|FILE001|Z|0022|2023-05-02|09:28|0031|NUL TICKET|0|0.00
Z001_02_042023_MATURIN.CSV||MC#01|FONC FIXES|FILE001|Z|0022|2023-05-02|09:28|0032||0|0.00
Z001_02_042023_MATURIN.CSV||MC#01|FONC FIXES|FILE001|Z|0022|2023-05-02|09:28|0033|HORS TAXE 1|0|11197.49
Z001_02_042023_MATURIN.CSV||MC#01|FONC FIXES|FILE001|Z|0022|2023-05-02|09:28|0034|TVA 1|0|2239.51
Z001_02_042023_MATURIN.CSV||MC#01|FONC FIXES|FILE001|Z|0022|2023-05-02|09:28|0035|HORS TAXE 2|0|0.00
Z001_02_042023_MATURIN.CSV||MC#01|FONC FIXES|FILE001|Z|0022|2023-05-02|09:28|0036|TVA 2|0|0.00
Z001_02_042023_MATURIN.CSV||MC#01|FONC FIXES|FILE001|Z|0022|2023-05-02|09:28|0037|HORS TAXE 3|0|0.00
Z001_02_042023_MATURIN.CSV||MC#01|FONC FIXES|FILE001|Z|0022|2023-05-02|09:28|0038|TVA 3|0|0.00
Z001_02_042023_MATURIN.CSV||MC#01|FONC FIXES|FILE001|Z|0022|2023-05-02|09:28|0039|HORS TAXE 4|0|0.00
Z001_02_042023_MATURIN.CSV||MC#01|FONC FIXES|FILE001|Z|0022|2023-05-02|09:28|0040|TVA 4|0|0.00
Z001_02_042023_MATURIN.CSV||MC#01|FONC FIXES|FILE001|Z|0022|2023-05-02|09:28|0041|NON TAXABLE|0|0.00
Z001_02_092023_MATURIN.CSV||MC#01|FONC FIXES|FILE001|Z|0027|2023-10-02|09:14|0001|CA BRUT|66|20163.60
Z001_02_092023_MATURIN.CSV||MC#01|FONC FIXES|FILE001|Z|0027|2023-10-02|09:14|0002|CA NET|31|20163.60
Z001_02_092023_MATURIN.CSV||MC#01|FONC FIXES|FILE001|Z|0027|2023-10-02|09:14|0003|ESP.TIROIR|0|785.80
Z001_02_092023_MATURIN.CSV||MC#01|FONC FIXES|FILE001|Z|0027|2023-10-02|09:14|0004|CB.TIROIR|0|19377.80
Z001_02_092023_MATURIN.CSV||MC#01|FONC FIXES|FILE001|Z|0027|2023-10-02|09:14|0005|CHQ.TIROIR|0|0.00
Z001_02_092023_MATURIN.CSV||MC#01|FONC FIXES|FILE001|Z|0027|2023-10-02|09:14|0006|CR.TIROIR(1)|0|0.00
Z001_02_092023_MATURIN.CSV||MC#01|FONC FIXES|FILE001|Z|0027|2023-10-02|09:14|0007|CR.TIROIR(2)|0|0.00
Z001_02_092023_MATURIN.CSV||MC#01|FONC FIXES|FILE001|Z|0027|2023-10-02|09:14|0008|CR.TIROIR(3)|0|0.00
Z001_02_092023_MATURIN.CSV||MC#01|FONC FIXES|FILE001|Z|0027|2023-10-02|09:14|0009|CR.TIROIR(4)|0|0.00
Z001_02_092023_MATURIN.CSV||MC#01|FONC FIXES|FILE001|Z|0027|2023-10-02|09:14|0010|ESP.TIROIR2|0|0.00
Z001_02_092023_MATURIN.CSV||MC#01|FONC FIXES|FILE001|Z|0027|2023-10-02|09:14|0011|CB.TIROIR2|0|0.00
Z001_02_092023_MATURIN.CSV||MC#01|FONC FIXES|FILE001|Z|0027|2023-10-02|09:14|0012|CHQ.TIROIR2|0|0.00
Z001_02_092023_MATURIN.CSV||MC#01|FONC FIXES|FILE001|Z|0027|2023-10-02|09:14|0013|CR.TIROI2(1)|0|0.00
Z001_02_092023_MATURIN.CSV||MC#01|FONC FIXES|FILE001|Z|0027|2023-10-02|09:14|0014|CR.TIROI2(2)|0|0.00
Z001_02_092023_MATURIN.CSV||MC#01|FONC FIXES|FILE001|Z|0027|2023-10-02|09:14|0015|CR.TIROI2(3)|0|0.00
Z001_02_092023_MATURIN.CSV||MC#01|FONC FIXES|FILE001|Z|0027|2023-10-02|09:14|0016|CR.TIROI2(4)|0|0.00
Z001_02_092023_MATURIN.CSV||MC#01|FONC FIXES|FILE001|Z|0027|2023-10-02|09:14|0017|RETOUR CLE|0|0.00
Z001_02_092023_MATURIN.CSV||MC#01|FONC FIXES|FILE001|Z|0027|2023-10-02|09:14|0018|CLIENTS|31|0.00
Z001_02_092023_MATURIN.CSV||MC#01|FONC FIXES|FILE001|Z|0027|2023-10-02|09:14|0019|PANIER MOYEN|0|0.00
Z001_02_092023_MATURIN.CSV||MC#01|FONC FIXES|FILE001|Z|0027|2023-10-02|09:14|0020|COMMISSION 1|0|0.00
Z001_02_092023_MATURIN.CSV||MC#01|FONC FIXES|FILE001|Z|0027|2023-10-02|09:14|0021|COMMISSION 2|0|0.00
Z001_02_092023_MATURIN.CSV||MC#01|FONC FIXES|FILE001|Z|0027|2023-10-02|09:14|0022|CHANGE ESP 1|0|0.00
Z001_02_092023_MATURIN.CSV||MC#01|FONC FIXES|FILE001|Z|0027|2023-10-02|09:14|0023|CHANGE CHEQ1|0|0.00
Z001_02_092023_MATURIN.CSV||MC#01|FONC FIXES|FILE001|Z|0027|2023-10-02|09:14|0024|CHANGE ESP 2|0|0.00
Z001_02_092023_MATURIN.CSV||MC#01|FONC FIXES|FILE001|Z|0027|2023-10-02|09:14|0025|CHANGE CHEQ2|0|0.00
Z001_02_092023_MATURIN.CSV||MC#01|FONC FIXES|FILE001|Z|0027|2023-10-02|09:14|0026|TOTAL REMISE|0|0.00
Z001_02_092023_MATURIN.CSV||MC#01|FONC FIXES|FILE001|Z|0027|2023-10-02|09:14|0027||0|0.00
Z001_02_092023_MATURIN.CSV||MC#01|FONC FIXES|FILE001|Z|0027|2023-10-02|09:14|0028|RETOUR+ANNUL|0|0.00
Z001_02_092023_MATURIN.CSV||MC#01|FONC FIXES|FILE001|Z|0027|2023-10-02|09:14|0029|TL ARRONDI|0|0.00
Z001_02_092023_MATURIN.CSV||MC#01|FONC FIXES|FILE001|Z|0027|2023-10-02|09:14|0030|TL ARRONDI|0|0.00
Z001_02_092023_MATURIN.CSV||MC#01|FONC FIXES|FILE001|Z|0027|2023-10-02|09:14|0031|NUL TICKET|0|0.00
Z001_02_092023_MATURIN.CSV||MC#01|FONC FIXES|FILE001|Z|0027|2023-10-02|09:14|0032||0|0.00
Z001_02_092023_MATURIN.CSV||MC#01|FONC FIXES|FILE001|Z|0027|2023-10-02|09:14|0033|HORS TAXE 1|0|16803.01
Z001_02_092023_MATURIN.CSV||MC#01|FONC FIXES|FILE001|Z|0027|2023-10-02|09:14|0034|TVA 1|0|3360.59
Z001_02_092023_MATURIN.CSV||MC#01|FONC FIXES|FILE001|Z|0027|2023-10-02|09:14|0035|HORS TAXE 2|0|0.00
Z001_02_092023_MATURIN.CSV||MC#01|FONC FIXES|FILE001|Z|0027|2023-10-02|09:14|0036|TVA 2|0|0.00
Z001_02_092023_MATURIN.CSV||MC#01|FONC FIXES|FILE001|Z|0027|2023-10-02|09:14|0037|HORS TAXE 3|0|0.00
Z001_02_092023_MATURIN.CSV||MC#01|FONC FIXES|FILE001|Z|0027|2023-10-02|09:14|0038|TVA 3|0|0.00
Z001_02_092023_MATURIN.CSV||MC#01|FONC FIXES|FILE001|Z|0027|2023-10-02|09:14|0039|HORS TAXE 4|0|0.00
Z001_02_092023_MATURIN.CSV||MC#01|FONC FIXES|FILE001|Z|0027|2023-10-02|09:14|0040|TVA 4|0|0.00
Z001_02_092023_MATURIN.CSV||MC#01|FONC FIXES|FILE001|Z|0027|2023-10-02|09:14|0041|NON TAXABLE|0|0.00
Z001_02_102023_MATURIN.CSV||MC#01|FONC FIXES|FILE001|Z|0028|2023-11-02|11:03|0001|CA BRUT|54|22321.00
Z001_02_102023_MATURIN.CSV||MC#01|FONC FIXES|FILE001|Z|0028|2023-11-02|11:03|0002|CA NET|28|22321.00
Z001_02_102023_MATURIN.CSV||MC#01|FONC FIXES|FILE001|Z|0028|2023-11-02|11:03|0003|ESP.TIROIR|0|2942.00
Z001_02_102023_MATURIN.CSV||MC#01|FONC FIXES|FILE001|Z|0028|2023-11-02|11:03|0004|CB.TIROIR|0|19379.00
Z001_02_102023_MATURIN.CSV||MC#01|FONC FIXES|FILE001|Z|0028|2023-11-02|11:03|0005|CHQ.TIROIR|0|0.00
Z001_02_102023_MATURIN.CSV||MC#01|FONC FIXES|FILE001|Z|0028|2023-11-02|11:03|0006|CR.TIROIR(1)|0|0.00
Z001_02_102023_MATURIN.CSV||MC#01|FONC FIXES|FILE001|Z|0028|2023-11-02|11:03|0007|CR.TIROIR(2)|0|0.00
Z001_02_102023_MATURIN.CSV||MC#01|FONC FIXES|FILE001|Z|0028|2023-11-02|11:03|0008|CR.TIROIR(3)|0|0.00
Z001_02_102023_MATURIN.CSV||MC#01|FONC FIXES|FILE001|Z|0028|2023-11-02|11:03|0009|CR.TIROIR(4)|0|0.00
Z001_02_102023_MATURIN.CSV||MC#01|FONC FIXES|FILE001|Z|0028|2023-11-02|11:03|0010|ESP.TIROIR2|0|0.00
Z001_02_102023_MATURIN.CSV||MC#01|FONC FIXES|FILE001|Z|0028|2023-11-02|11:03|0011|CB.TIROIR2|0|0.00
Z001_02_102023_MATURIN.CSV||MC#01|FONC FIXES|FILE001|Z|0028|2023-11-02|11:03|0012|CHQ.TIROIR2|0|0.00
Z001_02_102023_MATURIN.CSV||MC#01|FONC FIXES|FILE001|Z|0028|2023-11-02|11:03|0013|CR.TIROI2(1)|0|0.00
Z001_02_102023_MATURIN.CSV||MC#01|FONC FIXES|FILE001|Z|0028|2023-11-02|11:03|0014|CR.TIROI2(2)|0|0.00
Z001_02_102023_MATURIN.CSV||MC#01|FONC FIXES|FILE001|Z|0028|2023-11-02|11:03|0015|CR.TIROI2(3)|0|0.00
Z001_02_102023_MATURIN.CSV||MC#01|FONC FIXES|FILE001|Z|0028|2023-11-02|11:03|0016|CR.TIROI2(4)|0|0.00
Z001_02_102023_MATURIN.CSV||MC#01|FONC FIXES|FILE001|Z|0028|2023-11-02|11:03|0017|RETOUR CLE|0|0.00
Z001_02_102023_MATURIN.CSV||MC#01|FONC FIXES|FILE001|Z|0028|2023-11-02|11:03|0018|CLIENTS|28|0.00
Z001_02_102023_MATURIN.CSV||MC#01|FONC FIXES|FILE001|Z|0028|2023-11-02|11:03|0019|PANIER MOYEN|0|0.00
Z001_02_102023_MATURIN.CSV||MC#01|FONC FIXES|FILE001|Z|0028|2023-11-02|11:03|0020|COMMISSION 1|0|0.00
Z001_02_102023_MATURIN.CSV||MC#01|FONC FIXES|FILE001|Z|0028|2023-11-02|11:03|0021|COMMISSION 2|0|0.00
Z001_02_102023_MATURIN.CSV||MC#01|FONC FIXES|FILE001|Z|0028|2023-11-02|11:03|0022|CHANGE ESP 1|0|0.00
Z001_02_102023_MATURIN.CSV||MC#01|FONC FIXES|FILE001|Z|0028|2023-11-02|11:03|0023|CHANGE CHEQ1|0|0.00
Z001_02_102023_MATURIN.CSV||MC#01|FONC FIXES|FILE001|Z|0028|2023-11-02|11:03|0024|CHANGE ESP 2|0|0.00
Z001_02_102023_MATURIN.CSV||MC#01|FONC FIXES|FILE001|Z|0028|2023-11-02|11:03|0025|CHANGE CHEQ2|0|0.00
Z001_02_102023_MATURIN.CSV||MC#01|FONC FIXES|FILE001|Z|0028|2023-11-02|11:03|0026|TOTAL REMISE|0|0.00
Z001_02_102023_MATURIN.CSV||MC#01|FONC FIXES|FILE001|Z|0028|2023-11-02|11:03|0027||0|0.00
Z001_02_102023_MATURIN.CSV||MC#01|FONC FIXES|FILE001|Z|0028|2023-11-02|11:03|0028|RETOUR+ANNUL|0|0.00
Z001_02_102023_MATURIN.CSV||MC#01|FONC FIXES|FILE001|Z|0028|2023-11-02|11:03|0029|TL ARRONDI|0|0.00
Z001_02_102023_MATURIN.CSV||MC#01|FONC FIXES|FILE001|Z|0028|2023-11-02|11:03|0030|TL ARRONDI|0|0.00
Z001_02_102023_MATURIN.CSV||MC#01|FONC FIXES|FILE001|Z|0028|2023-11-02|11:03|0031|NUL TICKET|0|0.00
Z001_02_102023_MATURIN.CSV||MC#01|FONC FIXES|FILE001|Z|0028|2023-11-02|11:03|0032||0|0.00
Z001_02_102023_MATURIN.CSV||MC#01|FONC FIXES|FILE001|Z|0028|2023-11-02|11:03|0033|HORS TAXE 1|0|18600.84
Z001_02_102023_MATURIN.CSV||MC#01|FONC FIXES|FILE001|Z|0028|2023-11-02|11:03|0034|TVA 1|0|3720.16
Z001_02_102023_MATURIN.CSV||MC#01|FONC FIXES|FILE001|Z|0028|2023-11-02|11:03|0035|HORS TAXE 2|0|0.00
Z001_02_102023_MATURIN.CSV||MC#01|FONC FIXES|FILE001|Z|0028|2023-11-02|11:03|0036|TVA 2|0|0.00
Z001_02_102023_MATURIN.CSV||MC#01|FONC FIXES|FILE001|Z|0028|2023-11-02|11:03|0037|HORS TAXE 3|0|0.00
Z001_02_102023_MATURIN.CSV||MC#01|FONC FIXES|FILE001|Z|0028|2023-11-02|11:03|0038|TVA 3|0|0.00
Z001_02_102023_MATURIN.CSV||MC#01|FONC FIXES|FILE001|Z|0028|2023-11-02|11:03|0039|HORS TAXE 4|0|0.00
Z001_02_102023_MATURIN.CSV||MC#01|FONC FIXES|FILE001|Z|0028|2023-11-02|11:03|0040|TVA 4|0|0.00
Z001_02_102023_MATURIN.CSV||MC#01|FONC FIXES|FILE001|Z|0028|2023-11-02|11:03|0041|NON TAXABLE|0|0.00
Z101_05_122023_MATURIN.CSV||MC#01|FONC FIXES|FILE101|ZZ1|0022|2024-01-05|16:23|0001|CA BRUT|-68|-19821.00
Z101_05_122023_MATURIN.CSV||MC#01|FONC FIXES|FILE101|ZZ1|0022|2024-01-05|16:23|0002|CA NET|35|-19821.00
Z101_05_122023_MATURIN.CSV||MC#01|FONC FIXES|FILE101|ZZ1|0022|2024-01-05|16:23|0003|ESP.TIROIR|0|-11520.00
Z101_05_122023_MATURIN.CSV||MC#01|FONC FIXES|FILE101|ZZ1|0022|2024-01-05|16:23|0004|CB.TIROIR|0|-8301.00
Z101_05_122023_MATURIN.CSV||MC#01|FONC FIXES|FILE101|ZZ1|0022|2024-01-05|16:23|0005|CHQ.TIROIR|0|0.00
Z101_05_122023_MATURIN.CSV||MC#01|FONC FIXES|FILE101|ZZ1|0022|2024-01-05|16:23|0006|CR.TIROIR(1)|0|0.00
Z101_05_122023_MATURIN.CSV||MC#01|FONC FIXES|FILE101|ZZ1|0022|2024-01-05|16:23|0007|CR.TIROIR(2)|0|0.00
Z101_05_122023_MATURIN.CSV||MC#01|FONC FIXES|FILE101|ZZ1|0022|2024-01-05|16:23|0008|CR.TIROIR(3)|0|0.00
Z101_05_122023_MATURIN.CSV||MC#01|FONC FIXES|FILE101|ZZ1|0022|2024-01-05|16:23|0009|CR.TIROIR(4)|0|0.00
Z101_05_122023_MATURIN.CSV||MC#01|FONC FIXES|FILE101|ZZ1|0022|2024-01-05|16:23|0010|ESP.TIROIR2|0|0.00
Z101_05_122023_MATURIN.CSV||MC#01|FONC FIXES|FILE101|ZZ1|0022|2024-01-05|16:23|0011|CB.TIROIR2|0|0.00
Z101_05_122023_MATURIN.CSV||MC#01|FONC FIXES|FILE101|ZZ1|0022|2024-01-05|16:23|0012|CHQ.TIROIR2|0|0.00
Z101_05_122023_MATURIN.CSV||MC#01|FONC FIXES|FILE101|ZZ1|0022|2024-01-05|16:23|0013|CR.TIROI2(1)|0|0.00
Z101_05_122023_MATURIN.CSV||MC#01|FONC FIXES|FILE101|ZZ1|0022|2024-01-05|16:23|0014|CR.TIROI2(2)|0|0.00
Z101_05_122023_MATURIN.CSV||MC#01|FONC FIXES|FILE101|ZZ1|0022|2024-01-05|16:23|0015|CR.TIROI2(3)|0|0.00
Z101_05_122023_MATURIN.CSV||MC#01|FONC FIXES|FILE101|ZZ1|0022|2024-01-05|16:23|0016|CR.TIROI2(4)|0|0.00
Z101_05_122023_MATURIN.CSV||MC#01|FONC FIXES|FILE101|ZZ1|0022|2024-01-05|16:23|0017|RETOUR CLE|35|19821.00
Z101_05_122023_MATURIN.CSV||MC#01|FONC FIXES|FILE101|ZZ1|0022|2024-01-05|16:23|0018|CLIENTS|-35|0.00
Z101_05_122023_MATURIN.CSV||MC#01|FONC FIXES|FILE101|ZZ1|0022|2024-01-05|16:23|0019|PANIER MOYEN|0|0.00
Z101_05_122023_MATURIN.CSV||MC#01|FONC FIXES|FILE101|ZZ1|0022|2024-01-05|16:23|0020|COMMISSION 1|0|0.00
Z101_05_122023_MATURIN.CSV||MC#01|FONC FIXES|FILE101|ZZ1|0022|2024-01-05|16:23|0021|COMMISSION 2|0|0.00
Z101_05_122023_MATURIN.CSV||MC#01|FONC FIXES|FILE101|ZZ1|0022|2024-01-05|16:23|0022|CHANGE ESP 1|0|0.00
Z101_05_122023_MATURIN.CSV||MC#01|FONC FIXES|FILE101|ZZ1|0022|2024-01-05|16:23|0023|CHANGE CHEQ1|0|0.00
Z101_05_122023_MATURIN.CSV||MC#01|FONC FIXES|FILE101|ZZ1|0022|2024-01-05|16:23|0024|CHANGE ESP 2|0|0.00
Z101_05_122023_MATURIN.CSV||MC#01|FONC FIXES|FILE101|ZZ1|0022|2024-01-05|16:23|0025|CHANGE CHEQ2|0|0.00
Z101_05_122023_MATURIN.CSV||MC#01|FONC FIXES|FILE101|ZZ1|0022|2024-01-05|16:23|0026|TOTAL REMISE|0|0.00
Z101_05_122023_MATURIN.CSV||MC#01|FONC FIXES|FILE101|ZZ1|0022|2024-01-05|16:23|0027||0|0.00
Z101_05_122023_MATURIN.CSV||MC#01|FONC FIXES|FILE101|ZZ1|0022|2024-01-05|16:23|0028|RETOUR+ANNUL|0|0.00
Z101_05_122023_MATURIN.CSV||MC#01|FONC FIXES|FILE101|ZZ1|0022|2024-01-05|16:23|0029|TL ARRONDI|0|0.00
Z101_05_122023_MATURIN.CSV||MC#01|FONC FIXES|FILE101|ZZ1|0022|2024-01-05|16:23|0030|TL ARRONDI|0|0.00
Z101_05_122023_MATURIN.CSV||MC#01|FONC FIXES|FILE101|ZZ1|0022|2024-01-05|16:23|0031|NUL TICKET|0|0.00
Z101_05_122023_MATURIN.CSV||MC#01|FONC FIXES|FILE101|ZZ1|0022|2024-01-05|16:23|0032||0|0.00
Z101_05_122023_MATURIN.CSV||MC#01|FONC FIXES|FILE101|ZZ1|0022|2024-01-05|16:23|0033|HORS TAXE 1|0|-16517.51
Z101_05_122023_MATURIN.CSV||MC#01|FONC FIXES|FILE101|ZZ1|0022|2024-01-05|16:23|0034|TVA 1|0|-3303.49
Z101_05_122023_MATURIN.CSV||MC#01|FONC FIXES|FILE101|ZZ1|0022|2024-01-05|16:23|0035|HORS TAXE 2|0|0.00
Z101_05_122023_MATURIN.CSV||MC#01|FONC FIXES|FILE101|ZZ1|0022|2024-01-05|16:23|0036|TVA 2|0|0.00
Z101_05_122023_MATURIN.CSV||MC#01|FONC FIXES|FILE101|ZZ1|0022|2024-01-05|16:23|0037|HORS TAXE 3|0|0.00
Z101_05_122023_MATURIN.CSV||MC#01|FONC FIXES|FILE101|ZZ1|0022|2024-01-05|16:23|0038|TVA 3|0|0.00
Z101_05_122023_MATURIN.CSV||MC#01|FONC FIXES|FILE101|ZZ1|0022|2024-01-05|16:23|0039|HORS TAXE 4|0|0.00
Z101_05_122023_MATURIN.CSV||MC#01|FONC FIXES|FILE101|ZZ1|0022|2024-01-05|16:23|0040|TVA 4|0|0.00
Z101_05_122023_MATURIN.CSV||MC#01|FONC FIXES|FILE101|ZZ1|0022|2024-01-05|16:23|0041|NON TAXABLE|0|0.00
Z101_06_112023_MATURIN.CSV||MC#01|FONC FIXES|FILE101|ZZ1|0021|2023-12-06|15:53|0001|CA BRUT|1088|345424.82
Z101_06_112023_MATURIN.CSV||MC#01|FONC FIXES|FILE101|ZZ1|0021|2023-12-06|15:53|0002|CA NET|443|345424.82
Z101_06_112023_MATURIN.CSV||MC#01|FONC FIXES|FILE101|ZZ1|0021|2023-12-06|15:53|0003|ESP.TIROIR|0|98982.74
Z101_06_112023_MATURIN.CSV||MC#01|FONC FIXES|FILE101|ZZ1|0021|2023-12-06|15:53|0004|CB.TIROIR|0|246113.08
Z101_06_112023_MATURIN.CSV||MC#01|FONC FIXES|FILE101|ZZ1|0021|2023-12-06|15:53|0005|CHQ.TIROIR|0|329.00
Z101_06_112023_MATURIN.CSV||MC#01|FONC FIXES|FILE101|ZZ1|0021|2023-12-06|15:53|0006|CR.TIROIR(1)|0|0.00
Z101_06_112023_MATURIN.CSV||MC#01|FONC FIXES|FILE101|ZZ1|0021|2023-12-06|15:53|0007|CR.TIROIR(2)|0|0.00
Z101_06_112023_MATURIN.CSV||MC#01|FONC FIXES|FILE101|ZZ1|0021|2023-12-06|15:53|0008|CR.TIROIR(3)|0|0.00
Z101_06_112023_MATURIN.CSV||MC#01|FONC FIXES|FILE101|ZZ1|0021|2023-12-06|15:53|0009|CR.TIROIR(4)|0|0.00
Z101_06_112023_MATURIN.CSV||MC#01|FONC FIXES|FILE101|ZZ1|0021|2023-12-06|15:53|0010|ESP.TIROIR2|0|0.00
Z101_06_112023_MATURIN.CSV||MC#01|FONC FIXES|FILE101|ZZ1|0021|2023-12-06|15:53|0011|CB.TIROIR2|0|0.00
Z101_06_112023_MATURIN.CSV||MC#01|FONC FIXES|FILE101|ZZ1|0021|2023-12-06|15:53|0012|CHQ.TIROIR2|0|0.00
Z101_06_112023_MATURIN.CSV||MC#01|FONC FIXES|FILE101|ZZ1|0021|2023-12-06|15:53|0013|CR.TIROI2(1)|0|0.00
Z101_06_112023_MATURIN.CSV||MC#01|FONC FIXES|FILE101|ZZ1|0021|2023-12-06|15:53|0014|CR.TIROI2(2)|0|0.00
Z101_06_112023_MATURIN.CSV||MC#01|FONC FIXES|FILE101|ZZ1|0021|2023-12-06|15:53|0015|CR.TIROI2(3)|0|0.00
Z101_06_112023_MATURIN.CSV||MC#01|FONC FIXES|FILE101|ZZ1|0021|2023-12-06|15:53|0016|CR.TIROI2(4)|0|0.00
Z101_06_112023_MATURIN.CSV||MC#01|FONC FIXES|FILE101|ZZ1|0021|2023-12-06|15:53|0017|RETOUR CLE|0|0.00
Z101_06_112023_MATURIN.CSV||MC#01|FONC FIXES|FILE101|ZZ1|0021|2023-12-06|15:53|0018|CLIENTS|443|0.00
Z101_06_112023_MATURIN.CSV||MC#01|FONC FIXES|FILE101|ZZ1|0021|2023-12-06|15:53|0019|PANIER MOYEN|0|0.00
Z101_06_112023_MATURIN.CSV||MC#01|FONC FIXES|FILE101|ZZ1|0021|2023-12-06|15:53|0020|COMMISSION 1|0|0.00
Z101_06_112023_MATURIN.CSV||MC#01|FONC FIXES|FILE101|ZZ1|0021|2023-12-06|15:53|0021|COMMISSION 2|0|0.00
Z101_06_112023_MATURIN.CSV||MC#01|FONC FIXES|FILE101|ZZ1|0021|2023-12-06|15:53|0022|CHANGE ESP 1|0|0.00
Z101_06_112023_MATURIN.CSV||MC#01|FONC FIXES|FILE101|ZZ1|0021|2023-12-06|15:53|0023|CHANGE CHEQ1|0|0.00
Z101_06_112023_MATURIN.CSV||MC#01|FONC FIXES|FILE101|ZZ1|0021|2023-12-06|15:53|0024|CHANGE ESP 2|0|0.00
Z101_06_112023_MATURIN.CSV||MC#01|FONC FIXES|FILE101|ZZ1|0021|2023-12-06|15:53|0025|CHANGE CHEQ2|0|0.00
Z101_06_112023_MATURIN.CSV||MC#01|FONC FIXES|FILE101|ZZ1|0021|2023-12-06|15:53|0026|TOTAL REMISE|0|0.00
Z101_06_112023_MATURIN.CSV||MC#01|FONC FIXES|FILE101|ZZ1|0021|2023-12-06|15:53|0027||0|0.00
Z101_06_112023_MATURIN.CSV||MC#01|FONC FIXES|FILE101|ZZ1|0021|2023-12-06|15:53|0028|RETOUR+ANNUL|0|0.00
Z101_06_112023_MATURIN.CSV||MC#01|FONC FIXES|FILE101|ZZ1|0021|2023-12-06|15:53|0029|TL ARRONDI|0|0.00
Z101_06_112023_MATURIN.CSV||MC#01|FONC FIXES|FILE101|ZZ1|0021|2023-12-06|15:53|0030|TL ARRONDI|0|0.00
Z101_06_112023_MATURIN.CSV||MC#01|FONC FIXES|FILE101|ZZ1|0021|2023-12-06|15:53|0031|NUL TICKET|0|0.00
Z101_06_112023_MATURIN.CSV||MC#01|FONC FIXES|FILE101|ZZ1|0021|2023-12-06|15:53|0032||0|0.00
Z101_06_112023_MATURIN.CSV||MC#01|FONC FIXES|FILE101|ZZ1|0021|2023-12-06|15:53|0033|HORS TAXE 1|0|287604.85
Z101_06_112023_MATURIN.CSV||MC#01|FONC FIXES|FILE101|ZZ1|0021|2023-12-06|15:53|0034|TVA 1|0|57520.97
Z101_06_112023_MATURIN.CSV||MC#01|FONC FIXES|FILE101|ZZ1|0021|2023-12-06|15:53|0035|HORS TAXE 2|0|0.00
Z101_06_112023_MATURIN.CSV||MC#01|FONC FIXES|FILE101|ZZ1|0021|2023-12-06|15:53|0036|TVA 2|0|0.00
Z101_06_112023_MATURIN.CSV||MC#01|FONC FIXES|FILE101|ZZ1|0021|2023-12-06|15:53|0037|HORS TAXE 3|0|0.00
Z101_06_112023_MATURIN.CSV||MC#01|FONC FIXES|FILE101|ZZ1|0021|2023-12-06|15:53|0038|TVA 3|0|0.00
Z101_06_112023_MATURIN.CSV||MC#01|FONC FIXES|FILE101|ZZ1|0021|2023-12-06|15:53|0039|HORS TAXE 4|0|0.00
Z101_06_112023_MATURIN.CSV||MC#01|FONC FIXES|FILE101|ZZ1|0021|2023-12-06|15:53|0040|TVA 4|0|0.00
Z101_06_112023_MATURIN.CSV||MC#01|FONC FIXES|FILE101|ZZ1|0021|2023-12-06|15:53|0041|NON TAXABLE|0|299.00
Z201_05A_122023_MATURIN.CSV||MC#01|FONC FIXES|FILE201|ZZ2|0009|2024-01-05|16:31|0001|CA BRUT|-68|-19821.00
Z201_05A_122023_MATURIN.CSV||MC#01|FONC FIXES|FILE201|ZZ2|0009|2024-01-05|16:31|0002|CA NET|35|-19821.00
Z201_05A_122023_MATURIN.CSV||MC#01|FONC FIXES|FILE201|ZZ2|0009|2024-01-05|16:31|0003|ESP.TIROIR|0|-11520.00
Z201_05A_122023_MATURIN.CSV||MC#01|FONC FIXES|FILE201|ZZ2|0009|2024-01-05|16:31|0004|CB.TIROIR|0|-8301.00
Z201_05A_122023_MATURIN.CSV||MC#01|FONC FIXES|FILE201|ZZ2|0009|2024-01-05|16:31|0005|CHQ.TIROIR|0|0.00
Z201_05A_122023_MATURIN.CSV||MC#01|FONC FIXES|FILE201|ZZ2|0009|2024-01-05|16:31|0006|CR.TIROIR(1)|0|0.00
Z201_05A_122023_MATURIN.CSV||MC#01|FONC FIXES|FILE201|ZZ2|0009|2024-01-05|16:31|0007|CR.TIROIR(2)|0|0.00
Z201_05A_122023_MATURIN.CSV||MC#01|FONC FIXES|FILE201|ZZ2|0009|2024-01-05|16:31|0008|CR.TIROIR(3)|0|0.00
Z201_05A_122023_MATURIN.CSV||MC#01|FONC FIXES|FILE201|ZZ2|0009|2024-01-05|16:31|0009|CR.TIROIR(4)|0|0.00
Z201_05A_122023_MATURIN.CSV||MC#01|FONC FIXES|FILE201|ZZ2|0009|2024-01-05|16:31|0010|ESP.TIROIR2|0|0.00
Z201_05A_122023_MATURIN.CSV||MC#01|FONC FIXES|FILE201|ZZ2|0009|2024-01-05|16:31|0011|CB.TIROIR2|0|0.00
Z201_05A_122023_MATURIN.CSV||MC#01|FONC FIXES|FILE201|ZZ2|0009|2024-01-05|16:31|0012|CHQ.TIROIR2|0|0.00
Z201_05A_122023_MATURIN.CSV||MC#01|FONC FIXES|FILE201|ZZ2|0009|2024-01-05|16:31|0013|CR.TIROI2(1)|0|0.00
Z201_05A_122023_MATURIN.CSV||MC#01|FONC FIXES|FILE201|ZZ2|0009|2024-01-05|16:31|0014|CR.TIROI2(2)|0|0.00
Z201_05A_122023_MATURIN.CSV||MC#01|FONC FIXES|FILE201|ZZ2|0009|2024-01-05|16:31|0015|CR.TIROI2(3)|0|0.00
Z201_05A_122023_MATURIN.CSV||MC#01|FONC FIXES|FILE201|ZZ2|0009|2024-01-05|16:31|0016|CR.TIROI2(4)|0|0.00
Z201_05A_122023_MATURIN.CSV||MC#01|FONC FIXES|FILE201|ZZ2|0009|2024-01-05|16:31|0017|RETOUR CLE|35|19821.00
Z201_05A_122023_MATURIN.CSV||MC#01|FONC FIXES|FILE201|ZZ2|0009|2024-01-05|16:31|0018|CLIENTS|-35|0.00
Z201_05A_122023_MATURIN.CSV||MC#01|FONC FIXES|FILE201|ZZ2|0009|2024-01-05|16:31|0019|PANIER MOYEN|0|0.00
Z201_05A_122023_MATURIN.CSV||MC#01|FONC FIXES|FILE201|ZZ2|0009|2024-01-05|16:31|0020|COMMISSION 1|0|0.00
Z201_05A_122023_MATURIN.CSV||MC#01|FONC FIXES|FILE201|ZZ2|0009|2024-01-05|16:31|0021|COMMISSION 2|0|0.00
Z201_05A_122023_MATURIN.CSV||MC#01|FONC FIXES|FILE201|ZZ2|0009|2024-01-05|16:31|0022|CHANGE ESP 1|0|0.00
Z201_05A_122023_MATURIN.CSV||MC#01|FONC FIXES|FILE201|ZZ2|0009|2024-01-05|16:31|0023|CHANGE CHEQ1|0|0.00
Z201_05A_122023_MATURIN.CSV||MC#01|FONC FIXES|FILE201|ZZ2|0009|2024-01-05|16:31|0024|CHANGE ESP 2|0|0.00
Z201_05A_122023_MATURIN.CSV||MC#01|FONC FIXES|FILE201|ZZ2|0009|2024-01-05|16:31|0025|CHANGE CHEQ2|0|0.00
Z201_05A_122023_MATURIN.CSV||MC#01|FONC FIXES|FILE201|ZZ2|0009|2024-01-05|16:31|0026|TOTAL REMISE|0|0.00
Z201_05A_122023_MATURIN.CSV||MC#01|FONC FIXES|FILE201|ZZ2|0009|2024-01-05|16:31|0027||0|0.00
Z201_05A_122023_MATURIN.CSV||MC#01|FONC FIXES|FILE201|ZZ2|0009|2024-01-05|16:31|0028|RETOUR+ANNUL|0|0.00
Z201_05A_122023_MATURIN.CSV||MC#01|FONC FIXES|FILE201|ZZ2|0009|2024-01-05|16:31|0029|TL ARRONDI|0|0.00
Z201_05A_122023_MATURIN.CSV||MC#01|FONC FIXES|FILE201|ZZ2|0009|2024-01-05|16:31|0030|TL ARRONDI|0|0.00
Z201_05A_122023_MATURIN.CSV||MC#01|FONC FIXES|FILE201|ZZ2|0009|2024-01-05|16:31|0031|NUL TICKET|0|0.00
Z201_05A_122023_MATURIN.CSV||MC#01|FONC FIXES|FILE201|ZZ2|0009|2024-01-05|16:31|0032||0|0.00
Z201_05A_122023_MATURIN.CSV||MC#01|FONC FIXES|FILE201|ZZ2|0009|2024-01-05|16:31|0033|HORS TAXE 1|0|-16517.51
Z201_05A_122023_MATURIN.CSV||MC#01|FONC FIXES|FILE201|ZZ2|0009|2024-01-05|16:31|0034|TVA 1|0|-3303.49
Z201_05A_122023_MATURIN.CSV||MC#01|FONC FIXES|FILE201|ZZ2|0009|2024-01-05|16:31|0035|HORS TAXE 2|0|0.00
Z201_05A_122023_MATURIN.CSV||MC#01|FONC FIXES|FILE201|ZZ2|0009|2024-01-05|16:31|0036|TVA 2|0|0.00
Z201_05A_122023_MATURIN.CSV||MC#01|FONC FIXES|FILE201|ZZ2|0009|2024-01-05|16:31|0037|HORS TAXE 3|0|0.00
Z201_05A_122023_MATURIN.CSV||MC#01|FONC FIXES|FILE201|ZZ2|0009|2024-01-05|16:31|0038|TVA 3|0|0.00
Z201_05A_122023_MATURIN.CSV||MC#01|FONC FIXES|FILE201|ZZ2|0009|2024-01-05|16:31|0039|HORS TAXE 4|0|0.00
Z201_05A_122023_MATURIN.CSV||MC#01|FONC FIXES|FILE201|ZZ2|0009|2024-01-05|16:31|0040|TVA 4|0|0.00
Z201_05A_122023_MATURIN.CSV||MC#01|FONC FIXES|FILE201|ZZ2|0009|2024-01-05|16:31|0041|NON TAXABLE|0|0.00
Z201_05B_122023_MATURIN.CSV||MC#01|FONC FIXES|FILE201|ZZ2|0010|2024-01-05|16:33|0001|CA BRUT|0|0.00
Z201_05B_122023_MATURIN.CSV||MC#01|FONC FIXES|FILE201|ZZ2|0010|2024-01-05|16:33|0002|CA NET|0|0.00
Z201_05B_122023_MATURIN.CSV||MC#01|FONC FIXES|FILE201|ZZ2|0010|2024-01-05|16:33|0003|ESP.TIROIR|0|0.00
Z201_05B_122023_MATURIN.CSV||MC#01|FONC FIXES|FILE201|ZZ2|0010|2024-01-05|16:33|0004|CB.TIROIR|0|0.00
Z201_05B_122023_MATURIN.CSV||MC#01|FONC FIXES|FILE201|ZZ2|0010|2024-01-05|16:33|0005|CHQ.TIROIR|0|0.00
Z201_05B_122023_MATURIN.CSV||MC#01|FONC FIXES|FILE201|ZZ2|0010|2024-01-05|16:33|0006|CR.TIROIR(1)|0|0.00
Z201_05B_122023_MATURIN.CSV||MC#01|FONC FIXES|FILE201|ZZ2|0010|2024-01-05|16:33|0007|CR.TIROIR(2)|0|0.00
Z201_05B_122023_MATURIN.CSV||MC#01|FONC FIXES|FILE201|ZZ2|0010|2024-01-05|16:33|0008|CR.TIROIR(3)|0|0.00
Z201_05B_122023_MATURIN.CSV||MC#01|FONC FIXES|FILE201|ZZ2|0010|2024-01-05|16:33|0009|CR.TIROIR(4)|0|0.00
Z201_05B_122023_MATURIN.CSV||MC#01|FONC FIXES|FILE201|ZZ2|0010|2024-01-05|16:33|0010|ESP.TIROIR2|0|0.00
Z201_05B_122023_MATURIN.CSV||MC#01|FONC FIXES|FILE201|ZZ2|0010|2024-01-05|16:33|0011|CB.TIROIR2|0|0.00
Z201_05B_122023_MATURIN.CSV||MC#01|FONC FIXES|FILE201|ZZ2|0010|2024-01-05|16:33|0012|CHQ.TIROIR2|0|0.00
Z201_05B_122023_MATURIN.CSV||MC#01|FONC FIXES|FILE201|ZZ2|0010|2024-01-05|16:33|0013|CR.TIROI2(1)|0|0.00
Z201_05B_122023_MATURIN.CSV||MC#01|FONC FIXES|FILE201|ZZ2|0010|2024-01-05|16:33|0014|CR.TIROI2(2)|0|0.00
Z201_05B_122023_MATURIN.CSV||MC#01|FONC FIXES|FILE201|ZZ2|0010|2024-01-05|16:33|0015|CR.TIROI2(3)|0|0.00
Z201_05B_122023_MATURIN.CSV||MC#01|FONC FIXES|FILE201|ZZ2|0010|2024-01-05|16:33|0016|CR.TIROI2(4)|0|0.00
Z201_05B_122023_MATURIN.CSV||MC#01|FONC FIXES|FILE201|ZZ2|0010|2024-01-05|16:33|0017|RETOUR CLE|0|0.00
Z201_05B_122023_MATURIN.CSV||MC#01|FONC FIXES|FILE201|ZZ2|0010|2024-01-05|16:33|0018|CLIENTS|0|0.00
Z201_05B_122023_MATURIN.CSV||MC#01|FONC FIXES|FILE201|ZZ2|0010|2024-01-05|16:33|0019|PANIER MOYEN|0|0.00
Z201_05B_122023_MATURIN.CSV||MC#01|FONC FIXES|FILE201|ZZ2|0010|2024-01-05|16:33|0020|COMMISSION 1|0|0.00
Z201_05B_122023_MATURIN.CSV||MC#01|FONC FIXES|FILE201|ZZ2|0010|2024-01-05|16:33|0021|COMMISSION 2|0|0.00
Z201_05B_122023_MATURIN.CSV||MC#01|FONC FIXES|FILE201|ZZ2|0010|2024-01-05|16:33|0022|CHANGE ESP 1|0|0.00
Z201_05B_122023_MATURIN.CSV||MC#01|FONC FIXES|FILE201|ZZ2|0010|2024-01-05|16:33|0023|CHANGE CHEQ1|0|0.00
Z201_05B_122023_MATURIN.CSV||MC#01|FONC FIXES|FILE201|ZZ2|0010|2024-01-05|16:33|0024|CHANGE ESP 2|0|0.00
Z201_05B_122023_MATURIN.CSV||MC#01|FONC FIXES|FILE201|ZZ2|0010|2024-01-05|16:33|0025|CHANGE CHEQ2|0|0.00
Z201_05B_122023_MATURIN.CSV||MC#01|FONC FIXES|FILE201|ZZ2|0010|2024-01-05|16:33|0026|TOTAL REMISE|0|0.00
Z201_05B_122023_MATURIN.CSV||MC#01|FONC FIXES|FILE201|ZZ2|0010|2024-01-05|16:33|0027||0|0.00
Z201_05B_122023_MATURIN.CSV||MC#01|FONC FIXES|FILE201|ZZ2|0010|2024-01-05|16:33|0028|RETOUR+ANNUL|0|0.00
Z201_05B_122023_MATURIN.CSV||MC#01|FONC FIXES|FILE201|ZZ2|0010|2024-01-05|16:33|0029|TL ARRONDI|0|0.00
Z201_05B_122023_MATURIN.CSV||MC#01|FONC FIXES|FILE201|ZZ2|0010|2024-01-05|16:33|0030|TL ARRONDI|0|0.00
Z201_05B_122023_MATURIN.CSV||MC#01|FONC FIXES|FILE201|ZZ2|0010|2024-01-05|16:33|0031|NUL TICKET|0|0.00
Z201_05B_122023_MATURIN.CSV||MC#01|FONC FIXES|FILE201|ZZ2|0010|2024-01-05|16:33|0032||0|0.00
Z201_05B_122023_MATURIN.CSV||MC#01|FONC FIXES|FILE201|ZZ2|0010|2024-01-05|16:33|0033|HORS TAXE 1|0|0.00
Z201_05B_122023_MATURIN.CSV||MC#01|FONC FIXES|FILE201|ZZ2|0010|2024-01-05|16:33|0034|TVA 1|0|0.00
Z201_05B_122023_MATURIN.CSV||MC#01|FONC FIXES|FILE201|ZZ2|0010|2024-01-05|16:33|0035|HORS TAXE 2|0|0.00
Z201_05B_122023_MATURIN.CSV||MC#01|FONC FIXES|FILE201|ZZ2|0010|2024-01-05|16:33|0036|TVA 2|0|0.00
Z201_05B_122023_MATURIN.CSV||MC#01|FONC FIXES|FILE201|ZZ2|0010|2024-01-05|16:33|0037|HORS TAXE 3|0|0.00
Z201_05B_122023_MATURIN.CSV||MC#01|FONC FIXES|FILE201|ZZ2|0010|2024-01-05|16:33|0038|TVA 3|0|0.00
Z201_05B_122023_MATURIN.CSV||MC#01|FONC FIXES|FILE201|ZZ2|0010|2024-01-05|16:33|0039|HORS TAXE 4|0|0.00
Z201_05B_122023_MATURIN.CSV||MC#01|FONC FIXES|FILE201|ZZ2|0010|2024-01-05|16:33|0040|TVA 4|0|0.00
Z201_05B_122023_MATURIN.CSV||MC#01|FONC FIXES|FILE201|ZZ2|0010|2024-01-05|16:33|0041|NON TAXABLE|0|0.00
Z201_06A_112023_MATURIN.CSV||MC#01|FONC FIXES|FILE201|ZZ2|0008|2023-12-06|15:53|0001|CA BRUT|1681|482002.92
Z201_06A_112023_MATURIN.CSV||MC#01|FONC FIXES|FILE201|ZZ2|0008|2023-12-06|15:53|0002|CA NET|694|482002.92
Z201_06A_112023_MATURIN.CSV||MC#01|FONC FIXES|FILE201|ZZ2|0008|2023-12-06|15:53|0003|ESP.TIROIR|0|160130.74
Z201_06A_112023_MATURIN.CSV||MC#01|FONC FIXES|FILE201|ZZ2|0008|2023-12-06|15:53|0004|CB.TIROIR|0|321543.18
Z201_06A_112023_MATURIN.CSV||MC#01|FONC FIXES|FILE201|ZZ2|0008|2023-12-06|15:53|0005|CHQ.TIROIR|0|329.00
Z201_06A_112023_MATURIN.CSV||MC#01|FONC FIXES|FILE201|ZZ2|0008|2023-12-06|15:53|0006|CR.TIROIR(1)|0|0.00
Z201_06A_112023_MATURIN.CSV||MC#01|FONC FIXES|FILE201|ZZ2|0008|2023-12-06|15:53|0007|CR.TIROIR(2)|0|0.00
Z201_06A_112023_MATURIN.CSV||MC#01|FONC FIXES|FILE201|ZZ2|0008|2023-12-06|15:53|0008|CR.TIROIR(3)|0|0.00
Z201_06A_112023_MATURIN.CSV||MC#01|FONC FIXES|FILE201|ZZ2|0008|2023-12-06|15:53|0009|CR.TIROIR(4)|0|0.00
Z201_06A_112023_MATURIN.CSV||MC#01|FONC FIXES|FILE201|ZZ2|0008|2023-12-06|15:53|0010|ESP.TIROIR2|0|0.00
Z201_06A_112023_MATURIN.CSV||MC#01|FONC FIXES|FILE201|ZZ2|0008|2023-12-06|15:53|0011|CB.TIROIR2|0|0.00
Z201_06A_112023_MATURIN.CSV||MC#01|FONC FIXES|FILE201|ZZ2|0008|2023-12-06|15:53|0012|CHQ.TIROIR2|0|0.00
Z201_06A_112023_MATURIN.CSV||MC#01|FONC FIXES|FILE201|ZZ2|0008|2023-12-06|15:53|0013|CR.TIROI2(1)|0|0.00
Z201_06A_112023_MATURIN.CSV||MC#01|FONC FIXES|FILE201|ZZ2|0008|2023-12-06|15:53|0014|CR.TIROI2(2)|0|0.00
Z201_06A_112023_MATURIN.CSV||MC#01|FONC FIXES|FILE201|ZZ2|0008|2023-12-06|15:53|0015|CR.TIROI2(3)|0|0.00
Z201_06A_112023_MATURIN.CSV||MC#01|FONC FIXES|FILE201|ZZ2|0008|2023-12-06|15:53|0016|CR.TIROI2(4)|0|0.00
Z201_06A_112023_MATURIN.CSV||MC#01|FONC FIXES|FILE201|ZZ2|0008|2023-12-06|15:53|0017|RETOUR CLE|5|3977.00
Z201_06A_112023_MATURIN.CSV||MC#01|FONC FIXES|FILE201|ZZ2|0008|2023-12-06|15:53|0018|CLIENTS|684|0.00
Z201_06A_112023_MATURIN.CSV||MC#01|FONC FIXES|FILE201|ZZ2|0008|2023-12-06|15:53|0019|PANIER MOYEN|0|0.00
Z201_06A_112023_MATURIN.CSV||MC#01|FONC FIXES|FILE201|ZZ2|0008|2023-12-06|15:53|0020|COMMISSION 1|0|0.00
Z201_06A_112023_MATURIN.CSV||MC#01|FONC FIXES|FILE201|ZZ2|0008|2023-12-06|15:53|0021|COMMISSION 2|0|0.00
Z201_06A_112023_MATURIN.CSV||MC#01|FONC FIXES|FILE201|ZZ2|0008|2023-12-06|15:53|0022|CHANGE ESP 1|0|0.00
Z201_06A_112023_MATURIN.CSV||MC#01|FONC FIXES|FILE201|ZZ2|0008|2023-12-06|15:53|0023|CHANGE CHEQ1|0|0.00
Z201_06A_112023_MATURIN.CSV||MC#01|FONC FIXES|FILE201|ZZ2|0008|2023-12-06|15:53|0024|CHANGE ESP 2|0|0.00
Z201_06A_112023_MATURIN.CSV||MC#01|FONC FIXES|FILE201|ZZ2|0008|2023-12-06|15:53|0025|CHANGE CHEQ2|0|0.00
Z201_06A_112023_MATURIN.CSV||MC#01|FONC FIXES|FILE201|ZZ2|0008|2023-12-06|15:53|0026|TOTAL REMISE|0|0.00
Z201_06A_112023_MATURIN.CSV||MC#01|FONC FIXES|FILE201|ZZ2|0008|2023-12-06|15:53|0027||0|0.00
Z201_06A_112023_MATURIN.CSV||MC#01|FONC FIXES|FILE201|ZZ2|0008|2023-12-06|15:53|0028|RETOUR+ANNUL|0|0.00
Z201_06A_112023_MATURIN.CSV||MC#01|FONC FIXES|FILE201|ZZ2|0008|2023-12-06|15:53|0029|TL ARRONDI|0|0.00
Z201_06A_112023_MATURIN.CSV||MC#01|FONC FIXES|FILE201|ZZ2|0008|2023-12-06|15:53|0030|TL ARRONDI|0|0.00
Z201_06A_112023_MATURIN.CSV||MC#01|FONC FIXES|FILE201|ZZ2|0008|2023-12-06|15:53|0031|NUL TICKET|0|0.00
Z201_06A_112023_MATURIN.CSV||MC#01|FONC FIXES|FILE201|ZZ2|0008|2023-12-06|15:53|0032||0|0.00
Z201_06A_112023_MATURIN.CSV||MC#01|FONC FIXES|FILE201|ZZ2|0008|2023-12-06|15:53|0033|HORS TAXE 1|0|401419.87
Z201_06A_112023_MATURIN.CSV||MC#01|FONC FIXES|FILE201|ZZ2|0008|2023-12-06|15:53|0034|TVA 1|0|80284.05
Z201_06A_112023_MATURIN.CSV||MC#01|FONC FIXES|FILE201|ZZ2|0008|2023-12-06|15:53|0035|HORS TAXE 2|0|0.00
Z201_06A_112023_MATURIN.CSV||MC#01|FONC FIXES|FILE201|ZZ2|0008|2023-12-06|15:53|0036|TVA 2|0|0.00
Z201_06A_112023_MATURIN.CSV||MC#01|FONC FIXES|FILE201|ZZ2|0008|2023-12-06|15:53|0037|HORS TAXE 3|0|0.00
Z201_06A_112023_MATURIN.CSV||MC#01|FONC FIXES|FILE201|ZZ2|0008|2023-12-06|15:53|0038|TVA 3|0|0.00
Z201_06A_112023_MATURIN.CSV||MC#01|FONC FIXES|FILE201|ZZ2|0008|2023-12-06|15:53|0039|HORS TAXE 4|0|0.00
Z201_06A_112023_MATURIN.CSV||MC#01|FONC FIXES|FILE201|ZZ2|0008|2023-12-06|15:53|0040|TVA 4|0|0.00
Z201_06A_112023_MATURIN.CSV||MC#01|FONC FIXES|FILE201|ZZ2|0008|2023-12-06|15:53|0041|NON TAXABLE|0|299.00
